{
"type": "FeatureCollection",
"name": "congress",
"crs": { "type": "name", "properties": { "name": "urn:ogc:def:crs:OGC:1.3:CRS84" } },
"xy_coordinate_resolution": 1e-06,
"features": [
{ "type": "Feature", "properties": { "OBJECTID_1": 20, "District": 20, "USCONGR": "Texas District 20", "WEBSITE": "https://www.house.gov/representatives#state-texas", "Shape__Area": 4709114116.828125, "Shape__Length": 637939.65480495337, "OBJECTID_2": 1, "ID": 1, "FIPSSTCO": "48029", "NAME": "Bexar County", "ICOMAPATTR": "x", "SHAPESTArea": 35025204908.119141, "SHAPESTLength": 923728.01036523399 }, "geometry": { "type": "Polygon", "coordinates": [ [ [ -98.486903, 29.379638 ], [ -98.487903, 29.380438 ], [ -98.489648, 29.380414 ], [ -98.489457, 29.379779 ], [ -98.490123, 29.379797 ], [ -98.490865, 29.380011 ], [ -98.494, 29.38182 ], [ -98.496087, 29.383252 ], [ -98.496892, 29.383027 ], [ -98.501998, 29.383 ], [ -98.502228, 29.3836 ], [ -98.504204, 29.383601 ], [ -98.504238, 29.383182 ], [ -98.507138, 29.383132 ], [ -98.50713, 29.382409 ], [ -98.527524, 29.382295 ], [ -98.52852, 29.381145 ], [ -98.541955, 29.382334 ], [ -98.542089, 29.382618 ], [ -98.54267, 29.38317 ], [ -98.543702, 29.383616 ], [ -98.544078, 29.383656 ], [ -98.549047, 29.384094 ], [ -98.54994, 29.383951 ], [ -98.551103, 29.383451 ], [ -98.551084, 29.38381 ], [ -98.552117, 29.38372 ], [ -98.550831, 29.385244 ], [ -98.550507, 29.387393 ], [ -98.552759, 29.386339 ], [ -98.553411, 29.385889 ], [ -98.557263, 29.384239 ], [ -98.559609, 29.384472 ], [ -98.559616, 29.384233 ], [ -98.561523, 29.384417 ], [ -98.56136, 29.385622 ], [ -98.563302, 29.385855 ], [ -98.563082, 29.38697 ], [ -98.562862, 29.38902 ], [ -98.56257, 29.389154 ], [ -98.561005, 29.388966 ], [ -98.560886, 29.389511 ], [ -98.563795, 29.389702 ], [ -98.563621, 29.391146 ], [ -98.56344, 29.391273 ], [ -98.562713, 29.397056 ], [ -98.562393, 29.398762 ], [ -98.566701, 29.399148 ], [ -98.566899, 29.398751 ], [ -98.567786, 29.398736 ], [ -98.567739, 29.399069 ], [ -98.570456, 29.39933 ], [ -98.570952, 29.399035 ], [ -98.573594, 29.399289 ], [ -98.573515, 29.399917 ], [ -98.583988, 29.400956 ], [ -98.584393, 29.401296 ], [ -98.58472, 29.402118 ], [ -98.584264, 29.404545 ], [ -98.584247, 29.406968 ], [ -98.585892, 29.407023 ], [ -98.587831, 29.407254 ], [ -98.587817, 29.408866 ], [ -98.596422, 29.408036 ], [ -98.599669, 29.407842 ], [ -98.599623, 29.426653 ], [ -98.599738, 29.439329 ], [ -98.599926, 29.439828 ], [ -98.600286, 29.440184 ], [ -98.600694, 29.440375 ], [ -98.601959, 29.440653 ], [ -98.602286, 29.440874 ], [ -98.602608, 29.441341 ], [ -98.602703, 29.441907 ], [ -98.602671, 29.44859 ], [ -98.604131, 29.449073 ], [ -98.610308, 29.452401 ], [ -98.611043, 29.452679 ], [ -98.611905, 29.452748 ], [ -98.614524, 29.452515 ], [ -98.621668, 29.449742 ], [ -98.622597, 29.449539 ], [ -98.623409, 29.449497 ], [ -98.624337, 29.449606 ], [ -98.625462, 29.449995 ], [ -98.630366, 29.453283 ], [ -98.631206, 29.452137 ], [ -98.635677, 29.446763 ], [ -98.636649, 29.447381 ], [ -98.636931, 29.447663 ], [ -98.637042, 29.447939 ], [ -98.637096, 29.448603 ], [ -98.636782, 29.451349 ], [ -98.636914, 29.451943 ], [ -98.637494, 29.453134 ], [ -98.646902, 29.449524 ], [ -98.646294, 29.448403 ], [ -98.645493, 29.447529 ], [ -98.644713, 29.447003 ], [ -98.64311, 29.446295 ], [ -98.642354, 29.445809 ], [ -98.641529, 29.445068 ], [ -98.640311, 29.443661 ], [ -98.635964, 29.44082 ], [ -98.635326, 29.440293 ], [ -98.630173, 29.433445 ], [ -98.628635, 29.433981 ], [ -98.626795, 29.434247 ], [ -98.62546, 29.434216 ], [ -98.61985, 29.433687 ], [ -98.619833, 29.433287 ], [ -98.618966, 29.432827 ], [ -98.618727, 29.432578 ], [ -98.618965, 29.431576 ], [ -98.619261, 29.431345 ], [ -98.619625, 29.431258 ], [ -98.619795, 29.431082 ], [ -98.616808, 29.428899 ], [ -98.616293, 29.428678 ], [ -98.615797, 29.428641 ], [ -98.615048, 29.428201 ], [ -98.613891, 29.427756 ], [ -98.612867, 29.427211 ], [ -98.612307, 29.426754 ], [ -98.611446, 29.425567 ], [ -98.611049, 29.424379 ], [ -98.610221, 29.422894 ], [ -98.61052, 29.420221 ], [ -98.610904, 29.419635 ], [ -98.611495, 29.419604 ], [ -98.611738, 29.419906 ], [ -98.611915, 29.419927 ], [ -98.612781, 29.419174 ], [ -98.614903, 29.419033 ], [ -98.615891, 29.418797 ], [ -98.616809, 29.418858 ], [ -98.617777, 29.4191 ], [ -98.618305, 29.419034 ], [ -98.619059, 29.418472 ], [ -98.619768, 29.417459 ], [ -98.620302, 29.415561 ], [ -98.620144, 29.414802 ], [ -98.620181, 29.413961 ], [ -98.619797, 29.41301 ], [ -98.61932, 29.412607 ], [ -98.619275, 29.4122 ], [ -98.619118, 29.412112 ], [ -98.618703, 29.412255 ], [ -98.617823, 29.411849 ], [ -98.617139, 29.411666 ], [ -98.616328, 29.411657 ], [ -98.615794, 29.411559 ], [ -98.615134, 29.411602 ], [ -98.612212, 29.411934 ], [ -98.611144, 29.412236 ], [ -98.610666, 29.412026 ], [ -98.60912, 29.411988 ], [ -98.608869, 29.411726 ], [ -98.608593, 29.410833 ], [ -98.608215, 29.410376 ], [ -98.607794, 29.408871 ], [ -98.607183, 29.407379 ], [ -98.607082, 29.406539 ], [ -98.630637, 29.402054 ], [ -98.652861, 29.396523 ], [ -98.670015, 29.38974 ], [ -98.670292, 29.390299 ], [ -98.670646, 29.390535 ], [ -98.67295, 29.389651 ], [ -98.674442, 29.389188 ], [ -98.694071, 29.384482 ], [ -98.694263, 29.384262 ], [ -98.697456, 29.38348 ], [ -98.69836, 29.383432 ], [ -98.698557, 29.383639 ], [ -98.698837, 29.383716 ], [ -98.69913, 29.383682 ], [ -98.699497, 29.383849 ], [ -98.700265, 29.384562 ], [ -98.701244, 29.384478 ], [ -98.702553, 29.395392 ], [ -98.702847, 29.396886 ], [ -98.703472, 29.398333 ], [ -98.70863, 29.406192 ], [ -98.709337, 29.407861 ], [ -98.710248, 29.407703 ], [ -98.710253, 29.406932 ], [ -98.721183, 29.406999 ], [ -98.72661, 29.406921 ], [ -98.726624, 29.409168 ], [ -98.72639, 29.409582 ], [ -98.726466, 29.410099 ], [ -98.726403, 29.415716 ], [ -98.726202, 29.415903 ], [ -98.725892, 29.415962 ], [ -98.720569, 29.415965 ], [ -98.720527, 29.417507 ], [ -98.720105, 29.417508 ], [ -98.719967, 29.433518 ], [ -98.71863, 29.433857 ], [ -98.71909, 29.435144 ], [ -98.719611, 29.435711 ], [ -98.72168, 29.436359 ], [ -98.722971, 29.436401 ], [ -98.722985, 29.437864 ], [ -98.722865, 29.439116 ], [ -98.723727, 29.43912 ], [ -98.723723, 29.43975 ], [ -98.724583, 29.440026 ], [ -98.724731, 29.440268 ], [ -98.724715, 29.440541 ], [ -98.726002, 29.441141 ], [ -98.725192, 29.442154 ], [ -98.72414, 29.441633 ], [ -98.723682, 29.441557 ], [ -98.723693, 29.440694 ], [ -98.722828, 29.440629 ], [ -98.722789, 29.442599 ], [ -98.724551, 29.442663 ], [ -98.725763, 29.443595 ], [ -98.726362, 29.443069 ], [ -98.726706, 29.443368 ], [ -98.727674, 29.442494 ], [ -98.726397, 29.441404 ], [ -98.727924, 29.440116 ], [ -98.729155, 29.441209 ], [ -98.729722, 29.440512 ], [ -98.730203, 29.440842 ], [ -98.730503, 29.441363 ], [ -98.730864, 29.441636 ], [ -98.730971, 29.441679 ], [ -98.731079, 29.441517 ], [ -98.731372, 29.441363 ], [ -98.731828, 29.441395 ], [ -98.73214, 29.441725 ], [ -98.732191, 29.442496 ], [ -98.732356, 29.442981 ], [ -98.73315, 29.444087 ], [ -98.733577, 29.444428 ], [ -98.734681, 29.444687 ], [ -98.734966, 29.445095 ], [ -98.734867, 29.445576 ], [ -98.734457, 29.445891 ], [ -98.733941, 29.445916 ], [ -98.733248, 29.445629 ], [ -98.732875, 29.445738 ], [ -98.732625, 29.446008 ], [ -98.733306, 29.446336 ], [ -98.734999, 29.447833 ], [ -98.737795, 29.445457 ], [ -98.741629, 29.441978 ], [ -98.740658, 29.441107 ], [ -98.741697, 29.441268 ], [ -98.742403, 29.44092 ], [ -98.742833, 29.44163 ], [ -98.744641, 29.442232 ], [ -98.745766, 29.442299 ], [ -98.746514, 29.44209 ], [ -98.747246, 29.441645 ], [ -98.74839, 29.440606 ], [ -98.748577, 29.440602 ], [ -98.748577, 29.439754 ], [ -98.74919, 29.439628 ], [ -98.752124, 29.445556 ], [ -98.757827, 29.46042 ], [ -98.758352, 29.461312 ], [ -98.756052, 29.462633 ], [ -98.754392, 29.462741 ], [ -98.751853, 29.462408 ], [ -98.749593, 29.461798 ], [ -98.743299, 29.459877 ], [ -98.740879, 29.459667 ], [ -98.73771, 29.460083 ], [ -98.725426, 29.462795 ], [ -98.723016, 29.463608 ], [ -98.720757, 29.464757 ], [ -98.719109, 29.465343 ], [ -98.716972, 29.465625 ], [ -98.715215, 29.465598 ], [ -98.715031, 29.468046 ], [ -98.725337, 29.465577 ], [ -98.725697, 29.46647 ], [ -98.725532, 29.466442 ], [ -98.724308, 29.466741 ], [ -98.72414, 29.466943 ], [ -98.724069, 29.471499 ], [ -98.722913, 29.471795 ], [ -98.722484, 29.472055 ], [ -98.720216, 29.472617 ], [ -98.720002, 29.474466 ], [ -98.72018, 29.474957 ], [ -98.720169, 29.475586 ], [ -98.721516, 29.475595 ], [ -98.722466, 29.475382 ], [ -98.72294, 29.476895 ], [ -98.72353, 29.476749 ], [ -98.723776, 29.477375 ], [ -98.724437, 29.478177 ], [ -98.726801, 29.479614 ], [ -98.724785, 29.481605 ], [ -98.724054, 29.482701 ], [ -98.723694, 29.483765 ], [ -98.723599, 29.484507 ], [ -98.723672, 29.485432 ], [ -98.723878, 29.486186 ], [ -98.723025, 29.486369 ], [ -98.720845, 29.486626 ], [ -98.718217, 29.486559 ], [ -98.715671, 29.486113 ], [ -98.713388, 29.485359 ], [ -98.713177, 29.485851 ], [ -98.714406, 29.48628 ], [ -98.713992, 29.487271 ], [ -98.709657, 29.495982 ], [ -98.713616, 29.497593 ], [ -98.727967, 29.502932 ], [ -98.726643, 29.505573 ], [ -98.723112, 29.502582 ], [ -98.721529, 29.505725 ], [ -98.720034, 29.505139 ], [ -98.718929, 29.507311 ], [ -98.710472, 29.504081 ], [ -98.708806, 29.507443 ], [ -98.699948, 29.503992 ], [ -98.679621, 29.503981 ], [ -98.679571, 29.501648 ], [ -98.679181, 29.500234 ], [ -98.678885, 29.499761 ], [ -98.678712, 29.498791 ], [ -98.673413, 29.498791 ], [ -98.673414, 29.49911 ], [ -98.672748, 29.499175 ], [ -98.665498, 29.499142 ], [ -98.66403, 29.499572 ], [ -98.662366, 29.499577 ], [ -98.662413, 29.519024 ], [ -98.638307, 29.519152 ], [ -98.637319, 29.519236 ], [ -98.635676, 29.519725 ], [ -98.634576, 29.520199 ], [ -98.633477, 29.520933 ], [ -98.633086, 29.520761 ], [ -98.631955, 29.52068 ], [ -98.630528, 29.519854 ], [ -98.629474, 29.51959 ], [ -98.618177, 29.519607 ], [ -98.618836, 29.518755 ], [ -98.618188, 29.51839 ], [ -98.617744, 29.518853 ], [ -98.61737, 29.519064 ], [ -98.61748, 29.51947 ], [ -98.617362, 29.520455 ], [ -98.617385, 29.523042 ], [ -98.610919, 29.523066 ], [ -98.610328, 29.522914 ], [ -98.609365, 29.522378 ], [ -98.608969, 29.522305 ], [ -98.605903, 29.522781 ], [ -98.605078, 29.522683 ], [ -98.604841, 29.522904 ], [ -98.604509, 29.523018 ], [ -98.600469, 29.523675 ], [ -98.600126, 29.523496 ], [ -98.589037, 29.534593 ], [ -98.589834, 29.535181 ], [ -98.589853, 29.53529 ], [ -98.58998, 29.544833 ], [ -98.589432, 29.544812 ], [ -98.588991, 29.54467 ], [ -98.587328, 29.543671 ], [ -98.586741, 29.54312 ], [ -98.586538, 29.543263 ], [ -98.586407, 29.543593 ], [ -98.581552, 29.543667 ], [ -98.577433, 29.535842 ], [ -98.576957, 29.53467 ], [ -98.57562, 29.52821 ], [ -98.575031, 29.526132 ], [ -98.568355, 29.532719 ], [ -98.56803, 29.532931 ], [ -98.567635, 29.53301 ], [ -98.567248, 29.532948 ], [ -98.56689, 29.53274 ], [ -98.563701, 29.529643 ], [ -98.564963, 29.528391 ], [ -98.563574, 29.527274 ], [ -98.563393, 29.526798 ], [ -98.56343, 29.526129 ], [ -98.560261, 29.525904 ], [ -98.559745, 29.526096 ], [ -98.558457, 29.526975 ], [ -98.557583, 29.525998 ], [ -98.556887, 29.524908 ], [ -98.556111, 29.523014 ], [ -98.555893, 29.523062 ], [ -98.55216, 29.510088 ], [ -98.55165, 29.508567 ], [ -98.550337, 29.50559 ], [ -98.548971, 29.500828 ], [ -98.54627, 29.504731 ], [ -98.544485, 29.506725 ], [ -98.543028, 29.508113 ], [ -98.541337, 29.509163 ], [ -98.537593, 29.51062 ], [ -98.534777, 29.511592 ], [ -98.533593, 29.512146 ], [ -98.532051, 29.513304 ], [ -98.530138, 29.514931 ], [ -98.52932, 29.515515 ], [ -98.527934, 29.516306 ], [ -98.518243, 29.50984 ], [ -98.507957, 29.503184 ], [ -98.506048, 29.501825 ], [ -98.491732, 29.492325 ], [ -98.491719, 29.4808 ], [ -98.49222, 29.480018 ], [ -98.492278, 29.468166 ], [ -98.47674, 29.468154 ], [ -98.476719, 29.469788 ], [ -98.477187, 29.470595 ], [ -98.474171, 29.473516 ], [ -98.472846, 29.472584 ], [ -98.471836, 29.472148 ], [ -98.471019, 29.471477 ], [ -98.469813, 29.470224 ], [ -98.469362, 29.470224 ], [ -98.469197, 29.470146 ], [ -98.468853, 29.469617 ], [ -98.468838, 29.469157 ], [ -98.468199, 29.46884 ], [ -98.467359, 29.468266 ], [ -98.46756, 29.467523 ], [ -98.468037, 29.467209 ], [ -98.468257, 29.466907 ], [ -98.468348, 29.465789 ], [ -98.4637, 29.465758 ], [ -98.46484, 29.464054 ], [ -98.460904, 29.464088 ], [ -98.4609, 29.461151 ], [ -98.455674, 29.461172 ], [ -98.455119, 29.460957 ], [ -98.45511, 29.460618 ], [ -98.45497, 29.460445 ], [ -98.455255, 29.459987 ], [ -98.455667, 29.458332 ], [ -98.45607, 29.457858 ], [ -98.455915, 29.457699 ], [ -98.45588, 29.457418 ], [ -98.456353, 29.455482 ], [ -98.456551, 29.455213 ], [ -98.4566, 29.45459 ], [ -98.466982, 29.45472 ], [ -98.467005, 29.451692 ], [ -98.473483, 29.451704 ], [ -98.47383, 29.451222 ], [ -98.474126, 29.45042 ], [ -98.470312, 29.450424 ], [ -98.470312, 29.449379 ], [ -98.472306, 29.449375 ], [ -98.4723, 29.448802 ], [ -98.474685, 29.448822 ], [ -98.474927, 29.448124 ], [ -98.472295, 29.44813 ], [ -98.472289, 29.447159 ], [ -98.475052, 29.44726 ], [ -98.474597, 29.446096 ], [ -98.475253, 29.444267 ], [ -98.473972, 29.444036 ], [ -98.470288, 29.444014 ], [ -98.470293, 29.44316 ], [ -98.460944, 29.443185 ], [ -98.460942, 29.441586 ], [ -98.45504, 29.441588 ], [ -98.455043, 29.444933 ], [ -98.448868, 29.444918 ], [ -98.448718, 29.444809 ], [ -98.446257, 29.444629 ], [ -98.445001, 29.442337 ], [ -98.446595, 29.442512 ], [ -98.446617, 29.439624 ], [ -98.444616, 29.439865 ], [ -98.443676, 29.440067 ], [ -98.441141, 29.440895 ], [ -98.435138, 29.449657 ], [ -98.434006, 29.451133 ], [ -98.430277, 29.454989 ], [ -98.429336, 29.455664 ], [ -98.428037, 29.456406 ], [ -98.415598, 29.456488 ], [ -98.413987, 29.45643 ], [ -98.413226, 29.457167 ], [ -98.412756, 29.457928 ], [ -98.409015, 29.465324 ], [ -98.409123, 29.465804 ], [ -98.409595, 29.466078 ], [ -98.414348, 29.466098 ], [ -98.414305, 29.469397 ], [ -98.414133, 29.469757 ], [ -98.412772, 29.471187 ], [ -98.411791, 29.472942 ], [ -98.411085, 29.474757 ], [ -98.410425, 29.475851 ], [ -98.410243, 29.476386 ], [ -98.410185, 29.478241 ], [ -98.411007, 29.478364 ], [ -98.417651, 29.478402 ], [ -98.417688, 29.481229 ], [ -98.420149, 29.481249 ], [ -98.420161, 29.484589 ], [ -98.420535, 29.48487 ], [ -98.428229, 29.484858 ], [ -98.431202, 29.484677 ], [ -98.442198, 29.484657 ], [ -98.442155, 29.489792 ], [ -98.427977, 29.496399 ], [ -98.425027, 29.497924 ], [ -98.421186, 29.50037 ], [ -98.420786, 29.501402 ], [ -98.42032, 29.502034 ], [ -98.418496, 29.503409 ], [ -98.41703, 29.505032 ], [ -98.416187, 29.505461 ], [ -98.415558, 29.506072 ], [ -98.415313, 29.506523 ], [ -98.415332, 29.506781 ], [ -98.41552, 29.507177 ], [ -98.415917, 29.507629 ], [ -98.415841, 29.507964 ], [ -98.416011, 29.508344 ], [ -98.415998, 29.508553 ], [ -98.41591, 29.508828 ], [ -98.415186, 29.509917 ], [ -98.415381, 29.510288 ], [ -98.416259, 29.510278 ], [ -98.416048, 29.511326 ], [ -98.416934, 29.513802 ], [ -98.417211, 29.515232 ], [ -98.4175, 29.515584 ], [ -98.417744, 29.516117 ], [ -98.40596, 29.516057 ], [ -98.404356, 29.516115 ], [ -98.402978, 29.516392 ], [ -98.401172, 29.517288 ], [ -98.398526, 29.519414 ], [ -98.394721, 29.521716 ], [ -98.394599, 29.521826 ], [ -98.394156, 29.523452 ], [ -98.391823, 29.52351 ], [ -98.391507, 29.52338 ], [ -98.39028, 29.524319 ], [ -98.39014, 29.524283 ], [ -98.391371, 29.523383 ], [ -98.391782, 29.522954 ], [ -98.391452, 29.522812 ], [ -98.391946, 29.522389 ], [ -98.393466, 29.520677 ], [ -98.394239, 29.519508 ], [ -98.395255, 29.517618 ], [ -98.395845, 29.515997 ], [ -98.396379, 29.513939 ], [ -98.39711, 29.510277 ], [ -98.393568, 29.510212 ], [ -98.372183, 29.510317 ], [ -98.371623, 29.510408 ], [ -98.366327, 29.512054 ], [ -98.365758, 29.512074 ], [ -98.36581, 29.511427 ], [ -98.366191, 29.511195 ], [ -98.366375, 29.511543 ], [ -98.366634, 29.511452 ], [ -98.366744, 29.510731 ], [ -98.367927, 29.510893 ], [ -98.367818, 29.509799 ], [ -98.368271, 29.509834 ], [ -98.368262, 29.509721 ], [ -98.370105, 29.508522 ], [ -98.365812, 29.50337 ], [ -98.364106, 29.502879 ], [ -98.359351, 29.501775 ], [ -98.359065, 29.50254 ], [ -98.358457, 29.503455 ], [ -98.358159, 29.504362 ], [ -98.357, 29.510949 ], [ -98.351138, 29.510625 ], [ -98.347045, 29.509706 ], [ -98.346079, 29.512903 ], [ -98.34097, 29.511689 ], [ -98.341766, 29.509128 ], [ -98.341977, 29.50879 ], [ -98.342348, 29.508526 ], [ -98.341533, 29.507438 ], [ -98.339523, 29.506191 ], [ -98.338227, 29.507833 ], [ -98.337482, 29.508601 ], [ -98.336357, 29.509536 ], [ -98.334978, 29.510395 ], [ -98.333227, 29.511171 ], [ -98.329318, 29.512482 ], [ -98.326878, 29.513406 ], [ -98.324425, 29.514093 ], [ -98.322827, 29.514773 ], [ -98.322603, 29.514654 ], [ -98.322407, 29.514312 ], [ -98.322125, 29.514065 ], [ -98.321723, 29.513113 ], [ -98.321477, 29.512865 ], [ -98.320879, 29.512926 ], [ -98.319803, 29.51286 ], [ -98.318646, 29.512497 ], [ -98.318319, 29.512475 ], [ -98.317112, 29.510923 ], [ -98.316803, 29.510681 ], [ -98.31608, 29.510373 ], [ -98.314513, 29.510071 ], [ -98.313595, 29.509741 ], [ -98.312966, 29.509218 ], [ -98.312797, 29.508849 ], [ -98.313483, 29.508586 ], [ -98.313712, 29.508242 ], [ -98.313403, 29.507705 ], [ -98.313132, 29.507501 ], [ -98.312737, 29.507421 ], [ -98.313287, 29.506391 ], [ -98.313237, 29.506143 ], [ -98.312721, 29.505696 ], [ -98.31235, 29.505653 ], [ -98.312017, 29.505747 ], [ -98.311281, 29.506303 ], [ -98.310878, 29.506357 ], [ -98.310508, 29.505757 ], [ -98.310828, 29.505477 ], [ -98.310877, 29.505246 ], [ -98.310659, 29.505042 ], [ -98.310413, 29.504514 ], [ -98.310179, 29.503465 ], [ -98.313966, 29.501577 ], [ -98.314411, 29.501638 ], [ -98.31586, 29.500666 ], [ -98.319269, 29.498887 ], [ -98.317463, 29.498487 ], [ -98.314132, 29.496067 ], [ -98.31293, 29.494937 ], [ -98.311578, 29.493013 ], [ -98.311938, 29.491953 ], [ -98.310942, 29.491678 ], [ -98.310581, 29.490936 ], [ -98.310386, 29.489931 ], [ -98.310208, 29.489927 ], [ -98.310289, 29.489357 ], [ -98.310681, 29.488104 ], [ -98.30789, 29.487414 ], [ -98.309447, 29.482725 ], [ -98.309339, 29.482704 ], [ -98.309498, 29.482233 ], [ -98.312136, 29.482888 ], [ -98.313832, 29.476941 ], [ -98.313924, 29.476675 ], [ -98.313938, 29.476765 ], [ -98.314925, 29.475223 ], [ -98.319336, 29.461351 ], [ -98.320223, 29.461566 ], [ -98.320697, 29.460182 ], [ -98.322918, 29.459328 ], [ -98.33021, 29.457011 ], [ -98.32999, 29.456279 ], [ -98.329317, 29.455971 ], [ -98.32889, 29.455314 ], [ -98.360736, 29.445227 ], [ -98.360745, 29.421165 ], [ -98.362118, 29.421905 ], [ -98.363762, 29.422293 ], [ -98.371484, 29.422355 ], [ -98.371505, 29.420811 ], [ -98.372666, 29.419205 ], [ -98.372944, 29.419087 ], [ -98.373361, 29.419151 ], [ -98.373626, 29.41866 ], [ -98.373901, 29.418374 ], [ -98.375466, 29.417298 ], [ -98.37583, 29.417231 ], [ -98.377953, 29.417228 ], [ -98.377939, 29.420743 ], [ -98.377523, 29.420741 ], [ -98.377527, 29.42237 ], [ -98.38291, 29.4223 ], [ -98.384469, 29.422385 ], [ -98.386795, 29.422737 ], [ -98.389395, 29.423375 ], [ -98.389393, 29.398308 ], [ -98.404604, 29.398256 ], [ -98.410092, 29.398313 ], [ -98.412008, 29.398458 ], [ -98.415595, 29.399278 ], [ -98.417284, 29.399447 ], [ -98.423722, 29.399283 ], [ -98.425114, 29.399038 ], [ -98.427687, 29.398376 ], [ -98.429232, 29.398108 ], [ -98.430054, 29.398064 ], [ -98.44605, 29.398103 ], [ -98.446789, 29.398167 ], [ -98.448363, 29.398109 ], [ -98.448331, 29.389844 ], [ -98.45235, 29.389838 ], [ -98.452338, 29.39069 ], [ -98.453192, 29.390903 ], [ -98.460147, 29.390959 ], [ -98.460125, 29.38411 ], [ -98.473105, 29.384187 ], [ -98.474011, 29.384102 ], [ -98.478347, 29.384096 ], [ -98.478693, 29.385214 ], [ -98.483551, 29.383221 ], [ -98.482898, 29.381756 ], [ -98.484373, 29.381063 ], [ -98.484627, 29.380857 ], [ -98.484942, 29.380217 ], [ -98.485602, 29.379339 ], [ -98.486903, 29.379638 ] ] ] } },
{ "type": "Feature", "properties": { "OBJECTID_1": 21, "District": 21, "USCONGR": "Texas District 21", "WEBSITE": "https://www.house.gov/representatives#state-texas", "Shape__Area": 172648778207.31055, "Shape__Length": 2662480.951367612, "OBJECTID_2": 1, "ID": 1, "FIPSSTCO": "48029", "NAME": "Bexar County", "ICOMAPATTR": "x", "SHAPESTArea": 35025204908.119141, "SHAPESTLength": 923728.01036523399 }, "geometry": { "type": "MultiPolygon", "coordinates": [ [ [ [ -98.446595, 29.442512 ], [ -98.445001, 29.442337 ], [ -98.446257, 29.444629 ], [ -98.448718, 29.444809 ], [ -98.448868, 29.444918 ], [ -98.455043, 29.444933 ], [ -98.45504, 29.441588 ], [ -98.460942, 29.441586 ], [ -98.460944, 29.443185 ], [ -98.470293, 29.44316 ], [ -98.470288, 29.444014 ], [ -98.473972, 29.444036 ], [ -98.475253, 29.444267 ], [ -98.474597, 29.446096 ], [ -98.475052, 29.44726 ], [ -98.472289, 29.447159 ], [ -98.472295, 29.44813 ], [ -98.474927, 29.448124 ], [ -98.474685, 29.448822 ], [ -98.4723, 29.448802 ], [ -98.472306, 29.449375 ], [ -98.470312, 29.449379 ], [ -98.470312, 29.450424 ], [ -98.474126, 29.45042 ], [ -98.47383, 29.451222 ], [ -98.473483, 29.451704 ], [ -98.467005, 29.451692 ], [ -98.466982, 29.45472 ], [ -98.4566, 29.45459 ], [ -98.456551, 29.455213 ], [ -98.456353, 29.455482 ], [ -98.45588, 29.457418 ], [ -98.455915, 29.457699 ], [ -98.45607, 29.457858 ], [ -98.455667, 29.458332 ], [ -98.455255, 29.459987 ], [ -98.45497, 29.460445 ], [ -98.45511, 29.460618 ], [ -98.455119, 29.460957 ], [ -98.455674, 29.461172 ], [ -98.4609, 29.461151 ], [ -98.460904, 29.464088 ], [ -98.46484, 29.464054 ], [ -98.4637, 29.465758 ], [ -98.468348, 29.465789 ], [ -98.468257, 29.466907 ], [ -98.468037, 29.467209 ], [ -98.46756, 29.467523 ], [ -98.467359, 29.468266 ], [ -98.468199, 29.46884 ], [ -98.468838, 29.469157 ], [ -98.468853, 29.469617 ], [ -98.469197, 29.470146 ], [ -98.469362, 29.470224 ], [ -98.469813, 29.470224 ], [ -98.471019, 29.471477 ], [ -98.471836, 29.472148 ], [ -98.472846, 29.472584 ], [ -98.474171, 29.473516 ], [ -98.477187, 29.470595 ], [ -98.476719, 29.469788 ], [ -98.47674, 29.468154 ], [ -98.492278, 29.468166 ], [ -98.49222, 29.480018 ], [ -98.491719, 29.4808 ], [ -98.491732, 29.492325 ], [ -98.506048, 29.501825 ], [ -98.507957, 29.503184 ], [ -98.518243, 29.50984 ], [ -98.527934, 29.516306 ], [ -98.52932, 29.515515 ], [ -98.530138, 29.514931 ], [ -98.532051, 29.513304 ], [ -98.533593, 29.512146 ], [ -98.534777, 29.511592 ], [ -98.537593, 29.51062 ], [ -98.541337, 29.509163 ], [ -98.543028, 29.508113 ], [ -98.544485, 29.506725 ], [ -98.54627, 29.504731 ], [ -98.548971, 29.500828 ], [ -98.550337, 29.50559 ], [ -98.55165, 29.508567 ], [ -98.55216, 29.510088 ], [ -98.555893, 29.523062 ], [ -98.556111, 29.523014 ], [ -98.55669, 29.524548 ], [ -98.557583, 29.525998 ], [ -98.558457, 29.526975 ], [ -98.559745, 29.526096 ], [ -98.560261, 29.525904 ], [ -98.56343, 29.526129 ], [ -98.563393, 29.526798 ], [ -98.563574, 29.527274 ], [ -98.564963, 29.528391 ], [ -98.563701, 29.529643 ], [ -98.56689, 29.53274 ], [ -98.567248, 29.532948 ], [ -98.567635, 29.53301 ], [ -98.56803, 29.532931 ], [ -98.568355, 29.532719 ], [ -98.575031, 29.526132 ], [ -98.57562, 29.52821 ], [ -98.576957, 29.53467 ], [ -98.577433, 29.535842 ], [ -98.581552, 29.543667 ], [ -98.586407, 29.543593 ], [ -98.586538, 29.543263 ], [ -98.586741, 29.54312 ], [ -98.587328, 29.543671 ], [ -98.588991, 29.54467 ], [ -98.589432, 29.544812 ], [ -98.58998, 29.544833 ], [ -98.589853, 29.53529 ], [ -98.589834, 29.535181 ], [ -98.589037, 29.534593 ], [ -98.600126, 29.523496 ], [ -98.600469, 29.523675 ], [ -98.604509, 29.523018 ], [ -98.604841, 29.522904 ], [ -98.605078, 29.522683 ], [ -98.605903, 29.522781 ], [ -98.608969, 29.522305 ], [ -98.609365, 29.522378 ], [ -98.610328, 29.522914 ], [ -98.610919, 29.523066 ], [ -98.617385, 29.523042 ], [ -98.617362, 29.520455 ], [ -98.61748, 29.51947 ], [ -98.61737, 29.519064 ], [ -98.617744, 29.518853 ], [ -98.618188, 29.51839 ], [ -98.618836, 29.518755 ], [ -98.618177, 29.519607 ], [ -98.629474, 29.51959 ], [ -98.630528, 29.519854 ], [ -98.631955, 29.52068 ], [ -98.633086, 29.520761 ], [ -98.633477, 29.520933 ], [ -98.634576, 29.520199 ], [ -98.635676, 29.519725 ], [ -98.637319, 29.519236 ], [ -98.638307, 29.519152 ], [ -98.662413, 29.519024 ], [ -98.662366, 29.499577 ], [ -98.66403, 29.499572 ], [ -98.665498, 29.499142 ], [ -98.672748, 29.499175 ], [ -98.673414, 29.49911 ], [ -98.673413, 29.498791 ], [ -98.678712, 29.498791 ], [ -98.678885, 29.499761 ], [ -98.679181, 29.500234 ], [ -98.679571, 29.501648 ], [ -98.679621, 29.503981 ], [ -98.699948, 29.503992 ], [ -98.700168, 29.50409 ], [ -98.690799, 29.523108 ], [ -98.689836, 29.524584 ], [ -98.689443, 29.525022 ], [ -98.685834, 29.528598 ], [ -98.685265, 29.52933 ], [ -98.684684, 29.530297 ], [ -98.684199, 29.531592 ], [ -98.683518, 29.534511 ], [ -98.682771, 29.536472 ], [ -98.681814, 29.538585 ], [ -98.680935, 29.539811 ], [ -98.677833, 29.542604 ], [ -98.667762, 29.55327 ], [ -98.666455, 29.554544 ], [ -98.660108, 29.560042 ], [ -98.659066, 29.561062 ], [ -98.654221, 29.566288 ], [ -98.6497, 29.572591 ], [ -98.638514, 29.584488 ], [ -98.637154, 29.585551 ], [ -98.635273, 29.586494 ], [ -98.633666, 29.586945 ], [ -98.631149, 29.587245 ], [ -98.630723, 29.588342 ], [ -98.629268, 29.590575 ], [ -98.628918, 29.592495 ], [ -98.628992, 29.593225 ], [ -98.629366, 29.594668 ], [ -98.629698, 29.595119 ], [ -98.630504, 29.595767 ], [ -98.630727, 29.596248 ], [ -98.63061, 29.596663 ], [ -98.629705, 29.59801 ], [ -98.629361, 29.598723 ], [ -98.629219, 29.599387 ], [ -98.629191, 29.601463 ], [ -98.628329, 29.602951 ], [ -98.627663, 29.60589 ], [ -98.627721, 29.60761 ], [ -98.62852, 29.609482 ], [ -98.628705, 29.610533 ], [ -98.626481, 29.611301 ], [ -98.625508, 29.611723 ], [ -98.624324, 29.61259 ], [ -98.623516, 29.613595 ], [ -98.622838, 29.61401 ], [ -98.622314, 29.61415 ], [ -98.617231, 29.614699 ], [ -98.616364, 29.614961 ], [ -98.615836, 29.615349 ], [ -98.614882, 29.616629 ], [ -98.61456, 29.616925 ], [ -98.613963, 29.617242 ], [ -98.612697, 29.617522 ], [ -98.611932, 29.617974 ], [ -98.611656, 29.61828 ], [ -98.611379, 29.618813 ], [ -98.611297, 29.619284 ], [ -98.611359, 29.619821 ], [ -98.608363, 29.620504 ], [ -98.606795, 29.616256 ], [ -98.605823, 29.614459 ], [ -98.604305, 29.612047 ], [ -98.603733, 29.610824 ], [ -98.601446, 29.603844 ], [ -98.600121, 29.604163 ], [ -98.599664, 29.603235 ], [ -98.598929, 29.602308 ], [ -98.595775, 29.599689 ], [ -98.594262, 29.598619 ], [ -98.589724, 29.596025 ], [ -98.589041, 29.595493 ], [ -98.588505, 29.594787 ], [ -98.58815, 29.594043 ], [ -98.58798, 29.593451 ], [ -98.587864, 29.592165 ], [ -98.580424, 29.593059 ], [ -98.577403, 29.593719 ], [ -98.576973, 29.592705 ], [ -98.576746, 29.592402 ], [ -98.576086, 29.591759 ], [ -98.573781, 29.589967 ], [ -98.573005, 29.58915 ], [ -98.57255, 29.58834 ], [ -98.571584, 29.585844 ], [ -98.568883, 29.582129 ], [ -98.568134, 29.581452 ], [ -98.566721, 29.580701 ], [ -98.566131, 29.580011 ], [ -98.565438, 29.578211 ], [ -98.564156, 29.576295 ], [ -98.563814, 29.575527 ], [ -98.563639, 29.574268 ], [ -98.564077, 29.572121 ], [ -98.564081, 29.571199 ], [ -98.56372, 29.569962 ], [ -98.563222, 29.569208 ], [ -98.558067, 29.56435 ], [ -98.54935, 29.557579 ], [ -98.546741, 29.555354 ], [ -98.544541, 29.55384 ], [ -98.541356, 29.551297 ], [ -98.53988, 29.552697 ], [ -98.534289, 29.558495 ], [ -98.533308, 29.559159 ], [ -98.53201, 29.559696 ], [ -98.530419, 29.559963 ], [ -98.52909, 29.559888 ], [ -98.522135, 29.558133 ], [ -98.520676, 29.55789 ], [ -98.519558, 29.557917 ], [ -98.518615, 29.558085 ], [ -98.517172, 29.558631 ], [ -98.519098, 29.561848 ], [ -98.519603, 29.562876 ], [ -98.519987, 29.564293 ], [ -98.520066, 29.56524 ], [ -98.519969, 29.566601 ], [ -98.519487, 29.568217 ], [ -98.518706, 29.569581 ], [ -98.517758, 29.570664 ], [ -98.514182, 29.574143 ], [ -98.513689, 29.575021 ], [ -98.513441, 29.575813 ], [ -98.513422, 29.576857 ], [ -98.513641, 29.577731 ], [ -98.51434, 29.579162 ], [ -98.513021, 29.579117 ], [ -98.511819, 29.578662 ], [ -98.511309, 29.578557 ], [ -98.510178, 29.578652 ], [ -98.509294, 29.579103 ], [ -98.507539, 29.580731 ], [ -98.506901, 29.581051 ], [ -98.50546, 29.581453 ], [ -98.504852, 29.581507 ], [ -98.504262, 29.581437 ], [ -98.503152, 29.580969 ], [ -98.48236, 29.564837 ], [ -98.476287, 29.582421 ], [ -98.467547, 29.612547 ], [ -98.466828, 29.615192 ], [ -98.466641, 29.616387 ], [ -98.465442, 29.620376 ], [ -98.464328, 29.622786 ], [ -98.452736, 29.644212 ], [ -98.449397, 29.652344 ], [ -98.449237, 29.653186 ], [ -98.449258, 29.654118 ], [ -98.450113, 29.657464 ], [ -98.450342, 29.658989 ], [ -98.450067, 29.666855 ], [ -98.450204, 29.668548 ], [ -98.450683, 29.670731 ], [ -98.453622, 29.679776 ], [ -98.453832, 29.680725 ], [ -98.453902, 29.681989 ], [ -98.450849, 29.703983 ], [ -98.450435, 29.706429 ], [ -98.44988, 29.707965 ], [ -98.444153, 29.719086 ], [ -98.443596, 29.718596 ], [ -98.442692, 29.717754 ], [ -98.441596, 29.716802 ], [ -98.439852, 29.71623 ], [ -98.437692, 29.715978 ], [ -98.435812, 29.716212 ], [ -98.433908, 29.716088 ], [ -98.43206, 29.715706 ], [ -98.43046, 29.716006 ], [ -98.42918, 29.716584 ], [ -98.428012, 29.717252 ], [ -98.427452, 29.718526 ], [ -98.428212, 29.720278 ], [ -98.42926, 29.721335 ], [ -98.430292, 29.722411 ], [ -98.430628, 29.723393 ], [ -98.430244, 29.724195 ], [ -98.429308, 29.724723 ], [ -98.42838, 29.725635 ], [ -98.42726, 29.726619 ], [ -98.426404, 29.727027 ], [ -98.425124, 29.727705 ], [ -98.423884, 29.728187 ], [ -98.421372, 29.728991 ], [ -98.420516, 29.729259 ], [ -98.419236, 29.729541 ], [ -98.41818, 29.730427 ], [ -98.417788, 29.731393 ], [ -98.417788, 29.732381 ], [ -98.418156, 29.733033 ], [ -98.418916, 29.733311 ], [ -98.420012, 29.733371 ], [ -98.421028, 29.733965 ], [ -98.42138, 29.734635 ], [ -98.42146, 29.735539 ], [ -98.421684, 29.737291 ], [ -98.422028, 29.738739 ], [ -98.422292, 29.739953 ], [ -98.422228, 29.740517 ], [ -98.422204, 29.741487 ], [ -98.422052, 29.742413 ], [ -98.421812, 29.743003 ], [ -98.421228, 29.743571 ], [ -98.420852, 29.743849 ], [ -98.420392, 29.744253 ], [ -98.420172, 29.744523 ], [ -98.419452, 29.745257 ], [ -98.418676, 29.745777 ], [ -98.417644, 29.746171 ], [ -98.41757, 29.74621 ], [ -98.4169, 29.746561 ], [ -98.416228, 29.747029 ], [ -98.415172, 29.747419 ], [ -98.414188, 29.747721 ], [ -98.413531, 29.747807 ], [ -98.412403, 29.747713 ], [ -98.411435, 29.747945 ], [ -98.411358, 29.747975 ], [ -98.410683, 29.748241 ], [ -98.409763, 29.748345 ], [ -98.409179, 29.748551 ], [ -98.408491, 29.748953 ], [ -98.407459, 29.749187 ], [ -98.406451, 29.749187 ], [ -98.405547, 29.749147 ], [ -98.404603, 29.749385 ], [ -98.403915, 29.749431 ], [ -98.403379, 29.749251 ], [ -98.403027, 29.748869 ], [ -98.402739, 29.747937 ], [ -98.402451, 29.747155 ], [ -98.401971, 29.746597 ], [ -98.401395, 29.746061 ], [ -98.400611, 29.745261 ], [ -98.399299, 29.743819 ], [ -98.398755, 29.742935 ], [ -98.398747, 29.741831 ], [ -98.399635, 29.740663 ], [ -98.400091, 29.739781 ], [ -98.400091, 29.738817 ], [ -98.399075, 29.738215 ], [ -98.397891, 29.737719 ], [ -98.396627, 29.737469 ], [ -98.395379, 29.737465 ], [ -98.394299, 29.736911 ], [ -98.393467, 29.736795 ], [ -98.392043, 29.736595 ], [ -98.391411, 29.736475 ], [ -98.390675, 29.736019 ], [ -98.390051, 29.735421 ], [ -98.389003, 29.734361 ], [ -98.388331, 29.734063 ], [ -98.387187, 29.734247 ], [ -98.386195, 29.734879 ], [ -98.385391, 29.735053 ], [ -98.384595, 29.735251 ], [ -98.383936, 29.735248 ], [ -98.383587, 29.735247 ], [ -98.382603, 29.734947 ], [ -98.382027, 29.734491 ], [ -98.379843, 29.733705 ], [ -98.378938, 29.733353 ], [ -98.378098, 29.733125 ], [ -98.377082, 29.732755 ], [ -98.376322, 29.732423 ], [ -98.375274, 29.731941 ], [ -98.374658, 29.731585 ], [ -98.374186, 29.730713 ], [ -98.37385, 29.729605 ], [ -98.373714, 29.728831 ], [ -98.373594, 29.727687 ], [ -98.37381, 29.726423 ], [ -98.374394, 29.725524 ], [ -98.375122, 29.724848 ], [ -98.375746, 29.724146 ], [ -98.37589, 29.723854 ], [ -98.376122, 29.723334 ], [ -98.376266, 29.722556 ], [ -98.37633, 29.72176 ], [ -98.376234, 29.721196 ], [ -98.375954, 29.720512 ], [ -98.375642, 29.720218 ], [ -98.375218, 29.720124 ], [ -98.374474, 29.72028 ], [ -98.373466, 29.720568 ], [ -98.372178, 29.720466 ], [ -98.371698, 29.720582 ], [ -98.370858, 29.720724 ], [ -98.369714, 29.721326 ], [ -98.36897, 29.721812 ], [ -98.367754, 29.722524 ], [ -98.366674, 29.723288 ], [ -98.365242, 29.724582 ], [ -98.364082, 29.725626 ], [ -98.362849, 29.726683 ], [ -98.36277, 29.72675 ], [ -98.36169, 29.727745 ], [ -98.360418, 29.728791 ], [ -98.359858, 29.729367 ], [ -98.35909, 29.730253 ], [ -98.358138, 29.731717 ], [ -98.357674, 29.732251 ], [ -98.357354, 29.732667 ], [ -98.35719, 29.732953 ], [ -98.357018, 29.733241 ], [ -98.356634, 29.733861 ], [ -98.355794, 29.734407 ], [ -98.354834, 29.734601 ], [ -98.354106, 29.734577 ], [ -98.35329, 29.734453 ], [ -98.353258, 29.734477 ], [ -98.352914, 29.734201 ], [ -98.35273, 29.733139 ], [ -98.35261, 29.731977 ], [ -98.351874, 29.730601 ], [ -98.351018, 29.729453 ], [ -98.35049, 29.728853 ], [ -98.349974, 29.728071 ], [ -98.349922, 29.727992 ], [ -98.348482, 29.727214 ], [ -98.346778, 29.726804 ], [ -98.345242, 29.72608 ], [ -98.344145, 29.724954 ], [ -98.343065, 29.724062 ], [ -98.341729, 29.723226 ], [ -98.340361, 29.722344 ], [ -98.339489, 29.721832 ], [ -98.338753, 29.720558 ], [ -98.338745, 29.719016 ], [ -98.339017, 29.717576 ], [ -98.339841, 29.716532 ], [ -98.340809, 29.715718 ], [ -98.340929, 29.71489 ], [ -98.340657, 29.713246 ], [ -98.341041, 29.711222 ], [ -98.342281, 29.709378 ], [ -98.343873, 29.708122 ], [ -98.346026, 29.707052 ], [ -98.348354, 29.706488 ], [ -98.350082, 29.705486 ], [ -98.351714, 29.70477 ], [ -98.353818, 29.70385 ], [ -98.355434, 29.703742 ], [ -98.356826, 29.703592 ], [ -98.358842, 29.703898 ], [ -98.361258, 29.705446 ], [ -98.36237, 29.705784 ], [ -98.366762, 29.70541 ], [ -98.37033, 29.704582 ], [ -98.37229, 29.705086 ], [ -98.37499, 29.706054 ], [ -98.377282, 29.705268 ], [ -98.379634, 29.703506 ], [ -98.38073, 29.702108 ], [ -98.38073, 29.69968 ], [ -98.38069, 29.699054 ], [ -98.38061, 29.698172 ], [ -98.38081, 29.696472 ], [ -98.380442, 29.694499 ], [ -98.379682, 29.692937 ], [ -98.378498, 29.691653 ], [ -98.377386, 29.690129 ], [ -98.376482, 29.688321 ], [ -98.376138, 29.687339 ], [ -98.37609, 29.686955 ], [ -98.37589, 29.686045 ], [ -98.37599, 29.684755 ], [ -98.376018, 29.684487 ], [ -98.376754, 29.682361 ], [ -98.37699, 29.682155 ], [ -98.37833, 29.681113 ], [ -98.37939, 29.680655 ], [ -98.379946, 29.680329 ], [ -98.382634, 29.679423 ], [ -98.382962, 29.679277 ], [ -98.383242, 29.679045 ], [ -98.383594, 29.678833 ], [ -98.383898, 29.678619 ], [ -98.384154, 29.678407 ], [ -98.384426, 29.678041 ], [ -98.384531, 29.677675 ], [ -98.384546, 29.677239 ], [ -98.384691, 29.676355 ], [ -98.384282, 29.676175 ], [ -98.38419, 29.675655 ], [ -98.383546, 29.675067 ], [ -98.383274, 29.674673 ], [ -98.382962, 29.674369 ], [ -98.382871, 29.674334 ], [ -98.382626, 29.674239 ], [ -98.382106, 29.674231 ], [ -98.381666, 29.674085 ], [ -98.381642, 29.673793 ], [ -98.381578, 29.673571 ], [ -98.381482, 29.673241 ], [ -98.381146, 29.672373 ], [ -98.38101, 29.671567 ], [ -98.381066, 29.670913 ], [ -98.381082, 29.670379 ], [ -98.380962, 29.669547 ], [ -98.380778, 29.668949 ], [ -98.380586, 29.668265 ], [ -98.38037, 29.667617 ], [ -98.380202, 29.667193 ], [ -98.379978, 29.666837 ], [ -98.37985, 29.66645 ], [ -98.379818, 29.665794 ], [ -98.379826, 29.66526 ], [ -98.37977, 29.664768 ], [ -98.379634, 29.664196 ], [ -98.37941, 29.66363 ], [ -98.379274, 29.663228 ], [ -98.379202, 29.66275 ], [ -98.378914, 29.66243 ], [ -98.37861, 29.662336 ], [ -98.378218, 29.66242 ], [ -98.377802, 29.662488 ], [ -98.377282, 29.662462 ], [ -98.37453, 29.663144 ], [ -98.372626, 29.663564 ], [ -98.372138, 29.663713 ], [ -98.371106, 29.664028 ], [ -98.369802, 29.664678 ], [ -98.36793, 29.665382 ], [ -98.366442, 29.665824 ], [ -98.365002, 29.666318 ], [ -98.364362, 29.666492 ], [ -98.36385, 29.66643 ], [ -98.36297, 29.666064 ], [ -98.361586, 29.665408 ], [ -98.361194, 29.665144 ], [ -98.360882, 29.664772 ], [ -98.360474, 29.664026 ], [ -98.360082, 29.662904 ], [ -98.359546, 29.66172 ], [ -98.357458, 29.65876 ], [ -98.356978, 29.658388 ], [ -98.356306, 29.657936 ], [ -98.356058, 29.657848 ], [ -98.35119, 29.656356 ], [ -98.344745, 29.65435 ], [ -98.344137, 29.653982 ], [ -98.343649, 29.653654 ], [ -98.343385, 29.653418 ], [ -98.343281, 29.653296 ], [ -98.343185, 29.653146 ], [ -98.343065, 29.652884 ], [ -98.343025, 29.652602 ], [ -98.343033, 29.65236 ], [ -98.343177, 29.651908 ], [ -98.343841, 29.650308 ], [ -98.347569, 29.644796 ], [ -98.347857, 29.6443 ], [ -98.347905, 29.643798 ], [ -98.347889, 29.643458 ], [ -98.347801, 29.643026 ], [ -98.346881, 29.640683 ], [ -98.346265, 29.639187 ], [ -98.34625, 29.639149 ], [ -98.346231, 29.639103 ], [ -98.346089, 29.638757 ], [ -98.345641, 29.637733 ], [ -98.345457, 29.637381 ], [ -98.345217, 29.637105 ], [ -98.344969, 29.636865 ], [ -98.344601, 29.636365 ], [ -98.343406, 29.634584 ], [ -98.343398, 29.634572 ], [ -98.343376, 29.63454 ], [ -98.342633, 29.633433 ], [ -98.342369, 29.632791 ], [ -98.342081, 29.632275 ], [ -98.341785, 29.631629 ], [ -98.341441, 29.630919 ], [ -98.341177, 29.630297 ], [ -98.340857, 29.629501 ], [ -98.340721, 29.628135 ], [ -98.340777, 29.627671 ], [ -98.341009, 29.627105 ], [ -98.341409, 29.626353 ], [ -98.341945, 29.625753 ], [ -98.342233, 29.625319 ], [ -98.342433, 29.624961 ], [ -98.342689, 29.624581 ], [ -98.342777, 29.624083 ], [ -98.342625, 29.623757 ], [ -98.342617, 29.623293 ], [ -98.343081, 29.621837 ], [ -98.343329, 29.621499 ], [ -98.343673, 29.621263 ], [ -98.344529, 29.620923 ], [ -98.345001, 29.620525 ], [ -98.345329, 29.620235 ], [ -98.345681, 29.619595 ], [ -98.345689, 29.619221 ], [ -98.345697, 29.618911 ], [ -98.345657, 29.618629 ], [ -98.345553, 29.618435 ], [ -98.345189, 29.617957 ], [ -98.344729, 29.617667 ], [ -98.343969, 29.617321 ], [ -98.343385, 29.617147 ], [ -98.342881, 29.617113 ], [ -98.341705, 29.616023 ], [ -98.341521, 29.615577 ], [ -98.341161, 29.614765 ], [ -98.340881, 29.614481 ], [ -98.340329, 29.613827 ], [ -98.339713, 29.613269 ], [ -98.339401, 29.612857 ], [ -98.339177, 29.612587 ], [ -98.338289, 29.612148 ], [ -98.337481, 29.611682 ], [ -98.336785, 29.611446 ], [ -98.336185, 29.611286 ], [ -98.335569, 29.61113 ], [ -98.334865, 29.61102 ], [ -98.334137, 29.610972 ], [ -98.333529, 29.610864 ], [ -98.332937, 29.610748 ], [ -98.332345, 29.610562 ], [ -98.331641, 29.610582 ], [ -98.330993, 29.610566 ], [ -98.330321, 29.610488 ], [ -98.329897, 29.610454 ], [ -98.329393, 29.610294 ], [ -98.329113, 29.61019 ], [ -98.328745, 29.609852 ], [ -98.328761, 29.609518 ], [ -98.328881, 29.609128 ], [ -98.328801, 29.608756 ], [ -98.328697, 29.608484 ], [ -98.328805, 29.608204 ], [ -98.334122, 29.606982 ], [ -98.351353, 29.603383 ], [ -98.35351, 29.60251 ], [ -98.354503, 29.601982 ], [ -98.35736, 29.599828 ], [ -98.358282, 29.601026 ], [ -98.359816, 29.602206 ], [ -98.361174, 29.602733 ], [ -98.362951, 29.602973 ], [ -98.398659, 29.602282 ], [ -98.426105, 29.600287 ], [ -98.429006, 29.600098 ], [ -98.431071, 29.600117 ], [ -98.432178, 29.60019 ], [ -98.434631, 29.60062 ], [ -98.450519, 29.604406 ], [ -98.450589, 29.602879 ], [ -98.450709, 29.602417 ], [ -98.45103, 29.601867 ], [ -98.451924, 29.601118 ], [ -98.452081, 29.600788 ], [ -98.452314, 29.6001 ], [ -98.452603, 29.598609 ], [ -98.452912, 29.598059 ], [ -98.452773, 29.597729 ], [ -98.4522, 29.597229 ], [ -98.451558, 29.596915 ], [ -98.447882, 29.596805 ], [ -98.446337, 29.597099 ], [ -98.447427, 29.594581 ], [ -98.448223, 29.594825 ], [ -98.451019, 29.594932 ], [ -98.451366, 29.594871 ], [ -98.452013, 29.59459 ], [ -98.451526, 29.593766 ], [ -98.45242, 29.593172 ], [ -98.449842, 29.591818 ], [ -98.449414, 29.591507 ], [ -98.448452, 29.590023 ], [ -98.448368, 29.58957 ], [ -98.448449, 29.589232 ], [ -98.448832, 29.588769 ], [ -98.449969, 29.58835 ], [ -98.450465, 29.587922 ], [ -98.450762, 29.587413 ], [ -98.45077, 29.586706 ], [ -98.450955, 29.586288 ], [ -98.454822, 29.582465 ], [ -98.455225, 29.581873 ], [ -98.45587, 29.581441 ], [ -98.456363, 29.580724 ], [ -98.457084, 29.580247 ], [ -98.460542, 29.576858 ], [ -98.459687, 29.57548 ], [ -98.459007, 29.574732 ], [ -98.458818, 29.573912 ], [ -98.45851, 29.573494 ], [ -98.457345, 29.573027 ], [ -98.455507, 29.572603 ], [ -98.453179, 29.57152 ], [ -98.452423, 29.570986 ], [ -98.451825, 29.570084 ], [ -98.451334, 29.568981 ], [ -98.466155, 29.554504 ], [ -98.467893, 29.552641 ], [ -98.461303, 29.547739 ], [ -98.460452, 29.547302 ], [ -98.459515, 29.547029 ], [ -98.457667, 29.546861 ], [ -98.45038, 29.546961 ], [ -98.450406, 29.547047 ], [ -98.448987, 29.547103 ], [ -98.442288, 29.547206 ], [ -98.440932, 29.546951 ], [ -98.440831, 29.546837 ], [ -98.439567, 29.546291 ], [ -98.437755, 29.544973 ], [ -98.435858, 29.5462 ], [ -98.435437, 29.546212 ], [ -98.434749, 29.546646 ], [ -98.433998, 29.546903 ], [ -98.43318, 29.546937 ], [ -98.432299, 29.546711 ], [ -98.428447, 29.545077 ], [ -98.429423, 29.544485 ], [ -98.4306, 29.543061 ], [ -98.430808, 29.542549 ], [ -98.431166, 29.542147 ], [ -98.432588, 29.541118 ], [ -98.432846, 29.540833 ], [ -98.433029, 29.540414 ], [ -98.432834, 29.540002 ], [ -98.432305, 29.539496 ], [ -98.43133, 29.539099 ], [ -98.430739, 29.538791 ], [ -98.430481, 29.538549 ], [ -98.430254, 29.538137 ], [ -98.430374, 29.536998 ], [ -98.430254, 29.536695 ], [ -98.429971, 29.53642 ], [ -98.42882, 29.534764 ], [ -98.428473, 29.53448 ], [ -98.429182, 29.533708 ], [ -98.430268, 29.531189 ], [ -98.430708, 29.530569 ], [ -98.431605, 29.529589 ], [ -98.432588, 29.528946 ], [ -98.439688, 29.526021 ], [ -98.442133, 29.525173 ], [ -98.442844, 29.524799 ], [ -98.445787, 29.522509 ], [ -98.447828, 29.52044 ], [ -98.44672, 29.51974 ], [ -98.44675, 29.51879 ], [ -98.446077, 29.517124 ], [ -98.445994, 29.516382 ], [ -98.442337, 29.51637 ], [ -98.440638, 29.516244 ], [ -98.439503, 29.5161 ], [ -98.43884, 29.515757 ], [ -98.438579, 29.515757 ], [ -98.437973, 29.515349 ], [ -98.435981, 29.513345 ], [ -98.435216, 29.5121 ], [ -98.434682, 29.510387 ], [ -98.434606, 29.509257 ], [ -98.434632, 29.496455 ], [ -98.434371, 29.495231 ], [ -98.433585, 29.493815 ], [ -98.442155, 29.489792 ], [ -98.442198, 29.484657 ], [ -98.431202, 29.484677 ], [ -98.428229, 29.484858 ], [ -98.420535, 29.48487 ], [ -98.420161, 29.484589 ], [ -98.420149, 29.481249 ], [ -98.417688, 29.481229 ], [ -98.417651, 29.478402 ], [ -98.411007, 29.478364 ], [ -98.410185, 29.478241 ], [ -98.410243, 29.476386 ], [ -98.410425, 29.475851 ], [ -98.411085, 29.474757 ], [ -98.411791, 29.472942 ], [ -98.412772, 29.471187 ], [ -98.414133, 29.469757 ], [ -98.414305, 29.469397 ], [ -98.414348, 29.466098 ], [ -98.409595, 29.466078 ], [ -98.409189, 29.465882 ], [ -98.409013, 29.465512 ], [ -98.409015, 29.465324 ], [ -98.412756, 29.457928 ], [ -98.413226, 29.457167 ], [ -98.413987, 29.45643 ], [ -98.415598, 29.456488 ], [ -98.428037, 29.456406 ], [ -98.429336, 29.455664 ], [ -98.430277, 29.454989 ], [ -98.434006, 29.451133 ], [ -98.435138, 29.449657 ], [ -98.441141, 29.440895 ], [ -98.443676, 29.440067 ], [ -98.444616, 29.439865 ], [ -98.446617, 29.439624 ], [ -98.446595, 29.442512 ] ] ], [ [ [ -98.446786, 29.735988 ], [ -98.44806, 29.735822 ], [ -98.449049, 29.735371 ], [ -98.449484, 29.735261 ], [ -98.451211, 29.734408 ], [ -98.452195, 29.733572 ], [ -98.452503, 29.733192 ], [ -98.452603, 29.732807 ], [ -98.453986, 29.732355 ], [ -98.456651, 29.731833 ], [ -98.457502, 29.731569 ], [ -98.458926, 29.7318 ], [ -98.459374, 29.731778 ], [ -98.459563, 29.731844 ], [ -98.45974, 29.732058 ], [ -98.460067, 29.73263 ], [ -98.462009, 29.733439 ], [ -98.462526, 29.733873 ], [ -98.462689, 29.734251 ], [ -98.461693, 29.733721 ], [ -98.460741, 29.733111 ], [ -98.459733, 29.732457 ], [ -98.458789, 29.732249 ], [ -98.458397, 29.732197 ], [ -98.457629, 29.732317 ], [ -98.456661, 29.732511 ], [ -98.455877, 29.732537 ], [ -98.454805, 29.732759 ], [ -98.453773, 29.733157 ], [ -98.453293, 29.733653 ], [ -98.452957, 29.734035 ], [ -98.451829, 29.734837 ], [ -98.450316, 29.735571 ], [ -98.449084, 29.735979 ], [ -98.447516, 29.736247 ], [ -98.446204, 29.735967 ], [ -98.446046, 29.735897 ], [ -98.446786, 29.735988 ] ] ], [ [ [ -98.465982, 29.738543 ], [ -98.466732, 29.738417 ], [ -98.467583, 29.738048 ], [ -98.469026, 29.737667 ], [ -98.471655, 29.736303 ], [ -98.47398, 29.734371 ], [ -98.475177, 29.733826 ], [ -98.4764, 29.733485 ], [ -98.476999, 29.733441 ], [ -98.477522, 29.733606 ], [ -98.478228, 29.734024 ], [ -98.478519, 29.734278 ], [ -98.477797, 29.734139 ], [ -98.477013, 29.734179 ], [ -98.476061, 29.734291 ], [ -98.475325, 29.734501 ], [ -98.474541, 29.734959 ], [ -98.473893, 29.735577 ], [ -98.473341, 29.736113 ], [ -98.472749, 29.736597 ], [ -98.472077, 29.736995 ], [ -98.471197, 29.737335 ], [ -98.470469, 29.737613 ], [ -98.469437, 29.738035 ], [ -98.467749, 29.738529 ], [ -98.467077, 29.738721 ], [ -98.466349, 29.738771 ], [ -98.465661, 29.738571 ], [ -98.465469, 29.738364 ], [ -98.465982, 29.738543 ] ] ], [ [ [ -98.526088, 29.743151 ], [ -98.5257, 29.741843 ], [ -98.526103, 29.742512 ], [ -98.526111, 29.743198 ], [ -98.526089, 29.743218 ], [ -98.526088, 29.743151 ] ] ], [ [ [ -98.5282, 29.742233 ], [ -98.528216, 29.742478 ], [ -98.528194, 29.742218 ], [ -98.5282, 29.742233 ] ] ], [ [ [ -98.533847, 29.748605 ], [ -98.533692, 29.749981 ], [ -98.533618, 29.749903 ], [ -98.533623, 29.749236 ], [ -98.533647, 29.748722 ], [ -98.533795, 29.748452 ], [ -98.533863, 29.748 ], [ -98.534023, 29.747691 ], [ -98.533847, 29.748605 ] ] ], [ [ [ -98.539004, 29.751908 ], [ -98.539077, 29.7519 ], [ -98.538377, 29.752152 ], [ -98.539004, 29.751908 ] ] ], [ [ [ -98.547052, 29.756868 ], [ -98.547075, 29.756724 ], [ -98.547233, 29.756511 ], [ -98.547052, 29.756868 ] ] ], [ [ [ -98.547386, 29.759216 ], [ -98.547206, 29.758902 ], [ -98.546944, 29.758054 ], [ -98.546949, 29.758 ], [ -98.547386, 29.759216 ] ] ], [ [ [ -98.554311, 29.759447 ], [ -98.554747, 29.759062 ], [ -98.555137, 29.758292 ], [ -98.55543, 29.757225 ], [ -98.55543, 29.757871 ], [ -98.555246, 29.758788 ], [ -98.555062, 29.759063 ], [ -98.554695, 29.759338 ], [ -98.553638, 29.759838 ], [ -98.554311, 29.759447 ] ] ], [ [ [ -98.555081, 29.756058 ], [ -98.555125, 29.75526 ], [ -98.555638, 29.754621 ], [ -98.555305, 29.755279 ], [ -98.555141, 29.755602 ], [ -98.555268, 29.756438 ], [ -98.555081, 29.756058 ] ] ], [ [ [ -98.556437, 29.753627 ], [ -98.557559, 29.752581 ], [ -98.557999, 29.752255 ], [ -98.557988, 29.752265 ], [ -98.556951, 29.753237 ], [ -98.556849, 29.753332 ], [ -98.555651, 29.754605 ], [ -98.556437, 29.753627 ] ] ], [ [ [ -98.567067, 29.751316 ], [ -98.567141, 29.751235 ], [ -98.566982, 29.751538 ], [ -98.567067, 29.751316 ] ] ], [ [ [ -98.568169, 29.748812 ], [ -98.568314, 29.748548 ], [ -98.568579, 29.748334 ], [ -98.568725, 29.748302 ], [ -98.568369, 29.749115 ], [ -98.568169, 29.748812 ] ] ], [ [ [ -98.573224, 29.749843 ], [ -98.573414, 29.749925 ], [ -98.573016, 29.74982 ], [ -98.573224, 29.749843 ] ] ], [ [ [ -98.574547, 29.750412 ], [ -98.574344, 29.750383 ], [ -98.574156, 29.750244 ], [ -98.574547, 29.750412 ] ] ], [ [ [ -98.574927, 29.750216 ], [ -98.575065, 29.750119 ], [ -98.574949, 29.750394 ], [ -98.574723, 29.750408 ], [ -98.574588, 29.750416 ], [ -98.574927, 29.750216 ] ] ], [ [ [ -98.575997, 29.748193 ], [ -98.576043, 29.747607 ], [ -98.576339, 29.747183 ], [ -98.576425, 29.747136 ], [ -98.576096, 29.748652 ], [ -98.575931, 29.749112 ], [ -98.575306, 29.749812 ], [ -98.575997, 29.748193 ] ] ], [ [ [ -98.578697, 29.744471 ], [ -98.578678, 29.744185 ], [ -98.578816, 29.743728 ], [ -98.579384, 29.743299 ], [ -98.57955, 29.743272 ], [ -98.578944, 29.74405 ], [ -98.578868, 29.744758 ], [ -98.578697, 29.744471 ] ] ], [ [ [ -98.582328, 29.741703 ], [ -98.582252, 29.741373 ], [ -98.58234, 29.741241 ], [ -98.582523, 29.741192 ], [ -98.583456, 29.741125 ], [ -98.583484, 29.74113 ], [ -98.58296, 29.741162 ], [ -98.582512, 29.74149 ], [ -98.5824, 29.741882 ], [ -98.582292, 29.741984 ], [ -98.582328, 29.741703 ] ] ], [ [ [ -98.584118, 29.741246 ], [ -98.58478, 29.741466 ], [ -98.585005, 29.741605 ], [ -98.584792, 29.741534 ], [ -98.583944, 29.741214 ], [ -98.584118, 29.741246 ] ] ], [ [ [ -98.589409, 29.747739 ], [ -98.589336, 29.747776 ], [ -98.589249, 29.74774 ], [ -98.589409, 29.747739 ] ] ], [ [ [ -98.592441, 29.746581 ], [ -98.593121, 29.745684 ], [ -98.593386, 29.745728 ], [ -98.593404, 29.745736 ], [ -98.592937, 29.746038 ], [ -98.592321, 29.746896 ], [ -98.591829, 29.746964 ], [ -98.592441, 29.746581 ] ] ], [ [ [ -98.599351, 29.749022 ], [ -98.599441, 29.749185 ], [ -98.599397, 29.749152 ], [ -98.599199, 29.748962 ], [ -98.599351, 29.749022 ] ] ], [ [ [ -98.604747, 29.74726 ], [ -98.604495, 29.746837 ], [ -98.603108, 29.746194 ], [ -98.601702, 29.745292 ], [ -98.600276, 29.743526 ], [ -98.600005, 29.743036 ], [ -98.600061, 29.742217 ], [ -98.600269, 29.741579 ], [ -98.60066, 29.741083 ], [ -98.601284, 29.740544 ], [ -98.601574, 29.740406 ], [ -98.602375, 29.740265 ], [ -98.602209, 29.74034 ], [ -98.601641, 29.740764 ], [ -98.601209, 29.741214 ], [ -98.600849, 29.741834 ], [ -98.600569, 29.742468 ], [ -98.600545, 29.742964 ], [ -98.600577, 29.7435 ], [ -98.600753, 29.743954 ], [ -98.601097, 29.744364 ], [ -98.601705, 29.744946 ], [ -98.602465, 29.745542 ], [ -98.604617, 29.74682 ], [ -98.604825, 29.747032 ], [ -98.604809, 29.747244 ], [ -98.604729, 29.747512 ], [ -98.604497, 29.74795 ], [ -98.604181, 29.748614 ], [ -98.604747, 29.74726 ] ] ], [ [ [ -98.606465, 29.740047 ], [ -98.606507, 29.740064 ], [ -98.60638, 29.740044 ], [ -98.606465, 29.740047 ] ] ], [ [ [ -98.610859, 29.739996 ], [ -98.611158, 29.740021 ], [ -98.610129, 29.740222 ], [ -98.609209, 29.740332 ], [ -98.60912, 29.740333 ], [ -98.610859, 29.739996 ] ] ], [ [ [ -98.612341, 29.739847 ], [ -98.612536, 29.738725 ], [ -98.612731, 29.738241 ], [ -98.613273, 29.738081 ], [ -98.613632, 29.737762 ], [ -98.614351, 29.737607 ], [ -98.614435, 29.737632 ], [ -98.614089, 29.7378 ], [ -98.613385, 29.737994 ], [ -98.612849, 29.73856 ], [ -98.612513, 29.739362 ], [ -98.612337, 29.73986 ], [ -98.612332, 29.739861 ], [ -98.612341, 29.739847 ] ] ], [ [ [ -98.618702, 29.744064 ], [ -98.618617, 29.744062 ], [ -98.618565, 29.744044 ], [ -98.618702, 29.744064 ] ] ], [ [ [ -98.620236, 29.74402 ], [ -98.621206, 29.7437 ], [ -98.621496, 29.743684 ], [ -98.621725, 29.743745 ], [ -98.620801, 29.744114 ], [ -98.620273, 29.744114 ], [ -98.619653, 29.744094 ], [ -98.620236, 29.74402 ] ] ], [ [ [ -98.646239, 29.743607 ], [ -98.646195, 29.744087 ], [ -98.645973, 29.743026 ], [ -98.646239, 29.743607 ] ] ], [ [ [ -98.646251, 29.746149 ], [ -98.646087, 29.746512 ], [ -98.646044, 29.74656 ], [ -98.646252, 29.746108 ], [ -98.646251, 29.746149 ] ] ], [ [ [ -98.653319, 29.751261 ], [ -98.653323, 29.751287 ], [ -98.653401, 29.751379 ], [ -98.653427, 29.751975 ], [ -98.653151, 29.752561 ], [ -98.653319, 29.751261 ] ] ], [ [ [ -98.652933, 29.750689 ], [ -98.65256, 29.74987 ], [ -98.652586, 29.74949 ], [ -98.652747, 29.749268 ], [ -98.652797, 29.749688 ], [ -98.652876, 29.750052 ], [ -98.653218, 29.750645 ], [ -98.653298, 29.751134 ], [ -98.652933, 29.750689 ] ] ], [ [ [ -98.653059, 29.748836 ], [ -98.653064, 29.748834 ], [ -98.653004, 29.748911 ], [ -98.653059, 29.748836 ] ] ], [ [ [ -98.663746, 29.74628 ], [ -98.663689, 29.745389 ], [ -98.663557, 29.745185 ], [ -98.660575, 29.743727 ], [ -98.660147, 29.743325 ], [ -98.659781, 29.742797 ], [ -98.659712, 29.742142 ], [ -98.659839, 29.741971 ], [ -98.659839, 29.742467 ], [ -98.660075, 29.74288 ], [ -98.661047, 29.743682 ], [ -98.662229, 29.744302 ], [ -98.662834, 29.744714 ], [ -98.663596, 29.744944 ], [ -98.663858, 29.745379 ], [ -98.663833, 29.74614 ], [ -98.663832, 29.746159 ], [ -98.663743, 29.746286 ], [ -98.663746, 29.74628 ] ] ], [ [ [ -98.674256, 29.741446 ], [ -98.674464, 29.740659 ], [ -98.674231, 29.740048 ], [ -98.674509, 29.73881 ], [ -98.674791, 29.738412 ], [ -98.674682, 29.738779 ], [ -98.67455, 29.740429 ], [ -98.674208, 29.741667 ], [ -98.674009, 29.741847 ], [ -98.674256, 29.741446 ] ] ], [ [ [ -98.675921, 29.737358 ], [ -98.675997, 29.737349 ], [ -98.675642, 29.737556 ], [ -98.675581, 29.737591 ], [ -98.675921, 29.737358 ] ] ], [ [ [ -98.688093, 29.738571 ], [ -98.687999, 29.738619 ], [ -98.687724, 29.738708 ], [ -98.687569, 29.738757 ], [ -98.688093, 29.738571 ] ] ], [ [ [ -98.689651, 29.737546 ], [ -98.691517, 29.735505 ], [ -98.692122, 29.735263 ], [ -98.692381, 29.735242 ], [ -98.691833, 29.735387 ], [ -98.691124, 29.736097 ], [ -98.689969, 29.737335 ], [ -98.688865, 29.738184 ], [ -98.68865, 29.738291 ], [ -98.689651, 29.737546 ] ] ], [ [ [ -98.693231, 29.735318 ], [ -98.693264, 29.735337 ], [ -98.69315, 29.735301 ], [ -98.693231, 29.735318 ] ] ], [ [ [ -98.701143, 29.735724 ], [ -98.700041, 29.733497 ], [ -98.69986, 29.732953 ], [ -98.699896, 29.732711 ], [ -98.700007, 29.73261 ], [ -98.700909, 29.732313 ], [ -98.701421, 29.732313 ], [ -98.701612, 29.732345 ], [ -98.700921, 29.73236 ], [ -98.700448, 29.732475 ], [ -98.700238, 29.732681 ], [ -98.700291, 29.733094 ], [ -98.70087, 29.734378 ], [ -98.700975, 29.734859 ], [ -98.701211, 29.735386 ], [ -98.701237, 29.735753 ], [ -98.701211, 29.736349 ], [ -98.70108, 29.736716 ], [ -98.701, 29.736813 ], [ -98.701143, 29.735724 ] ] ], [ [ [ -98.707797, 29.732377 ], [ -98.70909, 29.731753 ], [ -98.708355, 29.732199 ], [ -98.706858, 29.732681 ], [ -98.706728, 29.732703 ], [ -98.707797, 29.732377 ] ] ], [ [ [ -98.71286, 29.728214 ], [ -98.713047, 29.727861 ], [ -98.713616, 29.727352 ], [ -98.712215, 29.729059 ], [ -98.711348, 29.730089 ], [ -98.711075, 29.730333 ], [ -98.71286, 29.728214 ] ] ], [ [ [ -98.725113, 29.727924 ], [ -98.725328, 29.727808 ], [ -98.725731, 29.727746 ], [ -98.725451, 29.72791 ], [ -98.724902, 29.7284 ], [ -98.725113, 29.727924 ] ] ], [ [ [ -98.734342, 29.7289 ], [ -98.733717, 29.727905 ], [ -98.732022, 29.727014 ], [ -98.730685, 29.725843 ], [ -98.729694, 29.724127 ], [ -98.728969, 29.72328 ], [ -98.728824, 29.72246 ], [ -98.728962, 29.722311 ], [ -98.72927, 29.72222 ], [ -98.729179, 29.722315 ], [ -98.729179, 29.722888 ], [ -98.729678, 29.723919 ], [ -98.730361, 29.724722 ], [ -98.730414, 29.724882 ], [ -98.731623, 29.726097 ], [ -98.733117, 29.727335 ], [ -98.733199, 29.727403 ], [ -98.73425, 29.728112 ], [ -98.73446, 29.728571 ], [ -98.734434, 29.72896 ], [ -98.734224, 29.729258 ], [ -98.734204, 29.729268 ], [ -98.734342, 29.7289 ] ] ], [ [ [ -98.735711, 29.71859 ], [ -98.735794, 29.718513 ], [ -98.735708, 29.718666 ], [ -98.735711, 29.71859 ] ] ], [ [ [ -98.738168, 29.716581 ], [ -98.738214, 29.716579 ], [ -98.738089, 29.716616 ], [ -98.738168, 29.716581 ] ] ], [ [ [ -98.738559, 29.716564 ], [ -98.738602, 29.716583 ], [ -98.738517, 29.716566 ], [ -98.738559, 29.716564 ] ] ], [ [ [ -98.744447, 29.717162 ], [ -98.744445, 29.717324 ], [ -98.744411, 29.717061 ], [ -98.744447, 29.717162 ] ] ], [ [ [ -98.750947, 29.720785 ], [ -98.751551, 29.720262 ], [ -98.751763, 29.720263 ], [ -98.751417, 29.720565 ], [ -98.750934, 29.720793 ], [ -98.750927, 29.720793 ], [ -98.750947, 29.720785 ] ] ], [ [ [ -98.758573, 29.721459 ], [ -98.758856, 29.721437 ], [ -98.75856, 29.721485 ], [ -98.758544, 29.721491 ], [ -98.758573, 29.721459 ] ] ], [ [ [ -98.766125, 29.719801 ], [ -98.766127, 29.7198 ], [ -98.76523, 29.720731 ], [ -98.764984, 29.720838 ], [ -98.766125, 29.719801 ] ] ], [ [ [ -98.771526, 29.720463 ], [ -98.771571, 29.720455 ], [ -98.77148, 29.720527 ], [ -98.771296, 29.720847 ], [ -98.771184, 29.720922 ], [ -98.771526, 29.720463 ] ] ], [ [ [ -98.774917, 29.71971 ], [ -98.775289, 29.71974 ], [ -98.774793, 29.719786 ], [ -98.774917, 29.71971 ] ] ], [ [ [ -98.790959, 29.707276 ], [ -98.800409, 29.697429 ], [ -98.806749, 29.690523 ], [ -98.806749, 29.69054 ], [ -98.800598, 29.697255 ], [ -98.792537, 29.705656 ], [ -98.791214, 29.707036 ], [ -98.779157, 29.719808 ], [ -98.779131, 29.71981 ], [ -98.790959, 29.707276 ] ] ], [ [ [ -98.311022, 29.595122 ], [ -98.310993, 29.595351 ], [ -98.310968, 29.594792 ], [ -98.310971, 29.594742 ], [ -98.311022, 29.595122 ] ] ], [ [ [ -98.319976, 29.602059 ], [ -98.322937, 29.602565 ], [ -98.324174, 29.602893 ], [ -98.325396, 29.603334 ], [ -98.325921, 29.603676 ], [ -98.326162, 29.603952 ], [ -98.326338, 29.604528 ], [ -98.326754, 29.604891 ], [ -98.324689, 29.603858 ], [ -98.318282, 29.602028 ], [ -98.319976, 29.602059 ] ] ] ] } },
{ "type": "Feature", "properties": { "OBJECTID_1": 23, "District": 23, "USCONGR": "Texas District 23", "WEBSITE": "https://www.house.gov/representatives#state-texas", "Shape__Area": 1547417488084.8906, "Shape__Length": 9478223.8013517633, "OBJECTID_2": 1, "ID": 1, "FIPSSTCO": "48029", "NAME": "Bexar County", "ICOMAPATTR": "x", "SHAPESTArea": 35025204908.119141, "SHAPESTLength": 923728.01036523399 }, "geometry": { "type": "MultiPolygon", "coordinates": [ [ [ [ -98.800409, 29.697429 ], [ -98.790959, 29.707276 ], [ -98.779131, 29.71981 ], [ -98.779034, 29.719821 ], [ -98.777548, 29.719978 ], [ -98.776011, 29.719692 ], [ -98.775946, 29.71968 ], [ -98.775289, 29.71974 ], [ -98.774917, 29.71971 ], [ -98.774793, 29.719786 ], [ -98.774711, 29.719794 ], [ -98.774107, 29.719954 ], [ -98.773135, 29.72 ], [ -98.771743, 29.72032 ], [ -98.771571, 29.720455 ], [ -98.771526, 29.720463 ], [ -98.771184, 29.720922 ], [ -98.770955, 29.721077 ], [ -98.770351, 29.721191 ], [ -98.769011, 29.721007 ], [ -98.767909, 29.720594 ], [ -98.76762, 29.71986 ], [ -98.767489, 29.719654 ], [ -98.767148, 29.719471 ], [ -98.766465, 29.719585 ], [ -98.766202, 29.719722 ], [ -98.766127, 29.7198 ], [ -98.766125, 29.719801 ], [ -98.764984, 29.720838 ], [ -98.764915, 29.720868 ], [ -98.76434, 29.721043 ], [ -98.763707, 29.721235 ], [ -98.76242, 29.721784 ], [ -98.761554, 29.721692 ], [ -98.760976, 29.721761 ], [ -98.760267, 29.722058 ], [ -98.759899, 29.722012 ], [ -98.759584, 29.721875 ], [ -98.759138, 29.721393 ], [ -98.758856, 29.721437 ], [ -98.758573, 29.721459 ], [ -98.758544, 29.721491 ], [ -98.757903, 29.721737 ], [ -98.757326, 29.721736 ], [ -98.75533, 29.721437 ], [ -98.75449, 29.721139 ], [ -98.753465, 29.721047 ], [ -98.752888, 29.720565 ], [ -98.752573, 29.720267 ], [ -98.752284, 29.720129 ], [ -98.752139, 29.720151 ], [ -98.751838, 29.720198 ], [ -98.751763, 29.720263 ], [ -98.751551, 29.720262 ], [ -98.750947, 29.720785 ], [ -98.750927, 29.720793 ], [ -98.750501, 29.720828 ], [ -98.749742, 29.720817 ], [ -98.748297, 29.720336 ], [ -98.747032, 29.719776 ], [ -98.746642, 29.719603 ], [ -98.74546, 29.718847 ], [ -98.74454, 29.718068 ], [ -98.744445, 29.717324 ], [ -98.744447, 29.717162 ], [ -98.744411, 29.717061 ], [ -98.744356, 29.716624 ], [ -98.744224, 29.716418 ], [ -98.744041, 29.716326 ], [ -98.743568, 29.716327 ], [ -98.743148, 29.716556 ], [ -98.742701, 29.716694 ], [ -98.741782, 29.716809 ], [ -98.740757, 29.716832 ], [ -98.739365, 29.716741 ], [ -98.738796, 29.716624 ], [ -98.738602, 29.716583 ], [ -98.738559, 29.716564 ], [ -98.738517, 29.716566 ], [ -98.738367, 29.716535 ], [ -98.738214, 29.716579 ], [ -98.738168, 29.716581 ], [ -98.738089, 29.716616 ], [ -98.737658, 29.716742 ], [ -98.737186, 29.71704 ], [ -98.735874, 29.71837 ], [ -98.735794, 29.718513 ], [ -98.735711, 29.71859 ], [ -98.735708, 29.718666 ], [ -98.735427, 29.719172 ], [ -98.735409, 29.719263 ], [ -98.735244, 29.720089 ], [ -98.734929, 29.720571 ], [ -98.734588, 29.720869 ], [ -98.734089, 29.721098 ], [ -98.733012, 29.721374 ], [ -98.73015, 29.721742 ], [ -98.729467, 29.722017 ], [ -98.72927, 29.72222 ], [ -98.728962, 29.722311 ], [ -98.728824, 29.72246 ], [ -98.728969, 29.72328 ], [ -98.729694, 29.724127 ], [ -98.730685, 29.725843 ], [ -98.732022, 29.727014 ], [ -98.733717, 29.727905 ], [ -98.734342, 29.7289 ], [ -98.734204, 29.729268 ], [ -98.733961, 29.729396 ], [ -98.732963, 29.729396 ], [ -98.731098, 29.729076 ], [ -98.729756, 29.728642 ], [ -98.727342, 29.727863 ], [ -98.726397, 29.727611 ], [ -98.725845, 29.72768 ], [ -98.725731, 29.727746 ], [ -98.725328, 29.727808 ], [ -98.725113, 29.727924 ], [ -98.724902, 29.7284 ], [ -98.724322, 29.728918 ], [ -98.723797, 29.729193 ], [ -98.723482, 29.729262 ], [ -98.722642, 29.729101 ], [ -98.721459, 29.728232 ], [ -98.720391, 29.727288 ], [ -98.719489, 29.72649 ], [ -98.718177, 29.725486 ], [ -98.717992, 29.725344 ], [ -98.717598, 29.725183 ], [ -98.716626, 29.725367 ], [ -98.715943, 29.725596 ], [ -98.714919, 29.72617 ], [ -98.713948, 29.726949 ], [ -98.713616, 29.727352 ], [ -98.713047, 29.727861 ], [ -98.71286, 29.728214 ], [ -98.711075, 29.730333 ], [ -98.710324, 29.731007 ], [ -98.70909, 29.731753 ], [ -98.707797, 29.732377 ], [ -98.706728, 29.732703 ], [ -98.705124, 29.732979 ], [ -98.704074, 29.732956 ], [ -98.70377, 29.732907 ], [ -98.703365, 29.732841 ], [ -98.701999, 29.732337 ], [ -98.701612, 29.732345 ], [ -98.701421, 29.732313 ], [ -98.700909, 29.732313 ], [ -98.700007, 29.73261 ], [ -98.699896, 29.732711 ], [ -98.69986, 29.732953 ], [ -98.700041, 29.733497 ], [ -98.701143, 29.735724 ], [ -98.701, 29.736813 ], [ -98.700817, 29.737037 ], [ -98.700213, 29.737266 ], [ -98.699845, 29.737266 ], [ -98.698531, 29.737014 ], [ -98.693264, 29.735337 ], [ -98.693231, 29.735318 ], [ -98.69315, 29.735301 ], [ -98.6927, 29.735158 ], [ -98.692381, 29.735242 ], [ -98.692122, 29.735263 ], [ -98.691517, 29.735505 ], [ -98.689651, 29.737546 ], [ -98.68865, 29.738291 ], [ -98.688355, 29.73844 ], [ -98.688093, 29.738571 ], [ -98.687569, 29.738757 ], [ -98.687, 29.73894 ], [ -98.6869, 29.738954 ], [ -98.685556, 29.739146 ], [ -98.683533, 29.739238 ], [ -98.682929, 29.739146 ], [ -98.682299, 29.738825 ], [ -98.682246, 29.738734 ], [ -98.681012, 29.738046 ], [ -98.679462, 29.737656 ], [ -98.677755, 29.737449 ], [ -98.676757, 29.737174 ], [ -98.6761, 29.737289 ], [ -98.675997, 29.737349 ], [ -98.675921, 29.737358 ], [ -98.675581, 29.737591 ], [ -98.675155, 29.737839 ], [ -98.674866, 29.73816 ], [ -98.674791, 29.738412 ], [ -98.674509, 29.73881 ], [ -98.674231, 29.740048 ], [ -98.674464, 29.740659 ], [ -98.674256, 29.741446 ], [ -98.674009, 29.741847 ], [ -98.673552, 29.742263 ], [ -98.670793, 29.743157 ], [ -98.669769, 29.74334 ], [ -98.668666, 29.74334 ], [ -98.667668, 29.743133 ], [ -98.666407, 29.74256 ], [ -98.665409, 29.741941 ], [ -98.664674, 29.74162 ], [ -98.664148, 29.741253 ], [ -98.663912, 29.740978 ], [ -98.663254, 29.740794 ], [ -98.66223, 29.740886 ], [ -98.660628, 29.741252 ], [ -98.660128, 29.741504 ], [ -98.659839, 29.741779 ], [ -98.659839, 29.741971 ], [ -98.659712, 29.742142 ], [ -98.659781, 29.742797 ], [ -98.660147, 29.743325 ], [ -98.660575, 29.743727 ], [ -98.663557, 29.745185 ], [ -98.663689, 29.745389 ], [ -98.663746, 29.74628 ], [ -98.663743, 29.746286 ], [ -98.662439, 29.748153 ], [ -98.661624, 29.74884 ], [ -98.661151, 29.748978 ], [ -98.659759, 29.74884 ], [ -98.65955, 29.748852 ], [ -98.659465, 29.748857 ], [ -98.658981, 29.748886 ], [ -98.658603, 29.748908 ], [ -98.658261, 29.748679 ], [ -98.658078, 29.748152 ], [ -98.657894, 29.747877 ], [ -98.657237, 29.747647 ], [ -98.65677, 29.747681 ], [ -98.655424, 29.747778 ], [ -98.655346, 29.747784 ], [ -98.65512, 29.747857 ], [ -98.654426, 29.748082 ], [ -98.653664, 29.748426 ], [ -98.653113, 29.74877 ], [ -98.653064, 29.748834 ], [ -98.653059, 29.748836 ], [ -98.653004, 29.748911 ], [ -98.652745, 29.749251 ], [ -98.652747, 29.749268 ], [ -98.652586, 29.74949 ], [ -98.65256, 29.74987 ], [ -98.652933, 29.750689 ], [ -98.653298, 29.751134 ], [ -98.653319, 29.751261 ], [ -98.653151, 29.752561 ], [ -98.653021, 29.752838 ], [ -98.653007, 29.752869 ], [ -98.652481, 29.75335 ], [ -98.651614, 29.753716 ], [ -98.650826, 29.753739 ], [ -98.650064, 29.753418 ], [ -98.649408, 29.752845 ], [ -98.649093, 29.75234 ], [ -98.648883, 29.75163 ], [ -98.648804, 29.751584 ], [ -98.648778, 29.751263 ], [ -98.648734, 29.75116 ], [ -98.648437, 29.750472 ], [ -98.648148, 29.750052 ], [ -98.647543, 29.749479 ], [ -98.647018, 29.749135 ], [ -98.646992, 29.749043 ], [ -98.646198, 29.748391 ], [ -98.646099, 29.748309 ], [ -98.64581, 29.747919 ], [ -98.645787, 29.747784 ], [ -98.645705, 29.7473 ], [ -98.646044, 29.74656 ], [ -98.646087, 29.746512 ], [ -98.646251, 29.746149 ], [ -98.646252, 29.746108 ], [ -98.646336, 29.745925 ], [ -98.646327, 29.745129 ], [ -98.646241, 29.744426 ], [ -98.646206, 29.744137 ], [ -98.646195, 29.744087 ], [ -98.646239, 29.743607 ], [ -98.645973, 29.743026 ], [ -98.645865, 29.742509 ], [ -98.645445, 29.741684 ], [ -98.644911, 29.741171 ], [ -98.644657, 29.740927 ], [ -98.643843, 29.740331 ], [ -98.642793, 29.740101 ], [ -98.641453, 29.740055 ], [ -98.639562, 29.740398 ], [ -98.637592, 29.740626 ], [ -98.636384, 29.740855 ], [ -98.63486, 29.741359 ], [ -98.633145, 29.741769 ], [ -98.632942, 29.741817 ], [ -98.632662, 29.74196 ], [ -98.631155, 29.742733 ], [ -98.631076, 29.74287 ], [ -98.630551, 29.743053 ], [ -98.629106, 29.743878 ], [ -98.628449, 29.744084 ], [ -98.627556, 29.744175 ], [ -98.625497, 29.744156 ], [ -98.625301, 29.744181 ], [ -98.625153, 29.7442 ], [ -98.624361, 29.74414 ], [ -98.623597, 29.743973 ], [ -98.623597, 29.743952 ], [ -98.622777, 29.74386 ], [ -98.622305, 29.743752 ], [ -98.621793, 29.743718 ], [ -98.621725, 29.743745 ], [ -98.621496, 29.743684 ], [ -98.621206, 29.7437 ], [ -98.620236, 29.74402 ], [ -98.619653, 29.744094 ], [ -98.618702, 29.744064 ], [ -98.618565, 29.744044 ], [ -98.617841, 29.743786 ], [ -98.617385, 29.742978 ], [ -98.617249, 29.74205 ], [ -98.617193, 29.741096 ], [ -98.617209, 29.740482 ], [ -98.617569, 29.739936 ], [ -98.617577, 29.73942 ], [ -98.616785, 29.738738 ], [ -98.616017, 29.738414 ], [ -98.615329, 29.73781 ], [ -98.614713, 29.737498 ], [ -98.614435, 29.737632 ], [ -98.614351, 29.737607 ], [ -98.613632, 29.737762 ], [ -98.613273, 29.738081 ], [ -98.612731, 29.738241 ], [ -98.612536, 29.738725 ], [ -98.612341, 29.739847 ], [ -98.612332, 29.739861 ], [ -98.611797, 29.739952 ], [ -98.611265, 29.74 ], [ -98.611158, 29.740021 ], [ -98.610859, 29.739996 ], [ -98.60912, 29.740333 ], [ -98.608329, 29.740344 ], [ -98.607449, 29.740214 ], [ -98.606507, 29.740064 ], [ -98.606465, 29.740047 ], [ -98.60638, 29.740044 ], [ -98.606265, 29.740026 ], [ -98.604321, 29.739822 ], [ -98.603537, 29.739836 ], [ -98.602833, 29.74006 ], [ -98.602375, 29.740265 ], [ -98.601574, 29.740406 ], [ -98.601284, 29.740544 ], [ -98.60066, 29.741083 ], [ -98.600269, 29.741579 ], [ -98.600061, 29.742217 ], [ -98.600005, 29.743036 ], [ -98.600276, 29.743526 ], [ -98.601702, 29.745292 ], [ -98.603108, 29.746194 ], [ -98.604495, 29.746837 ], [ -98.604747, 29.74726 ], [ -98.604181, 29.748614 ], [ -98.604169, 29.74864 ], [ -98.603801, 29.749078 ], [ -98.602793, 29.749598 ], [ -98.602097, 29.749752 ], [ -98.601409, 29.74989 ], [ -98.601089, 29.749862 ], [ -98.600545, 29.749788 ], [ -98.599977, 29.74959 ], [ -98.599441, 29.749185 ], [ -98.599351, 29.749022 ], [ -98.599199, 29.748962 ], [ -98.598553, 29.748342 ], [ -98.597833, 29.747906 ], [ -98.597041, 29.747228 ], [ -98.596081, 29.746704 ], [ -98.594297, 29.745984 ], [ -98.593553, 29.74564 ], [ -98.593404, 29.745736 ], [ -98.593386, 29.745728 ], [ -98.593121, 29.745684 ], [ -98.592441, 29.746581 ], [ -98.591829, 29.746964 ], [ -98.591168, 29.747056 ], [ -98.590408, 29.747232 ], [ -98.589409, 29.747739 ], [ -98.589249, 29.74774 ], [ -98.588608, 29.747478 ], [ -98.58788, 29.74651 ], [ -98.587504, 29.745298 ], [ -98.587048, 29.744016 ], [ -98.586808, 29.74349 ], [ -98.586968, 29.742904 ], [ -98.58656, 29.742126 ], [ -98.585005, 29.741605 ], [ -98.58478, 29.741466 ], [ -98.584118, 29.741246 ], [ -98.583944, 29.741214 ], [ -98.583688, 29.741118 ], [ -98.583484, 29.74113 ], [ -98.583456, 29.741125 ], [ -98.582523, 29.741192 ], [ -98.58234, 29.741241 ], [ -98.582252, 29.741373 ], [ -98.582328, 29.741703 ], [ -98.582292, 29.741984 ], [ -98.581688, 29.742552 ], [ -98.580968, 29.74295 ], [ -98.580352, 29.743032 ], [ -98.579552, 29.74327 ], [ -98.57955, 29.743272 ], [ -98.579384, 29.743299 ], [ -98.578816, 29.743728 ], [ -98.578678, 29.744185 ], [ -98.578697, 29.744471 ], [ -98.578868, 29.744758 ], [ -98.578864, 29.744802 ], [ -98.579272, 29.74546 ], [ -98.57852, 29.745846 ], [ -98.577376, 29.74648 ], [ -98.57652, 29.746984 ], [ -98.576432, 29.747106 ], [ -98.576425, 29.747136 ], [ -98.576339, 29.747183 ], [ -98.576043, 29.747607 ], [ -98.575997, 29.748193 ], [ -98.575306, 29.749812 ], [ -98.575093, 29.750052 ], [ -98.575065, 29.750119 ], [ -98.574927, 29.750216 ], [ -98.574588, 29.750416 ], [ -98.574581, 29.750417 ], [ -98.574547, 29.750412 ], [ -98.574156, 29.750244 ], [ -98.573896, 29.750052 ], [ -98.573414, 29.749925 ], [ -98.573224, 29.749843 ], [ -98.573016, 29.74982 ], [ -98.572275, 29.749625 ], [ -98.571821, 29.749482 ], [ -98.571728, 29.749394 ], [ -98.571152, 29.748978 ], [ -98.57068, 29.748532 ], [ -98.569824, 29.748116 ], [ -98.569196, 29.748152 ], [ -98.569008, 29.748098 ], [ -98.568752, 29.74824 ], [ -98.568725, 29.748302 ], [ -98.568579, 29.748334 ], [ -98.568314, 29.748548 ], [ -98.568169, 29.748812 ], [ -98.568369, 29.749115 ], [ -98.568184, 29.74954 ], [ -98.567759, 29.750052 ], [ -98.567141, 29.751235 ], [ -98.567067, 29.751316 ], [ -98.566982, 29.751538 ], [ -98.566727, 29.752026 ], [ -98.566149, 29.752347 ], [ -98.565387, 29.752347 ], [ -98.56318, 29.752117 ], [ -98.562786, 29.751567 ], [ -98.562471, 29.751315 ], [ -98.562156, 29.751246 ], [ -98.561, 29.751338 ], [ -98.559912, 29.751355 ], [ -98.559529, 29.751361 ], [ -98.558898, 29.751613 ], [ -98.558483, 29.751874 ], [ -98.558242, 29.752026 ], [ -98.557999, 29.752255 ], [ -98.557559, 29.752581 ], [ -98.556437, 29.753627 ], [ -98.555651, 29.754605 ], [ -98.555641, 29.754616 ], [ -98.555638, 29.754621 ], [ -98.555125, 29.75526 ], [ -98.555081, 29.756058 ], [ -98.555268, 29.756438 ], [ -98.555273, 29.756473 ], [ -98.55543, 29.757046 ], [ -98.55543, 29.757225 ], [ -98.555137, 29.758292 ], [ -98.554747, 29.759062 ], [ -98.554311, 29.759447 ], [ -98.553638, 29.759838 ], [ -98.553145, 29.760072 ], [ -98.552015, 29.760392 ], [ -98.551332, 29.760461 ], [ -98.550355, 29.760359 ], [ -98.548914, 29.760209 ], [ -98.548126, 29.759911 ], [ -98.54739, 29.759223 ], [ -98.547386, 29.759216 ], [ -98.546949, 29.758 ], [ -98.547049, 29.756908 ], [ -98.547049, 29.756885 ], [ -98.547052, 29.756868 ], [ -98.547233, 29.756511 ], [ -98.547837, 29.755693 ], [ -98.548017, 29.755282 ], [ -98.548048, 29.755211 ], [ -98.548048, 29.755158 ], [ -98.548048, 29.754742 ], [ -98.548048, 29.754432 ], [ -98.547943, 29.754157 ], [ -98.547102, 29.753354 ], [ -98.546419, 29.752987 ], [ -98.542768, 29.751726 ], [ -98.541218, 29.751451 ], [ -98.540351, 29.751565 ], [ -98.539905, 29.751703 ], [ -98.539826, 29.751772 ], [ -98.539437, 29.751771 ], [ -98.539077, 29.7519 ], [ -98.539004, 29.751908 ], [ -98.538377, 29.752152 ], [ -98.536947, 29.752665 ], [ -98.535884, 29.752871 ], [ -98.535262, 29.752733 ], [ -98.534227, 29.752091 ], [ -98.533861, 29.751106 ], [ -98.53376, 29.750053 ], [ -98.533692, 29.749981 ], [ -98.533847, 29.748605 ], [ -98.534023, 29.747691 ], [ -98.534143, 29.74746 ], [ -98.534335, 29.746896 ], [ -98.533807, 29.746286 ], [ -98.532911, 29.745986 ], [ -98.531671, 29.745454 ], [ -98.530863, 29.744926 ], [ -98.529727, 29.744406 ], [ -98.528871, 29.744054 ], [ -98.528263, 29.743042 ], [ -98.528216, 29.742478 ], [ -98.5282, 29.742233 ], [ -98.528194, 29.742218 ], [ -98.528175, 29.741986 ], [ -98.527951, 29.74114 ], [ -98.527671, 29.740656 ], [ -98.527231, 29.740302 ], [ -98.526719, 29.740021 ], [ -98.525767, 29.739955 ], [ -98.525695, 29.740053 ], [ -98.525327, 29.74032 ], [ -98.525239, 29.741018 ], [ -98.525607, 29.741688 ], [ -98.5257, 29.741843 ], [ -98.526088, 29.743151 ], [ -98.526089, 29.743218 ], [ -98.525455, 29.743804 ], [ -98.524687, 29.744182 ], [ -98.524039, 29.744644 ], [ -98.523463, 29.74485 ], [ -98.522655, 29.744784 ], [ -98.521703, 29.74469 ], [ -98.521195, 29.744652 ], [ -98.519782, 29.744512 ], [ -98.51875, 29.744078 ], [ -98.517758, 29.743568 ], [ -98.516814, 29.743206 ], [ -98.51591, 29.742718 ], [ -98.515254, 29.742568 ], [ -98.514494, 29.742352 ], [ -98.513422, 29.742036 ], [ -98.512118, 29.741638 ], [ -98.511302, 29.74131 ], [ -98.509606, 29.740621 ], [ -98.50891, 29.740239 ], [ -98.508294, 29.740119 ], [ -98.50783, 29.739749 ], [ -98.507398, 29.739327 ], [ -98.506382, 29.739217 ], [ -98.505606, 29.738871 ], [ -98.50511, 29.738275 ], [ -98.503702, 29.737749 ], [ -98.50239, 29.737677 ], [ -98.50103, 29.737627 ], [ -98.500374, 29.737927 ], [ -98.499422, 29.738081 ], [ -98.499094, 29.738153 ], [ -98.498622, 29.738155 ], [ -98.497457, 29.738107 ], [ -98.49727, 29.738099 ], [ -98.496398, 29.737927 ], [ -98.495014, 29.737259 ], [ -98.494482, 29.737075 ], [ -98.49415, 29.736961 ], [ -98.493334, 29.736767 ], [ -98.493094, 29.736553 ], [ -98.492566, 29.735929 ], [ -98.492086, 29.735471 ], [ -98.490686, 29.735107 ], [ -98.489254, 29.735237 ], [ -98.48819, 29.735573 ], [ -98.486934, 29.735599 ], [ -98.485445, 29.735435 ], [ -98.484141, 29.735227 ], [ -98.483793, 29.735053 ], [ -98.483077, 29.734939 ], [ -98.482517, 29.734893 ], [ -98.481925, 29.734995 ], [ -98.481437, 29.735051 ], [ -98.480797, 29.734963 ], [ -98.480141, 29.734799 ], [ -98.479445, 29.734531 ], [ -98.478661, 29.734305 ], [ -98.478519, 29.734278 ], [ -98.478228, 29.734024 ], [ -98.477522, 29.733606 ], [ -98.476999, 29.733441 ], [ -98.4764, 29.733485 ], [ -98.475177, 29.733826 ], [ -98.47398, 29.734371 ], [ -98.471655, 29.736303 ], [ -98.469026, 29.737667 ], [ -98.467583, 29.738048 ], [ -98.466732, 29.738417 ], [ -98.465982, 29.738543 ], [ -98.465469, 29.738364 ], [ -98.465069, 29.737931 ], [ -98.464581, 29.737249 ], [ -98.463997, 29.736347 ], [ -98.463645, 29.735597 ], [ -98.463317, 29.734797 ], [ -98.462781, 29.734239 ], [ -98.462693, 29.734253 ], [ -98.462689, 29.734251 ], [ -98.462526, 29.733873 ], [ -98.462009, 29.733439 ], [ -98.460067, 29.73263 ], [ -98.45974, 29.732058 ], [ -98.459563, 29.731844 ], [ -98.459374, 29.731778 ], [ -98.458926, 29.7318 ], [ -98.457502, 29.731569 ], [ -98.456651, 29.731833 ], [ -98.453986, 29.732355 ], [ -98.452603, 29.732807 ], [ -98.452503, 29.733192 ], [ -98.452195, 29.733572 ], [ -98.451211, 29.734408 ], [ -98.449484, 29.735261 ], [ -98.449049, 29.735371 ], [ -98.44806, 29.735822 ], [ -98.446786, 29.735988 ], [ -98.446046, 29.735897 ], [ -98.445236, 29.735535 ], [ -98.444236, 29.734665 ], [ -98.443902, 29.734081 ], [ -98.443588, 29.733533 ], [ -98.443188, 29.732565 ], [ -98.443356, 29.731335 ], [ -98.443852, 29.729847 ], [ -98.444364, 29.728473 ], [ -98.444748, 29.727539 ], [ -98.444948, 29.726801 ], [ -98.4451, 29.725737 ], [ -98.445212, 29.724441 ], [ -98.445076, 29.723435 ], [ -98.44502, 29.722277 ], [ -98.444908, 29.721571 ], [ -98.4447, 29.720795 ], [ -98.444508, 29.719787 ], [ -98.444292, 29.719453 ], [ -98.444188, 29.719117 ], [ -98.444153, 29.719086 ], [ -98.44988, 29.707965 ], [ -98.450435, 29.706429 ], [ -98.450849, 29.703983 ], [ -98.453902, 29.681989 ], [ -98.453832, 29.680725 ], [ -98.453622, 29.679776 ], [ -98.450683, 29.670731 ], [ -98.450204, 29.668548 ], [ -98.450067, 29.666855 ], [ -98.450342, 29.658989 ], [ -98.450113, 29.657464 ], [ -98.449258, 29.654118 ], [ -98.449237, 29.653186 ], [ -98.449397, 29.652344 ], [ -98.452736, 29.644212 ], [ -98.464328, 29.622786 ], [ -98.465442, 29.620376 ], [ -98.466641, 29.616387 ], [ -98.466828, 29.615192 ], [ -98.467547, 29.612547 ], [ -98.476287, 29.582421 ], [ -98.48236, 29.564837 ], [ -98.503152, 29.580969 ], [ -98.504262, 29.581437 ], [ -98.504852, 29.581507 ], [ -98.50546, 29.581453 ], [ -98.506901, 29.581051 ], [ -98.507539, 29.580731 ], [ -98.509294, 29.579103 ], [ -98.510178, 29.578652 ], [ -98.511309, 29.578557 ], [ -98.511819, 29.578662 ], [ -98.513021, 29.579117 ], [ -98.51434, 29.579162 ], [ -98.513641, 29.577731 ], [ -98.513422, 29.576857 ], [ -98.513441, 29.575813 ], [ -98.513689, 29.575021 ], [ -98.514182, 29.574143 ], [ -98.517758, 29.570664 ], [ -98.518706, 29.569581 ], [ -98.519487, 29.568217 ], [ -98.519969, 29.566601 ], [ -98.520066, 29.56524 ], [ -98.519987, 29.564293 ], [ -98.519603, 29.562876 ], [ -98.519098, 29.561848 ], [ -98.517172, 29.558631 ], [ -98.518615, 29.558085 ], [ -98.519558, 29.557917 ], [ -98.520676, 29.55789 ], [ -98.522135, 29.558133 ], [ -98.52909, 29.559888 ], [ -98.530419, 29.559963 ], [ -98.53201, 29.559696 ], [ -98.533308, 29.559159 ], [ -98.534289, 29.558495 ], [ -98.53988, 29.552697 ], [ -98.541356, 29.551297 ], [ -98.544541, 29.55384 ], [ -98.546741, 29.555354 ], [ -98.54935, 29.557579 ], [ -98.558067, 29.56435 ], [ -98.563222, 29.569208 ], [ -98.56372, 29.569962 ], [ -98.564081, 29.571199 ], [ -98.564077, 29.572121 ], [ -98.563639, 29.574268 ], [ -98.563814, 29.575527 ], [ -98.564156, 29.576295 ], [ -98.565438, 29.578211 ], [ -98.566131, 29.580011 ], [ -98.566721, 29.580701 ], [ -98.568134, 29.581452 ], [ -98.568883, 29.582129 ], [ -98.571584, 29.585844 ], [ -98.57255, 29.58834 ], [ -98.573005, 29.58915 ], [ -98.573781, 29.589967 ], [ -98.576086, 29.591759 ], [ -98.576746, 29.592402 ], [ -98.576973, 29.592705 ], [ -98.577403, 29.593719 ], [ -98.580424, 29.593059 ], [ -98.587864, 29.592165 ], [ -98.58798, 29.593451 ], [ -98.58815, 29.594043 ], [ -98.588505, 29.594787 ], [ -98.589041, 29.595493 ], [ -98.589724, 29.596025 ], [ -98.594262, 29.598619 ], [ -98.595775, 29.599689 ], [ -98.598929, 29.602308 ], [ -98.599664, 29.603235 ], [ -98.600121, 29.604163 ], [ -98.601446, 29.603844 ], [ -98.603733, 29.610824 ], [ -98.604305, 29.612047 ], [ -98.605823, 29.614459 ], [ -98.606795, 29.616256 ], [ -98.608363, 29.620504 ], [ -98.611359, 29.619821 ], [ -98.611297, 29.619284 ], [ -98.611379, 29.618813 ], [ -98.611656, 29.61828 ], [ -98.611932, 29.617974 ], [ -98.612697, 29.617522 ], [ -98.613963, 29.617242 ], [ -98.61456, 29.616925 ], [ -98.614882, 29.616629 ], [ -98.615836, 29.615349 ], [ -98.616364, 29.614961 ], [ -98.617231, 29.614699 ], [ -98.622314, 29.61415 ], [ -98.622838, 29.61401 ], [ -98.623516, 29.613595 ], [ -98.624324, 29.61259 ], [ -98.625508, 29.611723 ], [ -98.626481, 29.611301 ], [ -98.628705, 29.610533 ], [ -98.62852, 29.609482 ], [ -98.627721, 29.60761 ], [ -98.627663, 29.60589 ], [ -98.628329, 29.602951 ], [ -98.629191, 29.601463 ], [ -98.629219, 29.599387 ], [ -98.629361, 29.598723 ], [ -98.629705, 29.59801 ], [ -98.63061, 29.596663 ], [ -98.630727, 29.596248 ], [ -98.630504, 29.595767 ], [ -98.629698, 29.595119 ], [ -98.629366, 29.594668 ], [ -98.628992, 29.593225 ], [ -98.628918, 29.592495 ], [ -98.629268, 29.590575 ], [ -98.630723, 29.588342 ], [ -98.631149, 29.587245 ], [ -98.633666, 29.586945 ], [ -98.635273, 29.586494 ], [ -98.637154, 29.585551 ], [ -98.638514, 29.584488 ], [ -98.6497, 29.572591 ], [ -98.654221, 29.566288 ], [ -98.659066, 29.561062 ], [ -98.660108, 29.560042 ], [ -98.666455, 29.554544 ], [ -98.667762, 29.55327 ], [ -98.677833, 29.542604 ], [ -98.680935, 29.539811 ], [ -98.681814, 29.538585 ], [ -98.682771, 29.536472 ], [ -98.683518, 29.534511 ], [ -98.684199, 29.531592 ], [ -98.684684, 29.530297 ], [ -98.685265, 29.52933 ], [ -98.685834, 29.528598 ], [ -98.689443, 29.525022 ], [ -98.689836, 29.524584 ], [ -98.690799, 29.523108 ], [ -98.700168, 29.50409 ], [ -98.708806, 29.507443 ], [ -98.710472, 29.504081 ], [ -98.718929, 29.507311 ], [ -98.720034, 29.505139 ], [ -98.721529, 29.505725 ], [ -98.723112, 29.502582 ], [ -98.726643, 29.505573 ], [ -98.727967, 29.502932 ], [ -98.713616, 29.497593 ], [ -98.709657, 29.495982 ], [ -98.713992, 29.487271 ], [ -98.714406, 29.48628 ], [ -98.713177, 29.485851 ], [ -98.713388, 29.485359 ], [ -98.715671, 29.486113 ], [ -98.718217, 29.486559 ], [ -98.720845, 29.486626 ], [ -98.723025, 29.486369 ], [ -98.723878, 29.486186 ], [ -98.723672, 29.485432 ], [ -98.723599, 29.484507 ], [ -98.723694, 29.483765 ], [ -98.724054, 29.482701 ], [ -98.724785, 29.481605 ], [ -98.726801, 29.479614 ], [ -98.724437, 29.478177 ], [ -98.723776, 29.477375 ], [ -98.72353, 29.476749 ], [ -98.72294, 29.476895 ], [ -98.722466, 29.475382 ], [ -98.721516, 29.475595 ], [ -98.720169, 29.475586 ], [ -98.72018, 29.474957 ], [ -98.720002, 29.474466 ], [ -98.720216, 29.472617 ], [ -98.722484, 29.472055 ], [ -98.722913, 29.471795 ], [ -98.724069, 29.471499 ], [ -98.72414, 29.466943 ], [ -98.724308, 29.466741 ], [ -98.725532, 29.466442 ], [ -98.725697, 29.46647 ], [ -98.725337, 29.465577 ], [ -98.715031, 29.468046 ], [ -98.715215, 29.465598 ], [ -98.716972, 29.465625 ], [ -98.719109, 29.465343 ], [ -98.720757, 29.464757 ], [ -98.723016, 29.463608 ], [ -98.725426, 29.462795 ], [ -98.73771, 29.460083 ], [ -98.740879, 29.459667 ], [ -98.743299, 29.459877 ], [ -98.749593, 29.461798 ], [ -98.751853, 29.462408 ], [ -98.754392, 29.462741 ], [ -98.756052, 29.462633 ], [ -98.758352, 29.461312 ], [ -98.757827, 29.46042 ], [ -98.752124, 29.445556 ], [ -98.74919, 29.439628 ], [ -98.748577, 29.439754 ], [ -98.748577, 29.440602 ], [ -98.74839, 29.440606 ], [ -98.747246, 29.441645 ], [ -98.746514, 29.44209 ], [ -98.745766, 29.442299 ], [ -98.744641, 29.442232 ], [ -98.742833, 29.44163 ], [ -98.742403, 29.44092 ], [ -98.741697, 29.441268 ], [ -98.740658, 29.441107 ], [ -98.741629, 29.441978 ], [ -98.737795, 29.445457 ], [ -98.734999, 29.447833 ], [ -98.733306, 29.446336 ], [ -98.732625, 29.446008 ], [ -98.732875, 29.445738 ], [ -98.733248, 29.445629 ], [ -98.733941, 29.445916 ], [ -98.734457, 29.445891 ], [ -98.734867, 29.445576 ], [ -98.734966, 29.445095 ], [ -98.734681, 29.444687 ], [ -98.733577, 29.444428 ], [ -98.73315, 29.444087 ], [ -98.732356, 29.442981 ], [ -98.732191, 29.442496 ], [ -98.73214, 29.441725 ], [ -98.731828, 29.441395 ], [ -98.731372, 29.441363 ], [ -98.731079, 29.441517 ], [ -98.730971, 29.441679 ], [ -98.730864, 29.441636 ], [ -98.730503, 29.441363 ], [ -98.730203, 29.440842 ], [ -98.729722, 29.440512 ], [ -98.729155, 29.441209 ], [ -98.727924, 29.440116 ], [ -98.726397, 29.441404 ], [ -98.727674, 29.442494 ], [ -98.726706, 29.443368 ], [ -98.726362, 29.443069 ], [ -98.725763, 29.443595 ], [ -98.724551, 29.442663 ], [ -98.722789, 29.442599 ], [ -98.722828, 29.440629 ], [ -98.723693, 29.440694 ], [ -98.723682, 29.441557 ], [ -98.72414, 29.441633 ], [ -98.725192, 29.442154 ], [ -98.726002, 29.441141 ], [ -98.724715, 29.440541 ], [ -98.724731, 29.440268 ], [ -98.724583, 29.440026 ], [ -98.723723, 29.43975 ], [ -98.723727, 29.43912 ], [ -98.722865, 29.439116 ], [ -98.722985, 29.437864 ], [ -98.722971, 29.436401 ], [ -98.72168, 29.436359 ], [ -98.719611, 29.435711 ], [ -98.71909, 29.435144 ], [ -98.71863, 29.433857 ], [ -98.719967, 29.433518 ], [ -98.720105, 29.417508 ], [ -98.720527, 29.417507 ], [ -98.720569, 29.415965 ], [ -98.725892, 29.415962 ], [ -98.726202, 29.415903 ], [ -98.726403, 29.415716 ], [ -98.726466, 29.410099 ], [ -98.72639, 29.409582 ], [ -98.726624, 29.409168 ], [ -98.72661, 29.406921 ], [ -98.721183, 29.406999 ], [ -98.710253, 29.406932 ], [ -98.710248, 29.407703 ], [ -98.709337, 29.407861 ], [ -98.70863, 29.406192 ], [ -98.703472, 29.398333 ], [ -98.702847, 29.396886 ], [ -98.702553, 29.395392 ], [ -98.701244, 29.384478 ], [ -98.700265, 29.384562 ], [ -98.699497, 29.383849 ], [ -98.69913, 29.383682 ], [ -98.698837, 29.383716 ], [ -98.698557, 29.383639 ], [ -98.69836, 29.383432 ], [ -98.697456, 29.38348 ], [ -98.694263, 29.384262 ], [ -98.694071, 29.384482 ], [ -98.674442, 29.389188 ], [ -98.67295, 29.389651 ], [ -98.670646, 29.390535 ], [ -98.670292, 29.390299 ], [ -98.670015, 29.38974 ], [ -98.652861, 29.396523 ], [ -98.630637, 29.402054 ], [ -98.607082, 29.406539 ], [ -98.607183, 29.407379 ], [ -98.607794, 29.408871 ], [ -98.608215, 29.410376 ], [ -98.608593, 29.410833 ], [ -98.608869, 29.411726 ], [ -98.60912, 29.411988 ], [ -98.610666, 29.412026 ], [ -98.611144, 29.412236 ], [ -98.612212, 29.411934 ], [ -98.615134, 29.411602 ], [ -98.615794, 29.411559 ], [ -98.616328, 29.411657 ], [ -98.617139, 29.411666 ], [ -98.617823, 29.411849 ], [ -98.618703, 29.412255 ], [ -98.619118, 29.412112 ], [ -98.619275, 29.4122 ], [ -98.61932, 29.412607 ], [ -98.619797, 29.41301 ], [ -98.620181, 29.413961 ], [ -98.620144, 29.414802 ], [ -98.620302, 29.415561 ], [ -98.619768, 29.417459 ], [ -98.619059, 29.418472 ], [ -98.618305, 29.419034 ], [ -98.617777, 29.4191 ], [ -98.616809, 29.418858 ], [ -98.615891, 29.418797 ], [ -98.614903, 29.419033 ], [ -98.612781, 29.419174 ], [ -98.611915, 29.419927 ], [ -98.611738, 29.419906 ], [ -98.611495, 29.419604 ], [ -98.610904, 29.419635 ], [ -98.61052, 29.420221 ], [ -98.610221, 29.422894 ], [ -98.611049, 29.424379 ], [ -98.611446, 29.425567 ], [ -98.612307, 29.426754 ], [ -98.612867, 29.427211 ], [ -98.613891, 29.427756 ], [ -98.615048, 29.428201 ], [ -98.615797, 29.428641 ], [ -98.616293, 29.428678 ], [ -98.616808, 29.428899 ], [ -98.619795, 29.431082 ], [ -98.619625, 29.431258 ], [ -98.619261, 29.431345 ], [ -98.618965, 29.431576 ], [ -98.618727, 29.432578 ], [ -98.618966, 29.432827 ], [ -98.619833, 29.433287 ], [ -98.61985, 29.433687 ], [ -98.62546, 29.434216 ], [ -98.626795, 29.434247 ], [ -98.628635, 29.433981 ], [ -98.630173, 29.433445 ], [ -98.635326, 29.440293 ], [ -98.635964, 29.44082 ], [ -98.640311, 29.443661 ], [ -98.641529, 29.445068 ], [ -98.642354, 29.445809 ], [ -98.64311, 29.446295 ], [ -98.644713, 29.447003 ], [ -98.645493, 29.447529 ], [ -98.646294, 29.448403 ], [ -98.646902, 29.449524 ], [ -98.637494, 29.453134 ], [ -98.636914, 29.451943 ], [ -98.636782, 29.451349 ], [ -98.637096, 29.448603 ], [ -98.637042, 29.447939 ], [ -98.636931, 29.447663 ], [ -98.636649, 29.447381 ], [ -98.635677, 29.446763 ], [ -98.631206, 29.452137 ], [ -98.630366, 29.453283 ], [ -98.625462, 29.449995 ], [ -98.624337, 29.449606 ], [ -98.623409, 29.449497 ], [ -98.622597, 29.449539 ], [ -98.621668, 29.449742 ], [ -98.614524, 29.452515 ], [ -98.611905, 29.452748 ], [ -98.611043, 29.452679 ], [ -98.610308, 29.452401 ], [ -98.604131, 29.449073 ], [ -98.602671, 29.44859 ], [ -98.602703, 29.441907 ], [ -98.602608, 29.441341 ], [ -98.602286, 29.440874 ], [ -98.601959, 29.440653 ], [ -98.600694, 29.440375 ], [ -98.600286, 29.440184 ], [ -98.599926, 29.439828 ], [ -98.599738, 29.439329 ], [ -98.599623, 29.426653 ], [ -98.599669, 29.407842 ], [ -98.596422, 29.408036 ], [ -98.587817, 29.408866 ], [ -98.587831, 29.407254 ], [ -98.585892, 29.407023 ], [ -98.584247, 29.406968 ], [ -98.584264, 29.404545 ], [ -98.58472, 29.402118 ], [ -98.584393, 29.401296 ], [ -98.583988, 29.400956 ], [ -98.573515, 29.399917 ], [ -98.573594, 29.399289 ], [ -98.570952, 29.399035 ], [ -98.570456, 29.39933 ], [ -98.567739, 29.399069 ], [ -98.567786, 29.398736 ], [ -98.566899, 29.398751 ], [ -98.566701, 29.399148 ], [ -98.562393, 29.398762 ], [ -98.562713, 29.397056 ], [ -98.56344, 29.391273 ], [ -98.563621, 29.391146 ], [ -98.563795, 29.389702 ], [ -98.560886, 29.389511 ], [ -98.561005, 29.388966 ], [ -98.56257, 29.389154 ], [ -98.562862, 29.38902 ], [ -98.563082, 29.38697 ], [ -98.563302, 29.385855 ], [ -98.56136, 29.385622 ], [ -98.561523, 29.384417 ], [ -98.559616, 29.384233 ], [ -98.559609, 29.384472 ], [ -98.557263, 29.384239 ], [ -98.553411, 29.385889 ], [ -98.552759, 29.386339 ], [ -98.550507, 29.387393 ], [ -98.550831, 29.385244 ], [ -98.557922, 29.376977 ], [ -98.560312, 29.373959 ], [ -98.5654, 29.368026 ], [ -98.564565, 29.367795 ], [ -98.570548, 29.360137 ], [ -98.573238, 29.356835 ], [ -98.575017, 29.354911 ], [ -98.57603, 29.355354 ], [ -98.576615, 29.355649 ], [ -98.576754, 29.355955 ], [ -98.575675, 29.357785 ], [ -98.575996, 29.358672 ], [ -98.576379, 29.359253 ], [ -98.579518, 29.359568 ], [ -98.579377, 29.361194 ], [ -98.580508, 29.361056 ], [ -98.581688, 29.361072 ], [ -98.583949, 29.361881 ], [ -98.584691, 29.362668 ], [ -98.584873, 29.36324 ], [ -98.584804, 29.363933 ], [ -98.584905, 29.364412 ], [ -98.585024, 29.364692 ], [ -98.58583, 29.365709 ], [ -98.592493, 29.365762 ], [ -98.593892, 29.365986 ], [ -98.595351, 29.366453 ], [ -98.596558, 29.367045 ], [ -98.613516, 29.37705 ], [ -98.614283, 29.376697 ], [ -98.614111, 29.376374 ], [ -98.614244, 29.376294 ], [ -98.617279, 29.37506 ], [ -98.620582, 29.367853 ], [ -98.62091, 29.366395 ], [ -98.625241, 29.367015 ], [ -98.626137, 29.367058 ], [ -98.628378, 29.366953 ], [ -98.629189, 29.367086 ], [ -98.636776, 29.371076 ], [ -98.632701, 29.360817 ], [ -98.64649, 29.360638 ], [ -98.646502, 29.350452 ], [ -98.646388, 29.350449 ], [ -98.646391, 29.347203 ], [ -98.661618, 29.347479 ], [ -98.666765, 29.346212 ], [ -98.671127, 29.346289 ], [ -98.671206, 29.328163 ], [ -98.670832, 29.328065 ], [ -98.673386, 29.328135 ], [ -98.67368, 29.32805 ], [ -98.673724, 29.325848 ], [ -98.674864, 29.325603 ], [ -98.675834, 29.324929 ], [ -98.676106, 29.324038 ], [ -98.676232, 29.324013 ], [ -98.676307, 29.324172 ], [ -98.675958, 29.325239 ], [ -98.675882, 29.32613 ], [ -98.676136, 29.327926 ], [ -98.686875, 29.327813 ], [ -98.688701, 29.33151 ], [ -98.691222, 29.339163 ], [ -98.691456, 29.340292 ], [ -98.691555, 29.336719 ], [ -98.691212, 29.336189 ], [ -98.691545, 29.336354 ], [ -98.692192, 29.336354 ], [ -98.693015, 29.336541 ], [ -98.694679, 29.337372 ], [ -98.695652, 29.337993 ], [ -98.6966, 29.338379 ], [ -98.69741, 29.338285 ], [ -98.699369, 29.338912 ], [ -98.69942, 29.33949 ], [ -98.699162, 29.339831 ], [ -98.698139, 29.340513 ], [ -98.698101, 29.340827 ], [ -98.697925, 29.341107 ], [ -98.697963, 29.341438 ], [ -98.698861, 29.342054 ], [ -98.699571, 29.342318 ], [ -98.700933, 29.34229 ], [ -98.701096, 29.342142 ], [ -98.701492, 29.341355 ], [ -98.702729, 29.341344 ], [ -98.703464, 29.341784 ], [ -98.703709, 29.342295 ], [ -98.703433, 29.342686 ], [ -98.703659, 29.34317 ], [ -98.70418, 29.343819 ], [ -98.704155, 29.343979 ], [ -98.703916, 29.344226 ], [ -98.703954, 29.344347 ], [ -98.704682, 29.344881 ], [ -98.705951, 29.344941 ], [ -98.706202, 29.345189 ], [ -98.706428, 29.34569 ], [ -98.706366, 29.346498 ], [ -98.705418, 29.347483 ], [ -98.704815, 29.348309 ], [ -98.70489, 29.349129 ], [ -98.705638, 29.349783 ], [ -98.706021, 29.349976 ], [ -98.706335, 29.350075 ], [ -98.706957, 29.350053 ], [ -98.707886, 29.350388 ], [ -98.708244, 29.350746 ], [ -98.708935, 29.351164 ], [ -98.709268, 29.351549 ], [ -98.709758, 29.351785 ], [ -98.70984, 29.351961 ], [ -98.709978, 29.352022 ], [ -98.710066, 29.351972 ], [ -98.709927, 29.351631 ], [ -98.709984, 29.351521 ], [ -98.710223, 29.351565 ], [ -98.710367, 29.351945 ], [ -98.710543, 29.351868 ], [ -98.710474, 29.351598 ], [ -98.710976, 29.350855 ], [ -98.710938, 29.35047 ], [ -98.711051, 29.350239 ], [ -98.711805, 29.349661 ], [ -98.712652, 29.349479 ], [ -98.713927, 29.347658 ], [ -98.713983, 29.34691 ], [ -98.713474, 29.345964 ], [ -98.713964, 29.344616 ], [ -98.713957, 29.344274 ], [ -98.713624, 29.343922 ], [ -98.713398, 29.343873 ], [ -98.713053, 29.343994 ], [ -98.712909, 29.343922 ], [ -98.712758, 29.343185 ], [ -98.712808, 29.342993 ], [ -98.713448, 29.3422 ], [ -98.713304, 29.341771 ], [ -98.713661, 29.341034 ], [ -98.714032, 29.34094 ], [ -98.714314, 29.341072 ], [ -98.714773, 29.340874 ], [ -98.715752, 29.340824 ], [ -98.71618, 29.341853 ], [ -98.716657, 29.342524 ], [ -98.717348, 29.343173 ], [ -98.717863, 29.343371 ], [ -98.71932, 29.343519 ], [ -98.719904, 29.343404 ], [ -98.720155, 29.34353 ], [ -98.721304, 29.342963 ], [ -98.721681, 29.343315 ], [ -98.722058, 29.343282 ], [ -98.722183, 29.343139 ], [ -98.722233, 29.342699 ], [ -98.722484, 29.342182 ], [ -98.723583, 29.341384 ], [ -98.723972, 29.340718 ], [ -98.724142, 29.34069 ], [ -98.724343, 29.340921 ], [ -98.72465, 29.340949 ], [ -98.724933, 29.34113 ], [ -98.725115, 29.341092 ], [ -98.725975, 29.34047 ], [ -98.726986, 29.339974 ], [ -98.72789, 29.339902 ], [ -98.728311, 29.339413 ], [ -98.729008, 29.33949 ], [ -98.729629, 29.339704 ], [ -98.730201, 29.340155 ], [ -98.731288, 29.340644 ], [ -98.731639, 29.340716 ], [ -98.732079, 29.340666 ], [ -98.73282, 29.340303 ], [ -98.73324, 29.340269 ], [ -98.733479, 29.340115 ], [ -98.733592, 29.339857 ], [ -98.733793, 29.339758 ], [ -98.735984, 29.339421 ], [ -98.736505, 29.339195 ], [ -98.736649, 29.33892 ], [ -98.736479, 29.338128 ], [ -98.735361, 29.336544 ], [ -98.73521, 29.33529 ], [ -98.735699, 29.334888 ], [ -98.735793, 29.334371 ], [ -98.735328, 29.333512 ], [ -98.735309, 29.332869 ], [ -98.73583, 29.332791 ], [ -98.736194, 29.332566 ], [ -98.736615, 29.332659 ], [ -98.73691, 29.332147 ], [ -98.7375, 29.331878 ], [ -98.737827, 29.331976 ], [ -98.738455, 29.33235 ], [ -98.73939, 29.332465 ], [ -98.739591, 29.332707 ], [ -98.739842, 29.33279 ], [ -98.740401, 29.332801 ], [ -98.740439, 29.332894 ], [ -98.741249, 29.332668 ], [ -98.741469, 29.332701 ], [ -98.74167, 29.33285 ], [ -98.741971, 29.333202 ], [ -98.742235, 29.334005 ], [ -98.742537, 29.334467 ], [ -98.742393, 29.334704 ], [ -98.741834, 29.335017 ], [ -98.741721, 29.335496 ], [ -98.74186, 29.33598 ], [ -98.742557, 29.336365 ], [ -98.74343, 29.336508 ], [ -98.744585, 29.336507 ], [ -98.746042, 29.336045 ], [ -98.746267, 29.335852 ], [ -98.746286, 29.335703 ], [ -98.745809, 29.335252 ], [ -98.745828, 29.335065 ], [ -98.746167, 29.335005 ], [ -98.746776, 29.335263 ], [ -98.747353, 29.334751 ], [ -98.747529, 29.334855 ], [ -98.747573, 29.335065 ], [ -98.747084, 29.335852 ], [ -98.746902, 29.336523 ], [ -98.746952, 29.33666 ], [ -98.747524, 29.336886 ], [ -98.748365, 29.336907 ], [ -98.748999, 29.336808 ], [ -98.749433, 29.336505 ], [ -98.749702, 29.335564 ], [ -98.750138, 29.334931 ], [ -98.750276, 29.334326 ], [ -98.75029, 29.332912 ], [ -98.750768, 29.331559 ], [ -98.7509, 29.330634 ], [ -98.751057, 29.330354 ], [ -98.751459, 29.330277 ], [ -98.751999, 29.330651 ], [ -98.752012, 29.330871 ], [ -98.752137, 29.33097 ], [ -98.752325, 29.330965 ], [ -98.752526, 29.330822 ], [ -98.752508, 29.330723 ], [ -98.753035, 29.330201 ], [ -98.753155, 29.329794 ], [ -98.753149, 29.329293 ], [ -98.752798, 29.328324 ], [ -98.752987, 29.32762 ], [ -98.753181, 29.327395 ], [ -98.753941, 29.327197 ], [ -98.754325, 29.326751 ], [ -98.754714, 29.326867 ], [ -98.755467, 29.327896 ], [ -98.75595, 29.328199 ], [ -98.756678, 29.328326 ], [ -98.757262, 29.328926 ], [ -98.757676, 29.329053 ], [ -98.758483, 29.329727 ], [ -98.760074, 29.330683 ], [ -98.762664, 29.33168 ], [ -98.765124, 29.332065 ], [ -98.766129, 29.332369 ], [ -98.766574, 29.332402 ], [ -98.76702, 29.332342 ], [ -98.767237, 29.332179 ], [ -98.767615, 29.331754 ], [ -98.767897, 29.331219 ], [ -98.76838, 29.3309 ], [ -98.768607, 29.329882 ], [ -98.768438, 29.328683 ], [ -98.769072, 29.327902 ], [ -98.769474, 29.327874 ], [ -98.770008, 29.328221 ], [ -98.770434, 29.329421 ], [ -98.770673, 29.329833 ], [ -98.770949, 29.330053 ], [ -98.771206, 29.330103 ], [ -98.772424, 29.3299 ], [ -98.77252, 29.329222 ], [ -98.772661, 29.329004 ], [ -98.773035, 29.328626 ], [ -98.774124, 29.327938 ], [ -98.774526, 29.327361 ], [ -98.774523, 29.326936 ], [ -98.774084, 29.325609 ], [ -98.773983, 29.325422 ], [ -98.77373, 29.325276 ], [ -98.773688, 29.324955 ], [ -98.773783, 29.324508 ], [ -98.77409, 29.324327 ], [ -98.774523, 29.324338 ], [ -98.775277, 29.324872 ], [ -98.77608, 29.325197 ], [ -98.776809, 29.325235 ], [ -98.777317, 29.325142 ], [ -98.778296, 29.325335 ], [ -98.778962, 29.32583 ], [ -98.779464, 29.326579 ], [ -98.77969, 29.326716 ], [ -98.779853, 29.327277 ], [ -98.780192, 29.327635 ], [ -98.781108, 29.328257 ], [ -98.781824, 29.328587 ], [ -98.782326, 29.328692 ], [ -98.783004, 29.328621 ], [ -98.783362, 29.328274 ], [ -98.783589, 29.327795 ], [ -98.783551, 29.327146 ], [ -98.783878, 29.326613 ], [ -98.784782, 29.32625 ], [ -98.785573, 29.326305 ], [ -98.786207, 29.326613 ], [ -98.78664, 29.3274 ], [ -98.787004, 29.327829 ], [ -98.787676, 29.328181 ], [ -98.788655, 29.328231 ], [ -98.78917, 29.328407 ], [ -98.789515, 29.328672 ], [ -98.789854, 29.329359 ], [ -98.790287, 29.329585 ], [ -98.790853, 29.329277 ], [ -98.791336, 29.328837 ], [ -98.7916, 29.328083 ], [ -98.791977, 29.327615 ], [ -98.792668, 29.327021 ], [ -98.794972, 29.326152 ], [ -98.795769, 29.326147 ], [ -98.796466, 29.326747 ], [ -98.797728, 29.327138 ], [ -98.79808, 29.327358 ], [ -98.798406, 29.327385 ], [ -98.799442, 29.327165 ], [ -98.799712, 29.326989 ], [ -98.800428, 29.325559 ], [ -98.800704, 29.325245 ], [ -98.800792, 29.324701 ], [ -98.801577, 29.323969 ], [ -98.802092, 29.323622 ], [ -98.802871, 29.32332 ], [ -98.803065, 29.323336 ], [ -98.803379, 29.323573 ], [ -98.8046, 29.323349 ], [ -98.804856, 29.31535 ], [ -98.804785, 29.321452 ], [ -98.804788, 29.322349 ], [ -98.80479, 29.322976 ], [ -98.804791, 29.323487 ], [ -98.804794, 29.324342 ], [ -98.804795, 29.324842 ], [ -98.80482, 29.331628 ], [ -98.804859, 29.341577 ], [ -98.804915, 29.356404 ], [ -98.80495, 29.365484 ], [ -98.804991, 29.371429 ], [ -98.805079, 29.375064 ], [ -98.805087, 29.379115 ], [ -98.805113, 29.39127 ], [ -98.805129, 29.39833 ], [ -98.805141, 29.403719 ], [ -98.805144, 29.404868 ], [ -98.805162, 29.41297 ], [ -98.805173, 29.417775 ], [ -98.805199, 29.429319 ], [ -98.805232, 29.43588 ], [ -98.805249, 29.43918 ], [ -98.805289, 29.447214 ], [ -98.805334, 29.455983 ], [ -98.805347, 29.458604 ], [ -98.805369, 29.462784 ], [ -98.80553, 29.482006 ], [ -98.805682, 29.50006 ], [ -98.805685, 29.50082 ], [ -98.8057, 29.504618 ], [ -98.805775, 29.522478 ], [ -98.8058, 29.528326 ], [ -98.80583, 29.535445 ], [ -98.805841, 29.537875 ], [ -98.80585, 29.539977 ], [ -98.805865, 29.543369 ], [ -98.805879, 29.546629 ], [ -98.805911, 29.554183 ], [ -98.805961, 29.565747 ], [ -98.805963, 29.566015 ], [ -98.80605, 29.581691 ], [ -98.806047, 29.58186 ], [ -98.806026, 29.582902 ], [ -98.80603, 29.584023 ], [ -98.80604, 29.586628 ], [ -98.806059, 29.591462 ], [ -98.806083, 29.597414 ], [ -98.806111, 29.604783 ], [ -98.806115, 29.605635 ], [ -98.806129, 29.609173 ], [ -98.806146, 29.613802 ], [ -98.806154, 29.615878 ], [ -98.806158, 29.616693 ], [ -98.80616, 29.625057 ], [ -98.80614, 29.630684 ], [ -98.806139, 29.631002 ], [ -98.806138, 29.631398 ], [ -98.806131, 29.633509 ], [ -98.806114, 29.638572 ], [ -98.806102, 29.642288 ], [ -98.806101, 29.642804 ], [ -98.8061, 29.642983 ], [ -98.806256, 29.653024 ], [ -98.806518, 29.667328 ], [ -98.806604, 29.674904 ], [ -98.806625, 29.676805 ], [ -98.80667, 29.68174 ], [ -98.806749, 29.690523 ], [ -98.800409, 29.697429 ] ] ], [ [ [ -98.804874, 29.303196 ], [ -98.804911, 29.303 ], [ -98.804992, 29.302919 ], [ -98.804989, 29.30368 ], [ -98.804979, 29.306627 ], [ -98.804969, 29.309509 ], [ -98.804919, 29.310457 ], [ -98.804874, 29.303196 ] ] ], [ [ [ -98.804907, 29.302004 ], [ -98.804865, 29.301409 ], [ -98.804739, 29.274961 ], [ -98.804758, 29.250429 ], [ -98.804922, 29.250503 ], [ -98.804922, 29.25098 ], [ -98.804922, 29.253819 ], [ -98.804921, 29.256536 ], [ -98.804921, 29.258336 ], [ -98.804921, 29.258616 ], [ -98.804921, 29.258926 ], [ -98.804921, 29.261847 ], [ -98.804947, 29.262443 ], [ -98.80492, 29.265951 ], [ -98.80492, 29.269367 ], [ -98.804972, 29.27872 ], [ -98.804907, 29.281379 ], [ -98.804893, 29.281975 ], [ -98.804971, 29.290022 ], [ -98.80497, 29.295455 ], [ -98.804994, 29.30167 ], [ -98.804996, 29.302035 ], [ -98.804995, 29.302258 ], [ -98.804907, 29.302004 ] ] ] ] } },
{ "type": "Feature", "properties": { "OBJECTID_1": 28, "District": 28, "USCONGR": "Texas District 28", "WEBSITE": "https://www.house.gov/representatives#state-texas", "Shape__Area": 436984174037.92383, "Shape__Length": 4338835.9118554257, "OBJECTID_2": 1, "ID": 1, "FIPSSTCO": "48029", "NAME": "Bexar County", "ICOMAPATTR": "x", "SHAPESTArea": 35025204908.119141, "SHAPESTLength": 923728.01036523399 }, "geometry": { "type": "Polygon", "coordinates": [ [ [ -98.804771, 29.250698 ], [ -98.802118, 29.249611 ], [ -98.750308, 29.231844 ], [ -98.746704, 29.230722 ], [ -98.625326, 29.189278 ], [ -98.621584, 29.187881 ], [ -98.524008, 29.154433 ], [ -98.507779, 29.148937 ], [ -98.435607, 29.12409 ], [ -98.430857, 29.122347 ], [ -98.414068, 29.116715 ], [ -98.410704, 29.11551 ], [ -98.407375, 29.11445 ], [ -98.407533, 29.114266 ], [ -98.410851, 29.11532 ], [ -98.414257, 29.116541 ], [ -98.418416, 29.117895 ], [ -98.426436, 29.120644 ], [ -98.427605, 29.121032 ], [ -98.431058, 29.122177 ], [ -98.431496, 29.122338 ], [ -98.435796, 29.123919 ], [ -98.437833, 29.124616 ], [ -98.439173, 29.125074 ], [ -98.441544, 29.125889 ], [ -98.44884, 29.128399 ], [ -98.456262, 29.130953 ], [ -98.473847, 29.137002 ], [ -98.48402, 29.140502 ], [ -98.494112, 29.143973 ], [ -98.494366, 29.144061 ], [ -98.495756, 29.144559 ], [ -98.496044, 29.144658 ], [ -98.49768, 29.145222 ], [ -98.50049, 29.146157 ], [ -98.500618, 29.146201 ], [ -98.50091, 29.146303 ], [ -98.50442, 29.147525 ], [ -98.50464, 29.147602 ], [ -98.506498, 29.14825 ], [ -98.506755, 29.148339 ], [ -98.507968, 29.148763 ], [ -98.512143, 29.150143 ], [ -98.513676, 29.150668 ], [ -98.513933, 29.150756 ], [ -98.51616, 29.151519 ], [ -98.516341, 29.151581 ], [ -98.517229, 29.151885 ], [ -98.521138, 29.153224 ], [ -98.52311, 29.153899 ], [ -98.523277, 29.153957 ], [ -98.524062, 29.154226 ], [ -98.52421, 29.154277 ], [ -98.524412, 29.154346 ], [ -98.525686, 29.154782 ], [ -98.527099, 29.155266 ], [ -98.530479, 29.156423 ], [ -98.540873, 29.159982 ], [ -98.544788, 29.161323 ], [ -98.54627, 29.161831 ], [ -98.547206, 29.162152 ], [ -98.547693, 29.162319 ], [ -98.55308, 29.164163 ], [ -98.557544, 29.165692 ], [ -98.559454, 29.166346 ], [ -98.566877, 29.168888 ], [ -98.574124, 29.17137 ], [ -98.574993, 29.171668 ], [ -98.575614, 29.171881 ], [ -98.585239, 29.175176 ], [ -98.5853, 29.175197 ], [ -98.585465, 29.175254 ], [ -98.585589, 29.175297 ], [ -98.58646, 29.175596 ], [ -98.588462, 29.176282 ], [ -98.594877, 29.178492 ], [ -98.599679, 29.180137 ], [ -98.600282, 29.180343 ], [ -98.600721, 29.180494 ], [ -98.60198, 29.180925 ], [ -98.602897, 29.18124 ], [ -98.605882, 29.182262 ], [ -98.606834, 29.182589 ], [ -98.61279, 29.184629 ], [ -98.613536, 29.184885 ], [ -98.618622, 29.186628 ], [ -98.621695, 29.187681 ], [ -98.625494, 29.189098 ], [ -98.626673, 29.1895 ], [ -98.637143, 29.193074 ], [ -98.638463, 29.193524 ], [ -98.640411, 29.194189 ], [ -98.647966, 29.196768 ], [ -98.655053, 29.199187 ], [ -98.658501, 29.200364 ], [ -98.65912, 29.200576 ], [ -98.660099, 29.200911 ], [ -98.668444, 29.20376 ], [ -98.676276, 29.206433 ], [ -98.677909, 29.206991 ], [ -98.682099, 29.208422 ], [ -98.688521, 29.210615 ], [ -98.68966, 29.211004 ], [ -98.695874, 29.213126 ], [ -98.69692, 29.213483 ], [ -98.698695, 29.214089 ], [ -98.699912, 29.214505 ], [ -98.704339, 29.216017 ], [ -98.711192, 29.218357 ], [ -98.719302, 29.221126 ], [ -98.727834, 29.22404 ], [ -98.735645, 29.226707 ], [ -98.746893, 29.230548 ], [ -98.750498, 29.231668 ], [ -98.760696, 29.235169 ], [ -98.769137, 29.238067 ], [ -98.772597, 29.239255 ], [ -98.775059, 29.240101 ], [ -98.77592, 29.240397 ], [ -98.77699, 29.240765 ], [ -98.777467, 29.240929 ], [ -98.777571, 29.240965 ], [ -98.778093, 29.241144 ], [ -98.78001, 29.241789 ], [ -98.780557, 29.241977 ], [ -98.788191, 29.244595 ], [ -98.792227, 29.24598 ], [ -98.793143, 29.246294 ], [ -98.799672, 29.248532 ], [ -98.802307, 29.249436 ], [ -98.803968, 29.250067 ], [ -98.804654, 29.250381 ], [ -98.80477, 29.250435 ], [ -98.804771, 29.250698 ] ] ] } },
{ "type": "Feature", "properties": { "OBJECTID_1": 35, "District": 35, "USCONGR": "Texas District 35", "WEBSITE": "https://www.house.gov/representatives#state-texas", "Shape__Area": 80105644996.972656, "Shape__Length": 1806719.780133412, "OBJECTID_2": 1, "ID": 1, "FIPSSTCO": "48029", "NAME": "Bexar County", "ICOMAPATTR": "x", "SHAPESTArea": 35025204908.119141, "SHAPESTLength": 923728.01036523399 }, "geometry": { "type": "Polygon", "coordinates": [ [ [ -98.410704, 29.11551 ], [ -98.414068, 29.116715 ], [ -98.430857, 29.122347 ], [ -98.435607, 29.12409 ], [ -98.507779, 29.148937 ], [ -98.524008, 29.154433 ], [ -98.621584, 29.187881 ], [ -98.625326, 29.189278 ], [ -98.746704, 29.230722 ], [ -98.750308, 29.231844 ], [ -98.802118, 29.249611 ], [ -98.804771, 29.250698 ], [ -98.804739, 29.274961 ], [ -98.804865, 29.301409 ], [ -98.804907, 29.302004 ], [ -98.804995, 29.302258 ], [ -98.804994, 29.302696 ], [ -98.804993, 29.302841 ], [ -98.804992, 29.302919 ], [ -98.804911, 29.303 ], [ -98.804874, 29.303196 ], [ -98.804919, 29.310457 ], [ -98.804917, 29.310494 ], [ -98.804892, 29.312465 ], [ -98.80489, 29.312656 ], [ -98.804884, 29.313089 ], [ -98.804879, 29.313435 ], [ -98.804856, 29.31535 ], [ -98.8046, 29.323349 ], [ -98.803379, 29.323573 ], [ -98.803065, 29.323336 ], [ -98.802871, 29.32332 ], [ -98.802092, 29.323622 ], [ -98.801577, 29.323969 ], [ -98.800792, 29.324701 ], [ -98.800704, 29.325245 ], [ -98.800428, 29.325559 ], [ -98.799712, 29.326989 ], [ -98.799442, 29.327165 ], [ -98.798406, 29.327385 ], [ -98.79808, 29.327358 ], [ -98.797728, 29.327138 ], [ -98.796466, 29.326747 ], [ -98.795769, 29.326147 ], [ -98.794972, 29.326152 ], [ -98.792668, 29.327021 ], [ -98.791977, 29.327615 ], [ -98.7916, 29.328083 ], [ -98.791336, 29.328837 ], [ -98.790853, 29.329277 ], [ -98.790287, 29.329585 ], [ -98.789854, 29.329359 ], [ -98.789515, 29.328672 ], [ -98.78917, 29.328407 ], [ -98.788655, 29.328231 ], [ -98.787676, 29.328181 ], [ -98.787004, 29.327829 ], [ -98.78664, 29.3274 ], [ -98.786358, 29.326778 ], [ -98.785994, 29.326459 ], [ -98.785353, 29.32625 ], [ -98.784782, 29.32625 ], [ -98.784085, 29.32647 ], [ -98.783714, 29.326783 ], [ -98.783551, 29.327146 ], [ -98.783589, 29.327795 ], [ -98.783362, 29.328274 ], [ -98.783004, 29.328621 ], [ -98.782483, 29.328714 ], [ -98.781579, 29.328488 ], [ -98.780192, 29.327635 ], [ -98.779853, 29.327277 ], [ -98.77969, 29.326716 ], [ -98.779464, 29.326579 ], [ -98.778962, 29.32583 ], [ -98.778296, 29.325335 ], [ -98.777317, 29.325142 ], [ -98.776809, 29.325235 ], [ -98.77608, 29.325197 ], [ -98.775277, 29.324872 ], [ -98.774699, 29.324421 ], [ -98.774216, 29.324299 ], [ -98.773783, 29.324508 ], [ -98.773688, 29.324955 ], [ -98.77373, 29.325276 ], [ -98.773983, 29.325422 ], [ -98.774084, 29.325609 ], [ -98.774523, 29.326936 ], [ -98.774526, 29.327361 ], [ -98.774124, 29.327938 ], [ -98.773035, 29.328626 ], [ -98.772661, 29.329004 ], [ -98.77252, 29.329222 ], [ -98.772424, 29.3299 ], [ -98.771206, 29.330103 ], [ -98.770949, 29.330053 ], [ -98.770673, 29.329833 ], [ -98.770434, 29.329421 ], [ -98.770008, 29.328221 ], [ -98.769474, 29.327874 ], [ -98.769072, 29.327902 ], [ -98.768438, 29.328683 ], [ -98.768607, 29.329882 ], [ -98.76838, 29.3309 ], [ -98.767897, 29.331219 ], [ -98.767615, 29.331754 ], [ -98.767237, 29.332179 ], [ -98.76702, 29.332342 ], [ -98.766574, 29.332402 ], [ -98.766129, 29.332369 ], [ -98.765124, 29.332065 ], [ -98.762664, 29.33168 ], [ -98.760074, 29.330683 ], [ -98.758483, 29.329727 ], [ -98.757676, 29.329053 ], [ -98.757262, 29.328926 ], [ -98.756678, 29.328326 ], [ -98.75595, 29.328199 ], [ -98.755467, 29.327896 ], [ -98.754714, 29.326867 ], [ -98.754325, 29.326751 ], [ -98.753941, 29.327197 ], [ -98.753181, 29.327395 ], [ -98.752987, 29.32762 ], [ -98.752798, 29.328324 ], [ -98.753149, 29.329293 ], [ -98.753155, 29.329794 ], [ -98.753035, 29.330201 ], [ -98.752508, 29.330723 ], [ -98.752526, 29.330822 ], [ -98.752325, 29.330965 ], [ -98.752137, 29.33097 ], [ -98.752012, 29.330871 ], [ -98.751999, 29.330651 ], [ -98.751459, 29.330277 ], [ -98.751057, 29.330354 ], [ -98.7509, 29.330634 ], [ -98.750768, 29.331559 ], [ -98.75029, 29.332912 ], [ -98.750276, 29.334326 ], [ -98.750138, 29.334931 ], [ -98.749702, 29.335564 ], [ -98.749433, 29.336505 ], [ -98.748999, 29.336808 ], [ -98.748365, 29.336907 ], [ -98.747524, 29.336886 ], [ -98.746952, 29.33666 ], [ -98.746902, 29.336523 ], [ -98.747084, 29.335852 ], [ -98.747573, 29.335065 ], [ -98.747529, 29.334855 ], [ -98.747353, 29.334751 ], [ -98.746776, 29.335263 ], [ -98.746167, 29.335005 ], [ -98.745828, 29.335065 ], [ -98.745809, 29.335252 ], [ -98.746286, 29.335703 ], [ -98.746267, 29.335852 ], [ -98.746042, 29.336045 ], [ -98.744585, 29.336507 ], [ -98.74343, 29.336508 ], [ -98.742557, 29.336365 ], [ -98.74186, 29.33598 ], [ -98.741721, 29.335496 ], [ -98.741834, 29.335017 ], [ -98.742393, 29.334704 ], [ -98.742537, 29.334467 ], [ -98.742235, 29.334005 ], [ -98.741971, 29.333202 ], [ -98.74167, 29.33285 ], [ -98.741469, 29.332701 ], [ -98.741249, 29.332668 ], [ -98.740439, 29.332894 ], [ -98.740401, 29.332801 ], [ -98.739842, 29.33279 ], [ -98.739591, 29.332707 ], [ -98.73939, 29.332465 ], [ -98.738455, 29.33235 ], [ -98.737827, 29.331976 ], [ -98.7375, 29.331878 ], [ -98.73691, 29.332147 ], [ -98.736615, 29.332659 ], [ -98.736194, 29.332566 ], [ -98.73583, 29.332791 ], [ -98.735309, 29.332869 ], [ -98.735328, 29.333512 ], [ -98.735793, 29.334371 ], [ -98.735699, 29.334888 ], [ -98.73521, 29.33529 ], [ -98.735361, 29.336544 ], [ -98.736479, 29.338128 ], [ -98.736649, 29.33892 ], [ -98.736505, 29.339195 ], [ -98.735984, 29.339421 ], [ -98.733793, 29.339758 ], [ -98.733592, 29.339857 ], [ -98.733479, 29.340115 ], [ -98.73324, 29.340269 ], [ -98.73282, 29.340303 ], [ -98.732079, 29.340666 ], [ -98.731639, 29.340716 ], [ -98.731288, 29.340644 ], [ -98.730201, 29.340155 ], [ -98.729629, 29.339704 ], [ -98.729008, 29.33949 ], [ -98.728311, 29.339413 ], [ -98.72789, 29.339902 ], [ -98.726986, 29.339974 ], [ -98.725975, 29.34047 ], [ -98.725115, 29.341092 ], [ -98.724933, 29.34113 ], [ -98.72465, 29.340949 ], [ -98.724343, 29.340921 ], [ -98.724142, 29.34069 ], [ -98.723972, 29.340718 ], [ -98.723583, 29.341384 ], [ -98.722484, 29.342182 ], [ -98.722233, 29.342699 ], [ -98.722183, 29.343139 ], [ -98.722058, 29.343282 ], [ -98.721681, 29.343315 ], [ -98.721304, 29.342963 ], [ -98.720155, 29.34353 ], [ -98.719904, 29.343404 ], [ -98.71932, 29.343519 ], [ -98.717863, 29.343371 ], [ -98.717348, 29.343173 ], [ -98.716657, 29.342524 ], [ -98.71618, 29.341853 ], [ -98.715752, 29.340824 ], [ -98.714773, 29.340874 ], [ -98.714314, 29.341072 ], [ -98.714032, 29.34094 ], [ -98.713661, 29.341034 ], [ -98.713304, 29.341771 ], [ -98.713448, 29.3422 ], [ -98.712808, 29.342993 ], [ -98.712758, 29.343185 ], [ -98.712909, 29.343922 ], [ -98.713053, 29.343994 ], [ -98.713398, 29.343873 ], [ -98.713624, 29.343922 ], [ -98.713957, 29.344274 ], [ -98.713964, 29.344616 ], [ -98.713474, 29.345964 ], [ -98.713983, 29.34691 ], [ -98.713927, 29.347658 ], [ -98.712652, 29.349479 ], [ -98.711805, 29.349661 ], [ -98.711051, 29.350239 ], [ -98.710938, 29.35047 ], [ -98.710976, 29.350855 ], [ -98.710474, 29.351598 ], [ -98.710543, 29.351868 ], [ -98.710367, 29.351945 ], [ -98.710223, 29.351565 ], [ -98.709984, 29.351521 ], [ -98.709927, 29.351631 ], [ -98.710066, 29.351972 ], [ -98.709978, 29.352022 ], [ -98.70984, 29.351961 ], [ -98.709758, 29.351785 ], [ -98.709268, 29.351549 ], [ -98.708935, 29.351164 ], [ -98.708244, 29.350746 ], [ -98.707886, 29.350388 ], [ -98.706957, 29.350053 ], [ -98.706335, 29.350075 ], [ -98.706021, 29.349976 ], [ -98.705638, 29.349783 ], [ -98.70489, 29.349129 ], [ -98.704815, 29.348309 ], [ -98.705418, 29.347483 ], [ -98.706366, 29.346498 ], [ -98.706428, 29.34569 ], [ -98.706202, 29.345189 ], [ -98.705951, 29.344941 ], [ -98.704682, 29.344881 ], [ -98.703954, 29.344347 ], [ -98.703916, 29.344226 ], [ -98.704155, 29.343979 ], [ -98.70418, 29.343819 ], [ -98.703659, 29.34317 ], [ -98.703433, 29.342686 ], [ -98.703709, 29.342295 ], [ -98.703464, 29.341784 ], [ -98.702729, 29.341344 ], [ -98.701492, 29.341355 ], [ -98.701096, 29.342142 ], [ -98.700933, 29.34229 ], [ -98.699571, 29.342318 ], [ -98.698861, 29.342054 ], [ -98.697963, 29.341438 ], [ -98.697925, 29.341107 ], [ -98.698101, 29.340827 ], [ -98.698139, 29.340513 ], [ -98.699162, 29.339831 ], [ -98.69942, 29.33949 ], [ -98.699369, 29.338912 ], [ -98.69741, 29.338285 ], [ -98.6966, 29.338379 ], [ -98.695652, 29.337993 ], [ -98.694679, 29.337372 ], [ -98.693015, 29.336541 ], [ -98.692192, 29.336354 ], [ -98.691545, 29.336354 ], [ -98.691212, 29.336189 ], [ -98.691555, 29.336719 ], [ -98.691456, 29.340292 ], [ -98.691222, 29.339163 ], [ -98.688701, 29.33151 ], [ -98.686875, 29.327813 ], [ -98.676136, 29.327926 ], [ -98.675882, 29.32613 ], [ -98.675958, 29.325239 ], [ -98.676307, 29.324172 ], [ -98.676232, 29.324013 ], [ -98.676106, 29.324038 ], [ -98.675834, 29.324929 ], [ -98.67506, 29.325496 ], [ -98.673724, 29.325848 ], [ -98.67368, 29.32805 ], [ -98.673386, 29.328135 ], [ -98.670832, 29.328065 ], [ -98.671206, 29.328163 ], [ -98.671127, 29.346289 ], [ -98.666765, 29.346212 ], [ -98.661618, 29.347479 ], [ -98.646391, 29.347203 ], [ -98.646388, 29.350449 ], [ -98.646502, 29.350452 ], [ -98.64649, 29.360638 ], [ -98.632701, 29.360817 ], [ -98.636776, 29.371076 ], [ -98.629189, 29.367086 ], [ -98.628378, 29.366953 ], [ -98.626137, 29.367058 ], [ -98.625241, 29.367015 ], [ -98.62091, 29.366395 ], [ -98.620582, 29.367853 ], [ -98.617279, 29.37506 ], [ -98.614244, 29.376294 ], [ -98.614111, 29.376374 ], [ -98.614283, 29.376697 ], [ -98.613516, 29.37705 ], [ -98.596558, 29.367045 ], [ -98.595351, 29.366453 ], [ -98.593892, 29.365986 ], [ -98.592493, 29.365762 ], [ -98.58583, 29.365709 ], [ -98.585024, 29.364692 ], [ -98.584905, 29.364412 ], [ -98.584804, 29.363933 ], [ -98.584873, 29.36324 ], [ -98.584691, 29.362668 ], [ -98.583949, 29.361881 ], [ -98.581688, 29.361072 ], [ -98.580508, 29.361056 ], [ -98.579377, 29.361194 ], [ -98.579518, 29.359568 ], [ -98.576379, 29.359253 ], [ -98.575996, 29.358672 ], [ -98.575675, 29.357785 ], [ -98.576754, 29.355955 ], [ -98.576615, 29.355649 ], [ -98.575017, 29.354911 ], [ -98.572092, 29.358215 ], [ -98.564565, 29.367795 ], [ -98.5654, 29.368026 ], [ -98.560312, 29.373959 ], [ -98.557922, 29.376977 ], [ -98.552117, 29.38372 ], [ -98.551084, 29.38381 ], [ -98.551103, 29.383451 ], [ -98.54994, 29.383951 ], [ -98.548486, 29.384094 ], [ -98.543702, 29.383616 ], [ -98.542439, 29.383012 ], [ -98.541955, 29.382334 ], [ -98.52852, 29.381145 ], [ -98.527524, 29.382295 ], [ -98.50713, 29.382409 ], [ -98.507138, 29.383132 ], [ -98.504238, 29.383182 ], [ -98.504204, 29.383601 ], [ -98.502228, 29.3836 ], [ -98.501998, 29.383 ], [ -98.496892, 29.383027 ], [ -98.496087, 29.383252 ], [ -98.494, 29.38182 ], [ -98.490865, 29.380011 ], [ -98.490123, 29.379797 ], [ -98.489457, 29.379779 ], [ -98.489648, 29.380414 ], [ -98.487903, 29.380438 ], [ -98.486903, 29.379638 ], [ -98.485602, 29.379339 ], [ -98.484942, 29.380217 ], [ -98.484627, 29.380857 ], [ -98.484373, 29.381063 ], [ -98.482898, 29.381756 ], [ -98.483551, 29.383221 ], [ -98.478693, 29.385214 ], [ -98.478347, 29.384096 ], [ -98.474011, 29.384102 ], [ -98.473105, 29.384187 ], [ -98.460125, 29.38411 ], [ -98.460147, 29.390959 ], [ -98.453192, 29.390903 ], [ -98.452338, 29.39069 ], [ -98.45235, 29.389838 ], [ -98.448331, 29.389844 ], [ -98.448363, 29.398109 ], [ -98.446789, 29.398167 ], [ -98.44605, 29.398103 ], [ -98.430054, 29.398064 ], [ -98.429232, 29.398108 ], [ -98.427687, 29.398376 ], [ -98.425114, 29.399038 ], [ -98.423722, 29.399283 ], [ -98.417284, 29.399447 ], [ -98.415595, 29.399278 ], [ -98.412008, 29.398458 ], [ -98.410092, 29.398313 ], [ -98.404604, 29.398256 ], [ -98.389393, 29.398308 ], [ -98.389395, 29.423375 ], [ -98.386795, 29.422737 ], [ -98.384469, 29.422385 ], [ -98.38291, 29.4223 ], [ -98.377527, 29.42237 ], [ -98.377523, 29.420741 ], [ -98.377939, 29.420743 ], [ -98.377953, 29.417228 ], [ -98.37583, 29.417231 ], [ -98.375466, 29.417298 ], [ -98.373901, 29.418374 ], [ -98.373626, 29.41866 ], [ -98.373361, 29.419151 ], [ -98.372944, 29.419087 ], [ -98.372666, 29.419205 ], [ -98.371505, 29.420811 ], [ -98.371484, 29.422355 ], [ -98.363762, 29.422293 ], [ -98.362118, 29.421905 ], [ -98.360745, 29.421165 ], [ -98.360736, 29.445227 ], [ -98.32889, 29.455314 ], [ -98.329317, 29.455971 ], [ -98.32999, 29.456279 ], [ -98.33021, 29.457011 ], [ -98.322918, 29.459328 ], [ -98.320697, 29.460182 ], [ -98.320223, 29.461566 ], [ -98.319336, 29.461351 ], [ -98.314925, 29.475223 ], [ -98.313938, 29.476765 ], [ -98.313924, 29.476675 ], [ -98.313832, 29.476941 ], [ -98.312136, 29.482888 ], [ -98.309498, 29.482233 ], [ -98.309339, 29.482704 ], [ -98.309447, 29.482725 ], [ -98.30789, 29.487414 ], [ -98.310681, 29.488104 ], [ -98.310289, 29.489357 ], [ -98.310208, 29.489927 ], [ -98.310386, 29.489931 ], [ -98.310581, 29.490936 ], [ -98.310942, 29.491678 ], [ -98.311938, 29.491953 ], [ -98.311578, 29.493013 ], [ -98.31293, 29.494937 ], [ -98.314132, 29.496067 ], [ -98.317463, 29.498487 ], [ -98.319269, 29.498887 ], [ -98.31586, 29.500666 ], [ -98.314411, 29.501638 ], [ -98.313966, 29.501577 ], [ -98.310179, 29.503465 ], [ -98.310413, 29.504514 ], [ -98.310659, 29.505042 ], [ -98.310877, 29.505246 ], [ -98.310828, 29.505477 ], [ -98.310508, 29.505757 ], [ -98.310539, 29.5059 ], [ -98.310728, 29.506016 ], [ -98.310878, 29.506357 ], [ -98.31101, 29.506391 ], [ -98.311281, 29.506303 ], [ -98.312142, 29.505686 ], [ -98.312721, 29.505696 ], [ -98.313017, 29.505879 ], [ -98.313237, 29.506143 ], [ -98.313287, 29.506391 ], [ -98.312737, 29.507421 ], [ -98.313132, 29.507501 ], [ -98.313403, 29.507705 ], [ -98.313712, 29.508242 ], [ -98.313483, 29.508586 ], [ -98.312797, 29.508849 ], [ -98.31281, 29.50902 ], [ -98.313262, 29.509488 ], [ -98.313595, 29.509741 ], [ -98.314244, 29.509988 ], [ -98.31608, 29.510373 ], [ -98.316803, 29.510681 ], [ -98.317112, 29.510923 ], [ -98.318319, 29.512475 ], [ -98.318646, 29.512497 ], [ -98.319803, 29.51286 ], [ -98.320879, 29.512926 ], [ -98.321477, 29.512865 ], [ -98.321723, 29.513113 ], [ -98.322125, 29.514065 ], [ -98.322407, 29.514312 ], [ -98.322603, 29.514654 ], [ -98.322827, 29.514773 ], [ -98.324425, 29.514093 ], [ -98.326878, 29.513406 ], [ -98.329318, 29.512482 ], [ -98.333227, 29.511171 ], [ -98.334978, 29.510395 ], [ -98.336357, 29.509536 ], [ -98.337482, 29.508601 ], [ -98.338227, 29.507833 ], [ -98.339523, 29.506191 ], [ -98.341533, 29.507438 ], [ -98.342348, 29.508526 ], [ -98.341977, 29.50879 ], [ -98.341766, 29.509128 ], [ -98.34097, 29.511689 ], [ -98.346079, 29.512903 ], [ -98.347045, 29.509706 ], [ -98.351138, 29.510625 ], [ -98.357, 29.510949 ], [ -98.358159, 29.504362 ], [ -98.358457, 29.503455 ], [ -98.359065, 29.50254 ], [ -98.359351, 29.501775 ], [ -98.364106, 29.502879 ], [ -98.365812, 29.50337 ], [ -98.370105, 29.508522 ], [ -98.368262, 29.509721 ], [ -98.368271, 29.509834 ], [ -98.367818, 29.509799 ], [ -98.367927, 29.510893 ], [ -98.366744, 29.510731 ], [ -98.366634, 29.511452 ], [ -98.366375, 29.511543 ], [ -98.366191, 29.511195 ], [ -98.36581, 29.511427 ], [ -98.365758, 29.512074 ], [ -98.366327, 29.512054 ], [ -98.371623, 29.510408 ], [ -98.372183, 29.510317 ], [ -98.393568, 29.510212 ], [ -98.39711, 29.510277 ], [ -98.396379, 29.513939 ], [ -98.395845, 29.515997 ], [ -98.395255, 29.517618 ], [ -98.394239, 29.519508 ], [ -98.393466, 29.520677 ], [ -98.391946, 29.522389 ], [ -98.391452, 29.522812 ], [ -98.391782, 29.522954 ], [ -98.391371, 29.523383 ], [ -98.39014, 29.524283 ], [ -98.39028, 29.524319 ], [ -98.391507, 29.52338 ], [ -98.391823, 29.52351 ], [ -98.394156, 29.523452 ], [ -98.394599, 29.521826 ], [ -98.394721, 29.521716 ], [ -98.398526, 29.519414 ], [ -98.401172, 29.517288 ], [ -98.402978, 29.516392 ], [ -98.404356, 29.516115 ], [ -98.40596, 29.516057 ], [ -98.417744, 29.516117 ], [ -98.4175, 29.515584 ], [ -98.417211, 29.515232 ], [ -98.416934, 29.513802 ], [ -98.416048, 29.511326 ], [ -98.416259, 29.510278 ], [ -98.415381, 29.510288 ], [ -98.415186, 29.509917 ], [ -98.41591, 29.508828 ], [ -98.415998, 29.508553 ], [ -98.416011, 29.508344 ], [ -98.415841, 29.507964 ], [ -98.415917, 29.507629 ], [ -98.41552, 29.507177 ], [ -98.415332, 29.506781 ], [ -98.415313, 29.506523 ], [ -98.415558, 29.506072 ], [ -98.416187, 29.505461 ], [ -98.41703, 29.505032 ], [ -98.418496, 29.503409 ], [ -98.42032, 29.502034 ], [ -98.420786, 29.501402 ], [ -98.421186, 29.50037 ], [ -98.425027, 29.497924 ], [ -98.426534, 29.497091 ], [ -98.433585, 29.493815 ], [ -98.434371, 29.495231 ], [ -98.434632, 29.496455 ], [ -98.43463, 29.509874 ], [ -98.43496, 29.511478 ], [ -98.435417, 29.512491 ], [ -98.435981, 29.513345 ], [ -98.437973, 29.515349 ], [ -98.438579, 29.515757 ], [ -98.43884, 29.515757 ], [ -98.439352, 29.516053 ], [ -98.442337, 29.51637 ], [ -98.445994, 29.516382 ], [ -98.446077, 29.517124 ], [ -98.44675, 29.51879 ], [ -98.44672, 29.51974 ], [ -98.447828, 29.52044 ], [ -98.445787, 29.522509 ], [ -98.442844, 29.524799 ], [ -98.442133, 29.525173 ], [ -98.439688, 29.526021 ], [ -98.432588, 29.528946 ], [ -98.431605, 29.529589 ], [ -98.430708, 29.530569 ], [ -98.430268, 29.531189 ], [ -98.429182, 29.533708 ], [ -98.428473, 29.53448 ], [ -98.42882, 29.534764 ], [ -98.429971, 29.53642 ], [ -98.430254, 29.536695 ], [ -98.430374, 29.536998 ], [ -98.430254, 29.538137 ], [ -98.430481, 29.538549 ], [ -98.430739, 29.538791 ], [ -98.43133, 29.539099 ], [ -98.432305, 29.539496 ], [ -98.432834, 29.540002 ], [ -98.433029, 29.540414 ], [ -98.432846, 29.540833 ], [ -98.432588, 29.541118 ], [ -98.431166, 29.542147 ], [ -98.430808, 29.542549 ], [ -98.4306, 29.543061 ], [ -98.429423, 29.544485 ], [ -98.428447, 29.545077 ], [ -98.432299, 29.546711 ], [ -98.43318, 29.546937 ], [ -98.433998, 29.546903 ], [ -98.434749, 29.546646 ], [ -98.435437, 29.546212 ], [ -98.435858, 29.5462 ], [ -98.437755, 29.544973 ], [ -98.439567, 29.546291 ], [ -98.440831, 29.546837 ], [ -98.440932, 29.546951 ], [ -98.442288, 29.547206 ], [ -98.448987, 29.547103 ], [ -98.450406, 29.547047 ], [ -98.45038, 29.546961 ], [ -98.457667, 29.546861 ], [ -98.459515, 29.547029 ], [ -98.460452, 29.547302 ], [ -98.461303, 29.547739 ], [ -98.467893, 29.552641 ], [ -98.466155, 29.554504 ], [ -98.451334, 29.568981 ], [ -98.451825, 29.570084 ], [ -98.452423, 29.570986 ], [ -98.453179, 29.57152 ], [ -98.455507, 29.572603 ], [ -98.457345, 29.573027 ], [ -98.45851, 29.573494 ], [ -98.458818, 29.573912 ], [ -98.459007, 29.574732 ], [ -98.459687, 29.57548 ], [ -98.460542, 29.576858 ], [ -98.457084, 29.580247 ], [ -98.456363, 29.580724 ], [ -98.45587, 29.581441 ], [ -98.455225, 29.581873 ], [ -98.454822, 29.582465 ], [ -98.450955, 29.586288 ], [ -98.45077, 29.586706 ], [ -98.450762, 29.587413 ], [ -98.450465, 29.587922 ], [ -98.449969, 29.58835 ], [ -98.448832, 29.588769 ], [ -98.448449, 29.589232 ], [ -98.448368, 29.58957 ], [ -98.448452, 29.590023 ], [ -98.449414, 29.591507 ], [ -98.449842, 29.591818 ], [ -98.45242, 29.593172 ], [ -98.451526, 29.593766 ], [ -98.452013, 29.59459 ], [ -98.451366, 29.594871 ], [ -98.451019, 29.594932 ], [ -98.448223, 29.594825 ], [ -98.447427, 29.594581 ], [ -98.446337, 29.597099 ], [ -98.447882, 29.596805 ], [ -98.451558, 29.596915 ], [ -98.4522, 29.597229 ], [ -98.452773, 29.597729 ], [ -98.452912, 29.598059 ], [ -98.452603, 29.598609 ], [ -98.452314, 29.6001 ], [ -98.452081, 29.600788 ], [ -98.451924, 29.601118 ], [ -98.45103, 29.601867 ], [ -98.450709, 29.602417 ], [ -98.450589, 29.602879 ], [ -98.450519, 29.604406 ], [ -98.434631, 29.60062 ], [ -98.432178, 29.60019 ], [ -98.431071, 29.600117 ], [ -98.429006, 29.600098 ], [ -98.426105, 29.600287 ], [ -98.398659, 29.602282 ], [ -98.362951, 29.602973 ], [ -98.361174, 29.602733 ], [ -98.359816, 29.602206 ], [ -98.358282, 29.601026 ], [ -98.35736, 29.599828 ], [ -98.354503, 29.601982 ], [ -98.35351, 29.60251 ], [ -98.351353, 29.603383 ], [ -98.334122, 29.606982 ], [ -98.328805, 29.608204 ], [ -98.328817, 29.608174 ], [ -98.328889, 29.608058 ], [ -98.328865, 29.607942 ], [ -98.328713, 29.607566 ], [ -98.328417, 29.6073 ], [ -98.328161, 29.60682 ], [ -98.328185, 29.606558 ], [ -98.328169, 29.606292 ], [ -98.328097, 29.605992 ], [ -98.327889, 29.605748 ], [ -98.327633, 29.60551 ], [ -98.327589, 29.605458 ], [ -98.327289, 29.605158 ], [ -98.326754, 29.604891 ], [ -98.326338, 29.604528 ], [ -98.326162, 29.603952 ], [ -98.325921, 29.603676 ], [ -98.325396, 29.603334 ], [ -98.324174, 29.602893 ], [ -98.322937, 29.602565 ], [ -98.319976, 29.602059 ], [ -98.318282, 29.602028 ], [ -98.317689, 29.601858 ], [ -98.313388, 29.602158 ], [ -98.311088, 29.597458 ], [ -98.310993, 29.595351 ], [ -98.311022, 29.595122 ], [ -98.310971, 29.594742 ], [ -98.310988, 29.594458 ], [ -98.310988, 29.594358 ], [ -98.310976, 29.59291 ], [ -98.311168, 29.591142 ], [ -98.311488, 29.589758 ], [ -98.309488, 29.588458 ], [ -98.305888, 29.585859 ], [ -98.304888, 29.585659 ], [ -98.304788, 29.585559 ], [ -98.304288, 29.585059 ], [ -98.304188, 29.584659 ], [ -98.303788, 29.583559 ], [ -98.305888, 29.579359 ], [ -98.306064, 29.578741 ], [ -98.305888, 29.577959 ], [ -98.30572, 29.577239 ], [ -98.305388, 29.576559 ], [ -98.304988, 29.576359 ], [ -98.30388, 29.575655 ], [ -98.302888, 29.574759 ], [ -98.302788, 29.574459 ], [ -98.302688, 29.573159 ], [ -98.302488, 29.570159 ], [ -98.302191, 29.569395 ], [ -98.301788, 29.568359 ], [ -98.300088, 29.566859 ], [ -98.299188, 29.566159 ], [ -98.298588, 29.564359 ], [ -98.298888, 29.562159 ], [ -98.298688, 29.561159 ], [ -98.297188, 29.560759 ], [ -98.295488, 29.561159 ], [ -98.292888, 29.561159 ], [ -98.291713, 29.560672 ], [ -98.288788, 29.559459 ], [ -98.286388, 29.55766 ], [ -98.284688, 29.55456 ], [ -98.284388, 29.55396 ], [ -98.282988, 29.55276 ], [ -98.278787, 29.55086 ], [ -98.274987, 29.55106 ], [ -98.273287, 29.55056 ], [ -98.273087, 29.55046 ], [ -98.272807, 29.55029 ], [ -98.272551, 29.550124 ], [ -98.272351, 29.549966 ], [ -98.272039, 29.54975 ], [ -98.27181, 29.549522 ], [ -98.271751, 29.549464 ], [ -98.271527, 29.549082 ], [ -98.271447, 29.54876 ], [ -98.271319, 29.54832 ], [ -98.271287, 29.54796 ], [ -98.271199, 29.547776 ], [ -98.271119, 29.54719 ], [ -98.270967, 29.546524 ], [ -98.270743, 29.54584 ], [ -98.270239, 29.545016 ], [ -98.269975, 29.54482 ], [ -98.269663, 29.544584 ], [ -98.269463, 29.544368 ], [ -98.269175, 29.544288 ], [ -98.268767, 29.54413 ], [ -98.268455, 29.54407 ], [ -98.268119, 29.54401 ], [ -98.267887, 29.54386 ], [ -98.267591, 29.543518 ], [ -98.267207, 29.543458 ], [ -98.266559, 29.54357 ], [ -98.266127, 29.543652 ], [ -98.266087, 29.54366 ], [ -98.265263, 29.543798 ], [ -98.264815, 29.54368 ], [ -98.264175, 29.543344 ], [ -98.262967, 29.542848 ], [ -98.261991, 29.542432 ], [ -98.261007, 29.5419 ], [ -98.260679, 29.541566 ], [ -98.260287, 29.541132 ], [ -98.259967, 29.540936 ], [ -98.259391, 29.540738 ], [ -98.258647, 29.540538 ], [ -98.257983, 29.540496 ], [ -98.257247, 29.540296 ], [ -98.256191, 29.54029 ], [ -98.255543, 29.540346 ], [ -98.254815, 29.540438 ], [ -98.254407, 29.540806 ], [ -98.254159, 29.541374 ], [ -98.254039, 29.541918 ], [ -98.253815, 29.542366 ], [ -98.253787, 29.54276 ], [ -98.253895, 29.543052 ], [ -98.254031, 29.543346 ], [ -98.254319, 29.543758 ], [ -98.254759, 29.54417 ], [ -98.255479, 29.544466 ], [ -98.256095, 29.5449 ], [ -98.257087, 29.54496 ], [ -98.257255, 29.544946 ], [ -98.257775, 29.545242 ], [ -98.258527, 29.545696 ], [ -98.258967, 29.546186 ], [ -98.259319, 29.546832 ], [ -98.259495, 29.547282 ], [ -98.259791, 29.547772 ], [ -98.259983, 29.548204 ], [ -98.260271, 29.548654 ], [ -98.260587, 29.54926 ], [ -98.260383, 29.549568 ], [ -98.260357, 29.5497 ], [ -98.260311, 29.54993 ], [ -98.260258, 29.550131 ], [ -98.260135, 29.550602 ], [ -98.260066, 29.550842 ], [ -98.259895, 29.55144 ], [ -98.259845, 29.551632 ], [ -98.259655, 29.552358 ], [ -98.259383, 29.553342 ], [ -98.258983, 29.554298 ], [ -98.258599, 29.554676 ], [ -98.258207, 29.554732 ], [ -98.257431, 29.554718 ], [ -98.256767, 29.554618 ], [ -98.256663, 29.554558 ], [ -98.256167, 29.554428 ], [ -98.255719, 29.55426 ], [ -98.255455, 29.554024 ], [ -98.254935, 29.553358 ], [ -98.255039, 29.552498 ], [ -98.255335, 29.552158 ], [ -98.255463, 29.552012 ], [ -98.255679, 29.551632 ], [ -98.255743, 29.551466 ], [ -98.255655, 29.551182 ], [ -98.255375, 29.550848 ], [ -98.255279, 29.55073 ], [ -98.255271, 29.550574 ], [ -98.255187, 29.55036 ], [ -98.254815, 29.5503 ], [ -98.254463, 29.550188 ], [ -98.254039, 29.549982 ], [ -98.253671, 29.549784 ], [ -98.253263, 29.549704 ], [ -98.252815, 29.549636 ], [ -98.252375, 29.549642 ], [ -98.251607, 29.549696 ], [ -98.251167, 29.549762 ], [ -98.250887, 29.54976 ], [ -98.250503, 29.550038 ], [ -98.250151, 29.550354 ], [ -98.249831, 29.550746 ], [ -98.249415, 29.551218 ], [ -98.249207, 29.551518 ], [ -98.248991, 29.551904 ], [ -98.248887, 29.552414 ], [ -98.248831, 29.553152 ], [ -98.248895, 29.553542 ], [ -98.248919, 29.55406 ], [ -98.248871, 29.554512 ], [ -98.248687, 29.5547 ], [ -98.248287, 29.55526 ], [ -98.247623, 29.55555 ], [ -98.246791, 29.55602 ], [ -98.245887, 29.55646 ], [ -98.245727, 29.556552 ], [ -98.245439, 29.556626 ], [ -98.244639, 29.556776 ], [ -98.244014, 29.556814 ], [ -98.243558, 29.55686 ], [ -98.243286, 29.55686 ], [ -98.243054, 29.55683 ], [ -98.242118, 29.556808 ], [ -98.241006, 29.556728 ], [ -98.23963, 29.556544 ], [ -98.23855, 29.556376 ], [ -98.238055, 29.55627 ], [ -98.237094, 29.556064 ], [ -98.236686, 29.55596 ], [ -98.23611, 29.55575 ], [ -98.234878, 29.555148 ], [ -98.23387, 29.554648 ], [ -98.233069, 29.554056 ], [ -98.232966, 29.55398 ], [ -98.232286, 29.553094 ], [ -98.231686, 29.552294 ], [ -98.23131, 29.551534 ], [ -98.230986, 29.55056 ], [ -98.230886, 29.54956 ], [ -98.23095, 29.549208 ], [ -98.230894, 29.54855 ], [ -98.23079, 29.547924 ], [ -98.230606, 29.547342 ], [ -98.230478, 29.546968 ], [ -98.230118, 29.546662 ], [ -98.229766, 29.546506 ], [ -98.229302, 29.54652 ], [ -98.228286, 29.54666 ], [ -98.22787, 29.546742 ], [ -98.227526, 29.546864 ], [ -98.227339, 29.547021 ], [ -98.227286, 29.547066 ], [ -98.227186, 29.54726 ], [ -98.227094, 29.547606 ], [ -98.227046, 29.547968 ], [ -98.226998, 29.548418 ], [ -98.22691, 29.548686 ], [ -98.226694, 29.549004 ], [ -98.226438, 29.549256 ], [ -98.226186, 29.54946 ], [ -98.225934, 29.549528 ], [ -98.225634, 29.549552 ], [ -98.225406, 29.54957 ], [ -98.22507, 29.54948 ], [ -98.224786, 29.54936 ], [ -98.22455, 29.549338 ], [ -98.223918, 29.549182 ], [ -98.223414, 29.549004 ], [ -98.222886, 29.548732 ], [ -98.222342, 29.548342 ], [ -98.221926, 29.547868 ], [ -98.221486, 29.54706 ], [ -98.22147, 29.54657 ], [ -98.221358, 29.54624 ], [ -98.221186, 29.54596 ], [ -98.221214, 29.545534 ], [ -98.221222, 29.545086 ], [ -98.22123, 29.544748 ], [ -98.221318, 29.544404 ], [ -98.221486, 29.54426 ], [ -98.221675, 29.543955 ], [ -98.221782, 29.543782 ], [ -98.222206, 29.543502 ], [ -98.22267, 29.543352 ], [ -98.223686, 29.54313 ], [ -98.22415, 29.543154 ], [ -98.224586, 29.54326 ], [ -98.224782, 29.543236 ], [ -98.225286, 29.54326 ], [ -98.225542, 29.543272 ], [ -98.226646, 29.543362 ], [ -98.227446, 29.543358 ], [ -98.22815, 29.54341 ], [ -98.228854, 29.543312 ], [ -98.229414, 29.54303 ], [ -98.229806, 29.542696 ], [ -98.229606, 29.542186 ], [ -98.22943, 29.541822 ], [ -98.229078, 29.54144 ], [ -98.228774, 29.541236 ], [ -98.228414, 29.541084 ], [ -98.227846, 29.540912 ], [ -98.22739, 29.540884 ], [ -98.227054, 29.540742 ], [ -98.226638, 29.54066 ], [ -98.226222, 29.5406 ], [ -98.225806, 29.540452 ], [ -98.225566, 29.54032 ], [ -98.225246, 29.54031 ], [ -98.22487, 29.540144 ], [ -98.224582, 29.539856 ], [ -98.22431, 29.539522 ], [ -98.22395, 29.539298 ], [ -98.223886, 29.53926 ], [ -98.22359, 29.539094 ], [ -98.223222, 29.538652 ], [ -98.222878, 29.538206 ], [ -98.222662, 29.537984 ], [ -98.22255, 29.537712 ], [ -98.22255, 29.537452 ], [ -98.222486, 29.53736 ], [ -98.222518, 29.537186 ], [ -98.222574, 29.537072 ], [ -98.22279, 29.53689 ], [ -98.222886, 29.53686 ], [ -98.222902, 29.536716 ], [ -98.222886, 29.536581 ], [ -98.222886, 29.53636 ], [ -98.222839, 29.536266 ], [ -98.222786, 29.53616 ], [ -98.222686, 29.53576 ], [ -98.222586, 29.535261 ], [ -98.222222, 29.533891 ], [ -98.22207, 29.533431 ], [ -98.22171, 29.532917 ], [ -98.221414, 29.532415 ], [ -98.221166, 29.531699 ], [ -98.221086, 29.531225 ], [ -98.221198, 29.530977 ], [ -98.221254, 29.530853 ], [ -98.221294, 29.530549 ], [ -98.220942, 29.530223 ], [ -98.220574, 29.529985 ], [ -98.220374, 29.529833 ], [ -98.22023, 29.529685 ], [ -98.219786, 29.529361 ], [ -98.219675, 29.52922 ], [ -98.219406, 29.528879 ], [ -98.21911, 29.528451 ], [ -98.21887, 29.527923 ], [ -98.218758, 29.527243 ], [ -98.218766, 29.526529 ], [ -98.218878, 29.525931 ], [ -98.218966, 29.525685 ], [ -98.219334, 29.525319 ], [ -98.219518, 29.525003 ], [ -98.219494, 29.524643 ], [ -98.219318, 29.524219 ], [ -98.218982, 29.523859 ], [ -98.218406, 29.523881 ], [ -98.217726, 29.524019 ], [ -98.217678, 29.524019 ], [ -98.217186, 29.524161 ], [ -98.216758, 29.524401 ], [ -98.216302, 29.524659 ], [ -98.215694, 29.524585 ], [ -98.21503, 29.524193 ], [ -98.214406, 29.523671 ], [ -98.214206, 29.523529 ], [ -98.21335, 29.523395 ], [ -98.212686, 29.523519 ], [ -98.212254, 29.523587 ], [ -98.211366, 29.523731 ], [ -98.21059, 29.523925 ], [ -98.210062, 29.523879 ], [ -98.20947, 29.523713 ], [ -98.20907, 29.523509 ], [ -98.208886, 29.523417 ], [ -98.208586, 29.523061 ], [ -98.208446, 29.522899 ], [ -98.208118, 29.522893 ], [ -98.20767, 29.522777 ], [ -98.207158, 29.522811 ], [ -98.206574, 29.522719 ], [ -98.205878, 29.522723 ], [ -98.205406, 29.522695 ], [ -98.205006, 29.522727 ], [ -98.204638, 29.522489 ], [ -98.204149, 29.522257 ], [ -98.204093, 29.522167 ], [ -98.203685, 29.521797 ], [ -98.203389, 29.521453 ], [ -98.203029, 29.521183 ], [ -98.202717, 29.520907 ], [ -98.202357, 29.520653 ], [ -98.201981, 29.520457 ], [ -98.201709, 29.520283 ], [ -98.201501, 29.520139 ], [ -98.201373, 29.519969 ], [ -98.201413, 29.519653 ], [ -98.201717, 29.519391 ], [ -98.202117, 29.519165 ], [ -98.202565, 29.518627 ], [ -98.202677, 29.518387 ], [ -98.202381, 29.517835 ], [ -98.202013, 29.517549 ], [ -98.201669, 29.517291 ], [ -98.201277, 29.517179 ], [ -98.200669, 29.517143 ], [ -98.200037, 29.517275 ], [ -98.199813, 29.517401 ], [ -98.199413, 29.517621 ], [ -98.199029, 29.517649 ], [ -98.198605, 29.517625 ], [ -98.198365, 29.517509 ], [ -98.197917, 29.517073 ], [ -98.197485, 29.516899 ], [ -98.197133, 29.516591 ], [ -98.197029, 29.516279 ], [ -98.197013, 29.515955 ], [ -98.196925, 29.515699 ], [ -98.196909, 29.515699 ], [ -98.196869, 29.515549 ], [ -98.196901, 29.515375 ], [ -98.197093, 29.515113 ], [ -98.197453, 29.514945 ], [ -98.197925, 29.514847 ], [ -98.198285, 29.514753 ], [ -98.198741, 29.514719 ], [ -98.198957, 29.514581 ], [ -98.199029, 29.514509 ], [ -98.199341, 29.514271 ], [ -98.199517, 29.513971 ], [ -98.199525, 29.513751 ], [ -98.199733, 29.513453 ], [ -98.199837, 29.513207 ], [ -98.199837, 29.513065 ], [ -98.199989, 29.512691 ], [ -98.200133, 29.512499 ], [ -98.200165, 29.512295 ], [ -98.200237, 29.512071 ], [ -98.200253, 29.511777 ], [ -98.200261, 29.511431 ], [ -98.200185, 29.511261 ], [ -98.200173, 29.511067 ], [ -98.200061, 29.510787 ], [ -98.199821, 29.510539 ], [ -98.199629, 29.510413 ], [ -98.199325, 29.510089 ], [ -98.198885, 29.509863 ], [ -98.198413, 29.509689 ], [ -98.197845, 29.509707 ], [ -98.197245, 29.509843 ], [ -98.196741, 29.510061 ], [ -98.196461, 29.510279 ], [ -98.195885, 29.510643 ], [ -98.195685, 29.511003 ], [ -98.195453, 29.511345 ], [ -98.195101, 29.511483 ], [ -98.194909, 29.51145 ], [ -98.194645, 29.511405 ], [ -98.194069, 29.511183 ], [ -98.193653, 29.510849 ], [ -98.193301, 29.510595 ], [ -98.192909, 29.510453 ], [ -98.192613, 29.510383 ], [ -98.191845, 29.510527 ], [ -98.191413, 29.510391 ], [ -98.190821, 29.510297 ], [ -98.190309, 29.510123 ], [ -98.190093, 29.509848 ], [ -98.190205, 29.509172 ], [ -98.190373, 29.508638 ], [ -98.190485, 29.508262 ], [ -98.190605, 29.5081 ], [ -98.190509, 29.507774 ], [ -98.190253, 29.507164 ], [ -98.190077, 29.506576 ], [ -98.189853, 29.505948 ], [ -98.189653, 29.50541 ], [ -98.189421, 29.504982 ], [ -98.189045, 29.504728 ], [ -98.188509, 29.504424 ], [ -98.187893, 29.504004 ], [ -98.187437, 29.503768 ], [ -98.187085, 29.503384 ], [ -98.186765, 29.502708 ], [ -98.186637, 29.50225 ], [ -98.186501, 29.50193 ], [ -98.186486, 29.501771 ], [ -98.186485, 29.501762 ], [ -98.186525, 29.501596 ], [ -98.186585, 29.501462 ], [ -98.186585, 29.501162 ], [ -98.186685, 29.501062 ], [ -98.186885, 29.500772 ], [ -98.187229, 29.500404 ], [ -98.187581, 29.499986 ], [ -98.187861, 29.499728 ], [ -98.188077, 29.499452 ], [ -98.188245, 29.499302 ], [ -98.188445, 29.499036 ], [ -98.188581, 29.498744 ], [ -98.188861, 29.498362 ], [ -98.188997, 29.497942 ], [ -98.189237, 29.497574 ], [ -98.189405, 29.497366 ], [ -98.189493, 29.497074 ], [ -98.189733, 29.49641 ], [ -98.189821, 29.496118 ], [ -98.189877, 29.495844 ], [ -98.189869, 29.495168 ], [ -98.189933, 29.494786 ], [ -98.189981, 29.494358 ], [ -98.190045, 29.493842 ], [ -98.189985, 29.493362 ], [ -98.189989, 29.493288 ], [ -98.189861, 29.492948 ], [ -98.189653, 29.49259 ], [ -98.189405, 29.492136 ], [ -98.189173, 29.491802 ], [ -98.188877, 29.491464 ], [ -98.188637, 29.491108 ], [ -98.188485, 29.490588 ], [ -98.188389, 29.490244 ], [ -98.188229, 29.489886 ], [ -98.187949, 29.489514 ], [ -98.187837, 29.489112 ], [ -98.187477, 29.48849 ], [ -98.187165, 29.488156 ], [ -98.186693, 29.487662 ], [ -98.186093, 29.487094 ], [ -98.185309, 29.486672 ], [ -98.184985, 29.486462 ], [ -98.184781, 29.486336 ], [ -98.184261, 29.486116 ], [ -98.183685, 29.48577 ], [ -98.183205, 29.485438 ], [ -98.182717, 29.485246 ], [ -98.181901, 29.485086 ], [ -98.181317, 29.485042 ], [ -98.180909, 29.48501 ], [ -98.180333, 29.484876 ], [ -98.179637, 29.484834 ], [ -98.178693, 29.484848 ], [ -98.177716, 29.484875 ], [ -98.177669, 29.484876 ], [ -98.177277, 29.485004 ], [ -98.177085, 29.485262 ], [ -98.177045, 29.485346 ], [ -98.176717, 29.485954 ], [ -98.176933, 29.486526 ], [ -98.177141, 29.486994 ], [ -98.177413, 29.487426 ], [ -98.177805, 29.48783 ], [ -98.178429, 29.48801 ], [ -98.178773, 29.48839 ], [ -98.179045, 29.488772 ], [ -98.179269, 29.48914 ], [ -98.179541, 29.489624 ], [ -98.179589, 29.489926 ], [ -98.179285, 29.490462 ], [ -98.179181, 29.49072 ], [ -98.179005, 29.491064 ], [ -98.178973, 29.491396 ], [ -98.179093, 29.491628 ], [ -98.179213, 29.491806 ], [ -98.179429, 29.491972 ], [ -98.179573, 29.492056 ], [ -98.179925, 29.49247 ], [ -98.180077, 29.492716 ], [ -98.180245, 29.492952 ], [ -98.180517, 29.493146 ], [ -98.180797, 29.493288 ], [ -98.181157, 29.49327 ], [ -98.181461, 29.49316 ], [ -98.182109, 29.49309 ], [ -98.182541, 29.493158 ], [ -98.182909, 29.493084 ], [ -98.183389, 29.493002 ], [ -98.183941, 29.492958 ], [ -98.184309, 29.493124 ], [ -98.184445, 29.49341 ], [ -98.184573, 29.493792 ], [ -98.184469, 29.494328 ], [ -98.184229, 29.49484 ], [ -98.184149, 29.495268 ], [ -98.183925, 29.495874 ], [ -98.183749, 29.49633 ], [ -98.183405, 29.496768 ], [ -98.183005, 29.497014 ], [ -98.182653, 29.497134 ], [ -98.182181, 29.497268 ], [ -98.181485, 29.497566 ], [ -98.180933, 29.497494 ], [ -98.180117, 29.497504 ], [ -98.179245, 29.497678 ], [ -98.178541, 29.497738 ], [ -98.177325, 29.497516 ], [ -98.176605, 29.49727 ], [ -98.175989, 29.496936 ], [ -98.175309, 29.496864 ], [ -98.174277, 29.496822 ], [ -98.173461, 29.496766 ], [ -98.173085, 29.496032 ], [ -98.172933, 29.495172 ], [ -98.172237, 29.495166 ], [ -98.171589, 29.495996 ], [ -98.171405, 29.496836 ], [ -98.171125, 29.497458 ], [ -98.170261, 29.497926 ], [ -98.169309, 29.497742 ], [ -98.168877, 29.497504 ], [ -98.168453, 29.496952 ], [ -98.168221, 29.496448 ], [ -98.168133, 29.49574 ], [ -98.168197, 29.495306 ], [ -98.168197, 29.49472 ], [ -98.168085, 29.494216 ], [ -98.167997, 29.493504 ], [ -98.168061, 29.492702 ], [ -98.168133, 29.491802 ], [ -98.168061, 29.49141 ], [ -98.167893, 29.491216 ], [ -98.167437, 29.490926 ], [ -98.166893, 29.490606 ], [ -98.166725, 29.490262 ], [ -98.166837, 29.489796 ], [ -98.167069, 29.489304 ], [ -98.167317, 29.489008 ], [ -98.167581, 29.488584 ], [ -98.167837, 29.48822 ], [ -98.168061, 29.48785 ], [ -98.168309, 29.487462 ], [ -98.168557, 29.48688 ], [ -98.168573, 29.486396 ], [ -98.168461, 29.485796 ], [ -98.168237, 29.485374 ], [ -98.167965, 29.485058 ], [ -98.167709, 29.484788 ], [ -98.167565, 29.484668 ], [ -98.167385, 29.484463 ], [ -98.167349, 29.484339 ], [ -98.167285, 29.484027 ], [ -98.167221, 29.483779 ], [ -98.167101, 29.483413 ], [ -98.166989, 29.483243 ], [ -98.166885, 29.482797 ], [ -98.166853, 29.482517 ], [ -98.166853, 29.482243 ], [ -98.166799, 29.481955 ], [ -98.166781, 29.481859 ], [ -98.166837, 29.481651 ], [ -98.166901, 29.481473 ], [ -98.166757, 29.480983 ], [ -98.166709, 29.480607 ], [ -98.166661, 29.480349 ], [ -98.166581, 29.479939 ], [ -98.166381, 29.479735 ], [ -98.166085, 29.479279 ], [ -98.165716, 29.478965 ], [ -98.165284, 29.478679 ], [ -98.164759, 29.478429 ], [ -98.16462, 29.478363 ], [ -98.163996, 29.478233 ], [ -98.163412, 29.478313 ], [ -98.162812, 29.478353 ], [ -98.161996, 29.478245 ], [ -98.161108, 29.478129 ], [ -98.16022, 29.478061 ], [ -98.159692, 29.478249 ], [ -98.159268, 29.478473 ], [ -98.158916, 29.478935 ], [ -98.158652, 29.479109 ], [ -98.1585, 29.479155 ], [ -98.157644, 29.478977 ], [ -98.156868, 29.478789 ], [ -98.156124, 29.478547 ], [ -98.155324, 29.478237 ], [ -98.154652, 29.478105 ], [ -98.154036, 29.478293 ], [ -98.153484, 29.478479 ], [ -98.152764, 29.478713 ], [ -98.152316, 29.479071 ], [ -98.1519, 29.479601 ], [ -98.151404, 29.480329 ], [ -98.15114, 29.480793 ], [ -98.150876, 29.481087 ], [ -98.1505, 29.481067 ], [ -98.150284, 29.480917 ], [ -98.150252, 29.480833 ], [ -98.149964, 29.480583 ], [ -98.14994, 29.480273 ], [ -98.149932, 29.479941 ], [ -98.150004, 29.479693 ], [ -98.149964, 29.479519 ], [ -98.1501, 29.479073 ], [ -98.150316, 29.478707 ], [ -98.150436, 29.478411 ], [ -98.150396, 29.478233 ], [ -98.150356, 29.478091 ], [ -98.150345, 29.478028 ], [ -98.1503, 29.477761 ], [ -98.150276, 29.477269 ], [ -98.15038, 29.476985 ], [ -98.150372, 29.476489 ], [ -98.150052, 29.476345 ], [ -98.14918, 29.476411 ], [ -98.14822, 29.476695 ], [ -98.147556, 29.477053 ], [ -98.146612, 29.477505 ], [ -98.146004, 29.477855 ], [ -98.145796, 29.477935 ], [ -98.145276, 29.478115 ], [ -98.144884, 29.478263 ], [ -98.14446, 29.478463 ], [ -98.144156, 29.478583 ], [ -98.14382, 29.478755 ], [ -98.143596, 29.478933 ], [ -98.143284, 29.479151 ], [ -98.142972, 29.479487 ], [ -98.142796, 29.479783 ], [ -98.142692, 29.480033 ], [ -98.142548, 29.480283 ], [ -98.142596, 29.480557 ], [ -98.14254, 29.480979 ], [ -98.142388, 29.481463 ], [ -98.142332, 29.481887 ], [ -98.142356, 29.482097 ], [ -98.142356, 29.482325 ], [ -98.142508, 29.482761 ], [ -98.142692, 29.482893 ], [ -98.143116, 29.483129 ], [ -98.1433, 29.483191 ], [ -98.143556, 29.483231 ], [ -98.144124, 29.483411 ], [ -98.144548, 29.483973 ], [ -98.144348, 29.484369 ], [ -98.14402, 29.484579 ], [ -98.14342, 29.484677 ], [ -98.14298, 29.484655 ], [ -98.14258, 29.484885 ], [ -98.142484, 29.485229 ], [ -98.142436, 29.485437 ], [ -98.14254, 29.485707 ], [ -98.142716, 29.485917 ], [ -98.142784, 29.485963 ], [ -98.142884, 29.485977 ], [ -98.143076, 29.486145 ], [ -98.143252, 29.486231 ], [ -98.143284, 29.486405 ], [ -98.14318, 29.486589 ], [ -98.142932, 29.486759 ], [ -98.142484, 29.486995 ], [ -98.141916, 29.487183 ], [ -98.1413, 29.486969 ], [ -98.140404, 29.486775 ], [ -98.13986, 29.486487 ], [ -98.139276, 29.486131 ], [ -98.138996, 29.485789 ], [ -98.13894, 29.485437 ], [ -98.139068, 29.485097 ], [ -98.139348, 29.484813 ], [ -98.139796, 29.484675 ], [ -98.14006, 29.484545 ], [ -98.139972, 29.484299 ], [ -98.139708, 29.484179 ], [ -98.139532, 29.483969 ], [ -98.139468, 29.483753 ], [ -98.139396, 29.483589 ], [ -98.139228, 29.483337 ], [ -98.139092, 29.483185 ], [ -98.138732, 29.483273 ], [ -98.13834, 29.483617 ], [ -98.137868, 29.484109 ], [ -98.137428, 29.484525 ], [ -98.136972, 29.484759 ], [ -98.136468, 29.484987 ], [ -98.135828, 29.484995 ], [ -98.135324, 29.484769 ], [ -98.135044, 29.484485 ], [ -98.134956, 29.484115 ], [ -98.135068, 29.483767 ], [ -98.135412, 29.483449 ], [ -98.135772, 29.483281 ], [ -98.136204, 29.483131 ], [ -98.136708, 29.482921 ], [ -98.136844, 29.482555 ], [ -98.136876, 29.482103 ], [ -98.136876, 29.481993 ], [ -98.136812, 29.481657 ], [ -98.13674, 29.481323 ], [ -98.136628, 29.480945 ], [ -98.136508, 29.480659 ], [ -98.13634, 29.480351 ], [ -98.13614, 29.480147 ], [ -98.135876, 29.479859 ], [ -98.135308, 29.479535 ], [ -98.13494, 29.479397 ], [ -98.13466, 29.479307 ], [ -98.1343, 29.479315 ], [ -98.133924, 29.479559 ], [ -98.133612, 29.479901 ], [ -98.133276, 29.480183 ], [ -98.132812, 29.480309 ], [ -98.132188, 29.480619 ], [ -98.13166, 29.480927 ], [ -98.131276, 29.481219 ], [ -98.13078, 29.481761 ], [ -98.130332, 29.482303 ], [ -98.129764, 29.482673 ], [ -98.129492, 29.482909 ], [ -98.12894, 29.483145 ], [ -98.1283, 29.483269 ], [ -98.12774, 29.483309 ], [ -98.12722, 29.483167 ], [ -98.127012, 29.483109 ], [ -98.126852, 29.483103 ], [ -98.126584, 29.483063 ], [ -98.126132, 29.481785 ], [ -98.125884, 29.481563 ], [ -98.125668, 29.481299 ], [ -98.125548, 29.480983 ], [ -98.1253, 29.480577 ], [ -98.124996, 29.480155 ], [ -98.124428, 29.479657 ], [ -98.123907, 29.479169 ], [ -98.123555, 29.478825 ], [ -98.123107, 29.478421 ], [ -98.122755, 29.478089 ], [ -98.122435, 29.477783 ], [ -98.122267, 29.477465 ], [ -98.122131, 29.477149 ], [ -98.122067, 29.476901 ], [ -98.122035, 29.476661 ], [ -98.122115, 29.476439 ], [ -98.122331, 29.476199 ], [ -98.122627, 29.476065 ], [ -98.123035, 29.475993 ], [ -98.123323, 29.475985 ], [ -98.123619, 29.475991 ], [ -98.123843, 29.475965 ], [ -98.124147, 29.475915 ], [ -98.124395, 29.475837 ], [ -98.124532, 29.475571 ], [ -98.124556, 29.475261 ], [ -98.124211, 29.474539 ], [ -98.123987, 29.473979 ], [ -98.123619, 29.473391 ], [ -98.123283, 29.473019 ], [ -98.122955, 29.472713 ], [ -98.122587, 29.472595 ], [ -98.122187, 29.472673 ], [ -98.121875, 29.472841 ], [ -98.121603, 29.473037 ], [ -98.121299, 29.473125 ], [ -98.121067, 29.473157 ], [ -98.120827, 29.473061 ], [ -98.120667, 29.472873 ], [ -98.120707, 29.472583 ], [ -98.120787, 29.472145 ], [ -98.120763, 29.471845 ], [ -98.120611, 29.471307 ], [ -98.120379, 29.470743 ], [ -98.120019, 29.470177 ], [ -98.119675, 29.469809 ], [ -98.119331, 29.469371 ], [ -98.118963, 29.468973 ], [ -98.118507, 29.468187 ], [ -98.118155, 29.467459 ], [ -98.117835, 29.466643 ], [ -98.117627, 29.465859 ], [ -98.117323, 29.464901 ], [ -98.117187, 29.464477 ], [ -98.117067, 29.464027 ], [ -98.116923, 29.463561 ], [ -98.116811, 29.462839 ], [ -98.116835, 29.462184 ], [ -98.116923, 29.461634 ], [ -98.116947, 29.46127 ], [ -98.116923, 29.460882 ], [ -98.116923, 29.460654 ], [ -98.117011, 29.4604 ], [ -98.117403, 29.459926 ], [ -98.117571, 29.459742 ], [ -98.118027, 29.459388 ], [ -98.118307, 29.459254 ], [ -98.118579, 29.459066 ], [ -98.118811, 29.458768 ], [ -98.119035, 29.458514 ], [ -98.119235, 29.458208 ], [ -98.119539, 29.457872 ], [ -98.119811, 29.4576 ], [ -98.120139, 29.457316 ], [ -98.120387, 29.45716 ], [ -98.120739, 29.457018 ], [ -98.121035, 29.457014 ], [ -98.121531, 29.457122 ], [ -98.122083, 29.457232 ], [ -98.122603, 29.457274 ], [ -98.123243, 29.457358 ], [ -98.123715, 29.45737 ], [ -98.124299, 29.45748 ], [ -98.124675, 29.457566 ], [ -98.125155, 29.457766 ], [ -98.125715, 29.457868 ], [ -98.126123, 29.457752 ], [ -98.12642, 29.457578 ], [ -98.126636, 29.457398 ], [ -98.126784, 29.456864 ], [ -98.126988, 29.456572 ], [ -98.126984, 29.456264 ], [ -98.127004, 29.456112 ], [ -98.126784, 29.455564 ], [ -98.126644, 29.454534 ], [ -98.126483, 29.45426 ], [ -98.126283, 29.454072 ], [ -98.125963, 29.453848 ], [ -98.125595, 29.453642 ], [ -98.125291, 29.453436 ], [ -98.124963, 29.453132 ], [ -98.124475, 29.452798 ], [ -98.124123, 29.452598 ], [ -98.123955, 29.45243 ], [ -98.123827, 29.452178 ], [ -98.123648, 29.451893 ], [ -98.123587, 29.451796 ], [ -98.123083, 29.451164 ], [ -98.122715, 29.450872 ], [ -98.122515, 29.450532 ], [ -98.122275, 29.450178 ], [ -98.122035, 29.449922 ], [ -98.121611, 29.44983 ], [ -98.121379, 29.449842 ], [ -98.121115, 29.449866 ], [ -98.120827, 29.449874 ], [ -98.120635, 29.449772 ], [ -98.120507, 29.44948 ], [ -98.120555, 29.44922 ], [ -98.120771, 29.448828 ], [ -98.121027, 29.448514 ], [ -98.121195, 29.4482 ], [ -98.121291, 29.448024 ], [ -98.121353, 29.447903 ], [ -98.121435, 29.447742 ], [ -98.121459, 29.447586 ], [ -98.121419, 29.447354 ], [ -98.121259, 29.447244 ], [ -98.121043, 29.44718 ], [ -98.120787, 29.447078 ], [ -98.120683, 29.446708 ], [ -98.120859, 29.446472 ], [ -98.121219, 29.446224 ], [ -98.121595, 29.446066 ], [ -98.121995, 29.44589 ], [ -98.122331, 29.445808 ], [ -98.122723, 29.445788 ], [ -98.123123, 29.445794 ], [ -98.123603, 29.445864 ], [ -98.124355, 29.446076 ], [ -98.124803, 29.446148 ], [ -98.125187, 29.446116 ], [ -98.125619, 29.446 ], [ -98.126883, 29.445764 ], [ -98.127516, 29.446024 ], [ -98.127796, 29.446036 ], [ -98.12794, 29.445976 ], [ -98.128076, 29.445758 ], [ -98.12826, 29.445468 ], [ -98.128476, 29.445124 ], [ -98.12862, 29.444872 ], [ -98.128844, 29.444654 ], [ -98.129188, 29.44445 ], [ -98.129564, 29.444288 ], [ -98.129932, 29.444198 ], [ -98.130164, 29.444034 ], [ -98.13042, 29.443844 ], [ -98.130764, 29.443624 ], [ -98.131244, 29.443328 ], [ -98.131444, 29.443274 ], [ -98.131804, 29.443332 ], [ -98.132252, 29.443348 ], [ -98.132612, 29.443096 ], [ -98.1329, 29.442844 ], [ -98.133196, 29.442694 ], [ -98.133364, 29.442574 ], [ -98.1335, 29.44244 ], [ -98.133584, 29.442264 ], [ -98.137276, 29.440322 ], [ -98.137384, 29.440264 ], [ -98.141884, 29.434728 ], [ -98.146784, 29.428965 ], [ -98.147684, 29.427865 ], [ -98.147708, 29.427821 ], [ -98.153828, 29.420371 ], [ -98.153884, 29.420365 ], [ -98.158188, 29.415297 ], [ -98.160084, 29.413065 ], [ -98.160684, 29.412365 ], [ -98.161972, 29.410712 ], [ -98.162964, 29.409439 ], [ -98.164293, 29.407778 ], [ -98.166384, 29.405165 ], [ -98.167908, 29.403415 ], [ -98.17198, 29.398538 ], [ -98.175585, 29.394166 ], [ -98.175829, 29.393752 ], [ -98.178005, 29.391226 ], [ -98.180493, 29.388244 ], [ -98.182485, 29.385766 ], [ -98.184637, 29.383082 ], [ -98.186885, 29.380266 ], [ -98.187885, 29.378866 ], [ -98.188585, 29.378066 ], [ -98.190797, 29.37508 ], [ -98.197785, 29.366667 ], [ -98.204785, 29.358067 ], [ -98.205697, 29.356972 ], [ -98.206181, 29.356391 ], [ -98.211785, 29.349667 ], [ -98.221986, 29.337268 ], [ -98.222186, 29.337068 ], [ -98.224324, 29.334443 ], [ -98.228318, 29.329539 ], [ -98.230086, 29.327368 ], [ -98.233886, 29.322768 ], [ -98.235286, 29.321068 ], [ -98.238185, 29.317568 ], [ -98.240525, 29.314679 ], [ -98.242885, 29.311769 ], [ -98.243685, 29.310769 ], [ -98.248861, 29.304523 ], [ -98.249485, 29.303769 ], [ -98.250229, 29.302839 ], [ -98.250285, 29.302769 ], [ -98.250413, 29.302597 ], [ -98.250445, 29.302561 ], [ -98.254685, 29.297269 ], [ -98.255685, 29.296169 ], [ -98.258085, 29.293169 ], [ -98.26569, 29.283959 ], [ -98.267085, 29.28227 ], [ -98.267147, 29.282188 ], [ -98.267933, 29.28114 ], [ -98.267985, 29.28107 ], [ -98.272986, 29.27497 ], [ -98.274202, 29.273484 ], [ -98.280186, 29.26617 ], [ -98.281251, 29.264821 ], [ -98.281686, 29.26427 ], [ -98.283486, 29.26207 ], [ -98.287286, 29.25737 ], [ -98.293503, 29.250071 ], [ -98.296152, 29.24715 ], [ -98.296696, 29.246497 ], [ -98.300476, 29.241959 ], [ -98.300709, 29.241681 ], [ -98.300851, 29.241512 ], [ -98.30138, 29.240879 ], [ -98.301675, 29.240526 ], [ -98.301931, 29.240221 ], [ -98.303356, 29.238513 ], [ -98.304756, 29.236834 ], [ -98.305095, 29.236429 ], [ -98.306819, 29.234361 ], [ -98.309627, 29.230994 ], [ -98.310539, 29.229902 ], [ -98.319963, 29.218604 ], [ -98.323433, 29.214441 ], [ -98.324, 29.213763 ], [ -98.324601, 29.213044 ], [ -98.327355, 29.209744 ], [ -98.327877, 29.209118 ], [ -98.330541, 29.205925 ], [ -98.338172, 29.196778 ], [ -98.339848, 29.194798 ], [ -98.34128, 29.193109 ], [ -98.34209, 29.192146 ], [ -98.343016, 29.191054 ], [ -98.345358, 29.188251 ], [ -98.351863, 29.180475 ], [ -98.354611, 29.177186 ], [ -98.360656, 29.169952 ], [ -98.361393, 29.169071 ], [ -98.362526, 29.167716 ], [ -98.367786, 29.161421 ], [ -98.371225, 29.157306 ], [ -98.375488, 29.152132 ], [ -98.376037, 29.151465 ], [ -98.380065, 29.146575 ], [ -98.381792, 29.144478 ], [ -98.385743, 29.139665 ], [ -98.395255, 29.128137 ], [ -98.397782, 29.125075 ], [ -98.407334, 29.114497 ], [ -98.407375, 29.11445 ], [ -98.410704, 29.11551 ] ] ] } }
]
}
