{
"type": "FeatureCollection",
"name": "sboe",
"crs": { "type": "name", "properties": { "name": "urn:ogc:def:crs:OGC:1.3:CRS84" } },
"xy_coordinate_resolution": 1e-06,
"features": [
{ "type": "Feature", "properties": { "OBJECTID_1": 1, "District": 1, "Shape__Area": 1752545819702.8401, "Shape__Length": 11107553.4345225, "OBJECTID_2": 1, "ID": 1, "FIPSSTCO": "48029", "NAME": "Bexar County", "ICOMAPATTR": "x", "SHAPESTArea": 35025204908.119141, "SHAPESTLength": 923728.01036523399 }, "geometry": { "type": "MultiPolygon", "coordinates": [ [ [ [ -98.774917, 29.71971 ], [ -98.774793, 29.719786 ], [ -98.774711, 29.719794 ], [ -98.774107, 29.719954 ], [ -98.773135, 29.72 ], [ -98.771743, 29.72032 ], [ -98.771571, 29.720455 ], [ -98.771526, 29.720463 ], [ -98.771184, 29.720922 ], [ -98.770955, 29.721077 ], [ -98.770351, 29.721191 ], [ -98.769011, 29.721007 ], [ -98.767909, 29.720594 ], [ -98.76762, 29.71986 ], [ -98.767489, 29.719654 ], [ -98.767148, 29.719471 ], [ -98.766465, 29.719585 ], [ -98.766202, 29.719722 ], [ -98.766127, 29.7198 ], [ -98.766125, 29.719801 ], [ -98.764984, 29.720838 ], [ -98.764915, 29.720868 ], [ -98.76434, 29.721043 ], [ -98.763707, 29.721235 ], [ -98.76242, 29.721784 ], [ -98.761554, 29.721692 ], [ -98.760976, 29.721761 ], [ -98.760267, 29.722058 ], [ -98.759899, 29.722012 ], [ -98.759584, 29.721875 ], [ -98.759138, 29.721393 ], [ -98.758856, 29.721437 ], [ -98.758573, 29.721459 ], [ -98.758544, 29.721491 ], [ -98.757903, 29.721737 ], [ -98.757326, 29.721736 ], [ -98.75533, 29.721437 ], [ -98.75449, 29.721139 ], [ -98.753465, 29.721047 ], [ -98.752888, 29.720565 ], [ -98.752573, 29.720267 ], [ -98.752284, 29.720129 ], [ -98.752139, 29.720151 ], [ -98.751838, 29.720198 ], [ -98.751763, 29.720263 ], [ -98.751551, 29.720262 ], [ -98.750947, 29.720785 ], [ -98.750927, 29.720793 ], [ -98.750501, 29.720828 ], [ -98.749742, 29.720817 ], [ -98.748297, 29.720336 ], [ -98.747032, 29.719776 ], [ -98.746642, 29.719603 ], [ -98.74546, 29.718847 ], [ -98.74454, 29.718068 ], [ -98.744445, 29.717324 ], [ -98.744447, 29.717162 ], [ -98.744411, 29.717061 ], [ -98.744356, 29.716624 ], [ -98.744224, 29.716418 ], [ -98.744041, 29.716326 ], [ -98.743568, 29.716327 ], [ -98.743148, 29.716556 ], [ -98.742701, 29.716694 ], [ -98.741782, 29.716809 ], [ -98.740757, 29.716832 ], [ -98.739365, 29.716741 ], [ -98.738796, 29.716624 ], [ -98.738602, 29.716583 ], [ -98.738559, 29.716564 ], [ -98.738517, 29.716566 ], [ -98.738367, 29.716535 ], [ -98.738214, 29.716579 ], [ -98.738168, 29.716581 ], [ -98.738089, 29.716616 ], [ -98.737658, 29.716742 ], [ -98.737186, 29.71704 ], [ -98.735874, 29.71837 ], [ -98.735794, 29.718513 ], [ -98.735711, 29.71859 ], [ -98.735708, 29.718666 ], [ -98.735427, 29.719172 ], [ -98.735409, 29.719263 ], [ -98.735244, 29.720089 ], [ -98.734929, 29.720571 ], [ -98.734588, 29.720869 ], [ -98.734089, 29.721098 ], [ -98.733012, 29.721374 ], [ -98.73015, 29.721742 ], [ -98.729467, 29.722017 ], [ -98.72927, 29.72222 ], [ -98.728962, 29.722311 ], [ -98.728824, 29.72246 ], [ -98.728969, 29.72328 ], [ -98.729694, 29.724127 ], [ -98.730685, 29.725843 ], [ -98.732022, 29.727014 ], [ -98.733717, 29.727905 ], [ -98.734342, 29.7289 ], [ -98.734204, 29.729268 ], [ -98.733961, 29.729396 ], [ -98.732963, 29.729396 ], [ -98.731098, 29.729076 ], [ -98.729756, 29.728642 ], [ -98.727342, 29.727863 ], [ -98.726397, 29.727611 ], [ -98.725845, 29.72768 ], [ -98.725731, 29.727746 ], [ -98.725328, 29.727808 ], [ -98.725113, 29.727924 ], [ -98.724902, 29.7284 ], [ -98.724322, 29.728918 ], [ -98.723797, 29.729193 ], [ -98.723482, 29.729262 ], [ -98.722642, 29.729101 ], [ -98.721459, 29.728232 ], [ -98.720391, 29.727288 ], [ -98.719489, 29.72649 ], [ -98.718177, 29.725486 ], [ -98.717992, 29.725344 ], [ -98.717598, 29.725183 ], [ -98.716626, 29.725367 ], [ -98.715943, 29.725596 ], [ -98.714919, 29.72617 ], [ -98.713948, 29.726949 ], [ -98.713616, 29.727352 ], [ -98.713047, 29.727861 ], [ -98.71286, 29.728214 ], [ -98.711075, 29.730333 ], [ -98.710324, 29.731007 ], [ -98.70909, 29.731753 ], [ -98.707797, 29.732377 ], [ -98.706728, 29.732703 ], [ -98.705124, 29.732979 ], [ -98.704074, 29.732956 ], [ -98.70377, 29.732907 ], [ -98.703365, 29.732841 ], [ -98.701999, 29.732337 ], [ -98.701612, 29.732345 ], [ -98.701421, 29.732313 ], [ -98.700909, 29.732313 ], [ -98.700007, 29.73261 ], [ -98.699896, 29.732711 ], [ -98.69986, 29.732953 ], [ -98.700041, 29.733497 ], [ -98.701143, 29.735724 ], [ -98.701, 29.736813 ], [ -98.700817, 29.737037 ], [ -98.700213, 29.737266 ], [ -98.699845, 29.737266 ], [ -98.698531, 29.737014 ], [ -98.693264, 29.735337 ], [ -98.693231, 29.735318 ], [ -98.69315, 29.735301 ], [ -98.6927, 29.735158 ], [ -98.692381, 29.735242 ], [ -98.692122, 29.735263 ], [ -98.691517, 29.735505 ], [ -98.689651, 29.737546 ], [ -98.68865, 29.738291 ], [ -98.688355, 29.73844 ], [ -98.688093, 29.738571 ], [ -98.687569, 29.738757 ], [ -98.687, 29.73894 ], [ -98.6869, 29.738954 ], [ -98.685556, 29.739146 ], [ -98.683533, 29.739238 ], [ -98.682929, 29.739146 ], [ -98.682299, 29.738825 ], [ -98.682246, 29.738734 ], [ -98.681012, 29.738046 ], [ -98.679462, 29.737656 ], [ -98.677755, 29.737449 ], [ -98.676757, 29.737174 ], [ -98.6761, 29.737289 ], [ -98.675997, 29.737349 ], [ -98.675921, 29.737358 ], [ -98.675581, 29.737591 ], [ -98.675155, 29.737839 ], [ -98.674866, 29.73816 ], [ -98.674791, 29.738412 ], [ -98.674509, 29.73881 ], [ -98.674231, 29.740048 ], [ -98.674464, 29.740659 ], [ -98.674256, 29.741446 ], [ -98.674009, 29.741847 ], [ -98.673552, 29.742263 ], [ -98.670793, 29.743157 ], [ -98.669769, 29.74334 ], [ -98.668666, 29.74334 ], [ -98.667668, 29.743133 ], [ -98.666407, 29.74256 ], [ -98.665409, 29.741941 ], [ -98.664674, 29.74162 ], [ -98.664148, 29.741253 ], [ -98.663912, 29.740978 ], [ -98.663254, 29.740794 ], [ -98.66223, 29.740886 ], [ -98.660628, 29.741252 ], [ -98.660128, 29.741504 ], [ -98.659839, 29.741779 ], [ -98.659839, 29.741971 ], [ -98.659712, 29.742142 ], [ -98.659781, 29.742797 ], [ -98.660147, 29.743325 ], [ -98.660575, 29.743727 ], [ -98.663557, 29.745185 ], [ -98.663689, 29.745389 ], [ -98.663746, 29.74628 ], [ -98.663743, 29.746286 ], [ -98.662439, 29.748153 ], [ -98.661624, 29.74884 ], [ -98.661151, 29.748978 ], [ -98.659759, 29.74884 ], [ -98.65955, 29.748852 ], [ -98.659465, 29.748857 ], [ -98.658981, 29.748886 ], [ -98.658603, 29.748908 ], [ -98.658261, 29.748679 ], [ -98.658078, 29.748152 ], [ -98.657894, 29.747877 ], [ -98.657237, 29.747647 ], [ -98.65677, 29.747681 ], [ -98.655424, 29.747778 ], [ -98.655346, 29.747784 ], [ -98.65512, 29.747857 ], [ -98.654426, 29.748082 ], [ -98.653664, 29.748426 ], [ -98.653113, 29.74877 ], [ -98.653064, 29.748834 ], [ -98.653059, 29.748836 ], [ -98.653004, 29.748911 ], [ -98.652745, 29.749251 ], [ -98.652747, 29.749268 ], [ -98.652586, 29.74949 ], [ -98.65256, 29.74987 ], [ -98.652933, 29.750689 ], [ -98.653298, 29.751134 ], [ -98.653319, 29.751261 ], [ -98.653151, 29.752561 ], [ -98.653021, 29.752838 ], [ -98.653007, 29.752869 ], [ -98.652481, 29.75335 ], [ -98.651614, 29.753716 ], [ -98.650826, 29.753739 ], [ -98.650064, 29.753418 ], [ -98.649408, 29.752845 ], [ -98.649093, 29.75234 ], [ -98.648883, 29.75163 ], [ -98.648804, 29.751584 ], [ -98.648778, 29.751263 ], [ -98.648734, 29.75116 ], [ -98.648437, 29.750472 ], [ -98.648148, 29.750052 ], [ -98.647543, 29.749479 ], [ -98.647018, 29.749135 ], [ -98.646992, 29.749043 ], [ -98.646198, 29.748391 ], [ -98.646099, 29.748309 ], [ -98.64581, 29.747919 ], [ -98.645787, 29.747784 ], [ -98.645705, 29.7473 ], [ -98.646044, 29.74656 ], [ -98.646087, 29.746512 ], [ -98.646251, 29.746149 ], [ -98.646252, 29.746108 ], [ -98.646336, 29.745925 ], [ -98.646327, 29.745129 ], [ -98.646241, 29.744426 ], [ -98.646206, 29.744137 ], [ -98.646195, 29.744087 ], [ -98.646239, 29.743607 ], [ -98.645973, 29.743026 ], [ -98.645865, 29.742509 ], [ -98.645445, 29.741684 ], [ -98.644911, 29.741171 ], [ -98.644657, 29.740927 ], [ -98.643843, 29.740331 ], [ -98.642793, 29.740101 ], [ -98.641453, 29.740055 ], [ -98.639562, 29.740398 ], [ -98.637592, 29.740626 ], [ -98.636384, 29.740855 ], [ -98.63486, 29.741359 ], [ -98.633145, 29.741769 ], [ -98.632942, 29.741817 ], [ -98.632662, 29.74196 ], [ -98.631155, 29.742733 ], [ -98.631076, 29.74287 ], [ -98.630551, 29.743053 ], [ -98.629106, 29.743878 ], [ -98.628449, 29.744084 ], [ -98.627556, 29.744175 ], [ -98.625497, 29.744156 ], [ -98.625301, 29.744181 ], [ -98.625153, 29.7442 ], [ -98.624361, 29.74414 ], [ -98.623597, 29.743973 ], [ -98.623597, 29.743952 ], [ -98.622777, 29.74386 ], [ -98.622305, 29.743752 ], [ -98.621793, 29.743718 ], [ -98.621725, 29.743745 ], [ -98.621496, 29.743684 ], [ -98.621206, 29.7437 ], [ -98.620236, 29.74402 ], [ -98.619653, 29.744094 ], [ -98.618702, 29.744064 ], [ -98.618565, 29.744044 ], [ -98.617841, 29.743786 ], [ -98.617385, 29.742978 ], [ -98.617249, 29.74205 ], [ -98.617193, 29.741096 ], [ -98.617209, 29.740482 ], [ -98.617569, 29.739936 ], [ -98.617577, 29.73942 ], [ -98.616785, 29.738738 ], [ -98.616017, 29.738414 ], [ -98.615329, 29.73781 ], [ -98.614713, 29.737498 ], [ -98.614403, 29.737648 ], [ -98.614206, 29.737596 ], [ -98.613632, 29.737762 ], [ -98.613273, 29.738081 ], [ -98.612731, 29.738241 ], [ -98.612272, 29.739871 ], [ -98.611797, 29.739952 ], [ -98.611265, 29.74 ], [ -98.611158, 29.740021 ], [ -98.610859, 29.739996 ], [ -98.60912, 29.740333 ], [ -98.608329, 29.740344 ], [ -98.607449, 29.740214 ], [ -98.606507, 29.740064 ], [ -98.606465, 29.740047 ], [ -98.60638, 29.740044 ], [ -98.606265, 29.740026 ], [ -98.604321, 29.739822 ], [ -98.603537, 29.739836 ], [ -98.602833, 29.74006 ], [ -98.602375, 29.740265 ], [ -98.601574, 29.740406 ], [ -98.601284, 29.740544 ], [ -98.600477, 29.74127 ], [ -98.600269, 29.741579 ], [ -98.599986, 29.74264 ], [ -98.600005, 29.743036 ], [ -98.600276, 29.743526 ], [ -98.601702, 29.745292 ], [ -98.603108, 29.746194 ], [ -98.604495, 29.746837 ], [ -98.604735, 29.747128 ], [ -98.604259, 29.74845 ], [ -98.604169, 29.74864 ], [ -98.603801, 29.749078 ], [ -98.602793, 29.749598 ], [ -98.602097, 29.749752 ], [ -98.601409, 29.74989 ], [ -98.601089, 29.749862 ], [ -98.600545, 29.749788 ], [ -98.599977, 29.74959 ], [ -98.599441, 29.749185 ], [ -98.599351, 29.749022 ], [ -98.599199, 29.748962 ], [ -98.598553, 29.748342 ], [ -98.597833, 29.747906 ], [ -98.597041, 29.747228 ], [ -98.596081, 29.746704 ], [ -98.594297, 29.745984 ], [ -98.593553, 29.74564 ], [ -98.593404, 29.745736 ], [ -98.593386, 29.745728 ], [ -98.593121, 29.745684 ], [ -98.592441, 29.746581 ], [ -98.591829, 29.746964 ], [ -98.591168, 29.747056 ], [ -98.590408, 29.747232 ], [ -98.589409, 29.747739 ], [ -98.589249, 29.74774 ], [ -98.588608, 29.747478 ], [ -98.58788, 29.74651 ], [ -98.587504, 29.745298 ], [ -98.587048, 29.744016 ], [ -98.586808, 29.74349 ], [ -98.586968, 29.742904 ], [ -98.58656, 29.742126 ], [ -98.585005, 29.741605 ], [ -98.58478, 29.741466 ], [ -98.584118, 29.741246 ], [ -98.583944, 29.741214 ], [ -98.583688, 29.741118 ], [ -98.583484, 29.74113 ], [ -98.583456, 29.741125 ], [ -98.582523, 29.741192 ], [ -98.58234, 29.741241 ], [ -98.582252, 29.741373 ], [ -98.582328, 29.741703 ], [ -98.582292, 29.741984 ], [ -98.581688, 29.742552 ], [ -98.580968, 29.74295 ], [ -98.580352, 29.743032 ], [ -98.579552, 29.74327 ], [ -98.57955, 29.743272 ], [ -98.579384, 29.743299 ], [ -98.578816, 29.743728 ], [ -98.578678, 29.744185 ], [ -98.578697, 29.744471 ], [ -98.578868, 29.744758 ], [ -98.578864, 29.744802 ], [ -98.579272, 29.74546 ], [ -98.57852, 29.745846 ], [ -98.577376, 29.74648 ], [ -98.57652, 29.746984 ], [ -98.576432, 29.747106 ], [ -98.576425, 29.747136 ], [ -98.576339, 29.747183 ], [ -98.576043, 29.747607 ], [ -98.575997, 29.748193 ], [ -98.575306, 29.749812 ], [ -98.575093, 29.750052 ], [ -98.575065, 29.750119 ], [ -98.574927, 29.750216 ], [ -98.574588, 29.750416 ], [ -98.574581, 29.750417 ], [ -98.574547, 29.750412 ], [ -98.574156, 29.750244 ], [ -98.573896, 29.750052 ], [ -98.573414, 29.749925 ], [ -98.573224, 29.749843 ], [ -98.573016, 29.74982 ], [ -98.572275, 29.749625 ], [ -98.571821, 29.749482 ], [ -98.571728, 29.749394 ], [ -98.571152, 29.748978 ], [ -98.57068, 29.748532 ], [ -98.569824, 29.748116 ], [ -98.569196, 29.748152 ], [ -98.569008, 29.748098 ], [ -98.568752, 29.74824 ], [ -98.568725, 29.748302 ], [ -98.568579, 29.748334 ], [ -98.568314, 29.748548 ], [ -98.568169, 29.748812 ], [ -98.568369, 29.749115 ], [ -98.568184, 29.74954 ], [ -98.567759, 29.750052 ], [ -98.567141, 29.751235 ], [ -98.567067, 29.751316 ], [ -98.566982, 29.751538 ], [ -98.566727, 29.752026 ], [ -98.566149, 29.752347 ], [ -98.565387, 29.752347 ], [ -98.56318, 29.752117 ], [ -98.562786, 29.751567 ], [ -98.562471, 29.751315 ], [ -98.562156, 29.751246 ], [ -98.561, 29.751338 ], [ -98.559912, 29.751355 ], [ -98.559529, 29.751361 ], [ -98.558898, 29.751613 ], [ -98.558483, 29.751874 ], [ -98.558242, 29.752026 ], [ -98.557999, 29.752255 ], [ -98.557559, 29.752581 ], [ -98.556437, 29.753627 ], [ -98.555651, 29.754605 ], [ -98.555641, 29.754616 ], [ -98.555638, 29.754621 ], [ -98.555125, 29.75526 ], [ -98.555081, 29.756058 ], [ -98.555268, 29.756438 ], [ -98.555273, 29.756473 ], [ -98.55543, 29.757046 ], [ -98.55543, 29.757225 ], [ -98.555137, 29.758292 ], [ -98.554747, 29.759062 ], [ -98.554311, 29.759447 ], [ -98.553638, 29.759838 ], [ -98.553145, 29.760072 ], [ -98.552015, 29.760392 ], [ -98.551332, 29.760461 ], [ -98.550355, 29.760359 ], [ -98.548914, 29.760209 ], [ -98.548126, 29.759911 ], [ -98.54739, 29.759223 ], [ -98.547386, 29.759216 ], [ -98.546949, 29.758 ], [ -98.547049, 29.756908 ], [ -98.547049, 29.756885 ], [ -98.547052, 29.756868 ], [ -98.547233, 29.756511 ], [ -98.547837, 29.755693 ], [ -98.548017, 29.755282 ], [ -98.548048, 29.755211 ], [ -98.548048, 29.755158 ], [ -98.548048, 29.754742 ], [ -98.548048, 29.754432 ], [ -98.547943, 29.754157 ], [ -98.547102, 29.753354 ], [ -98.546419, 29.752987 ], [ -98.542768, 29.751726 ], [ -98.541218, 29.751451 ], [ -98.540351, 29.751565 ], [ -98.539905, 29.751703 ], [ -98.539826, 29.751772 ], [ -98.539437, 29.751771 ], [ -98.539077, 29.7519 ], [ -98.539004, 29.751908 ], [ -98.538377, 29.752152 ], [ -98.536947, 29.752665 ], [ -98.535884, 29.752871 ], [ -98.535262, 29.752733 ], [ -98.534227, 29.752091 ], [ -98.533861, 29.751106 ], [ -98.53376, 29.750053 ], [ -98.533692, 29.749981 ], [ -98.533847, 29.748605 ], [ -98.534023, 29.747691 ], [ -98.534143, 29.74746 ], [ -98.534335, 29.746896 ], [ -98.533807, 29.746286 ], [ -98.532911, 29.745986 ], [ -98.531671, 29.745454 ], [ -98.530863, 29.744926 ], [ -98.529727, 29.744406 ], [ -98.528871, 29.744054 ], [ -98.528263, 29.743042 ], [ -98.528216, 29.742478 ], [ -98.5282, 29.742233 ], [ -98.528194, 29.742218 ], [ -98.528175, 29.741986 ], [ -98.527951, 29.74114 ], [ -98.527671, 29.740656 ], [ -98.527231, 29.740302 ], [ -98.526719, 29.740021 ], [ -98.525767, 29.739955 ], [ -98.525695, 29.740053 ], [ -98.525327, 29.74032 ], [ -98.525239, 29.741018 ], [ -98.525607, 29.741688 ], [ -98.5257, 29.741843 ], [ -98.526088, 29.743151 ], [ -98.526075, 29.743231 ], [ -98.525455, 29.743804 ], [ -98.524687, 29.744182 ], [ -98.524039, 29.744644 ], [ -98.523463, 29.74485 ], [ -98.522655, 29.744784 ], [ -98.521703, 29.74469 ], [ -98.521195, 29.744652 ], [ -98.519782, 29.744512 ], [ -98.51875, 29.744078 ], [ -98.517758, 29.743568 ], [ -98.516814, 29.743206 ], [ -98.51591, 29.742718 ], [ -98.515254, 29.742568 ], [ -98.514494, 29.742352 ], [ -98.514431, 29.742334 ], [ -98.514388, 29.741992 ], [ -98.513054, 29.740563 ], [ -98.51282, 29.739904 ], [ -98.512965, 29.735182 ], [ -98.512975, 29.714701 ], [ -98.513111, 29.713782 ], [ -98.513322, 29.713189 ], [ -98.512989, 29.713003 ], [ -98.512909, 29.712861 ], [ -98.512902, 29.708002 ], [ -98.513023, 29.707673 ], [ -98.513448, 29.707328 ], [ -98.514376, 29.707041 ], [ -98.514946, 29.706965 ], [ -98.51632, 29.707072 ], [ -98.517829, 29.707336 ], [ -98.519217, 29.707302 ], [ -98.519851, 29.707161 ], [ -98.52019, 29.707438 ], [ -98.520925, 29.706728 ], [ -98.521283, 29.706209 ], [ -98.521535, 29.705623 ], [ -98.521713, 29.704804 ], [ -98.521695, 29.703914 ], [ -98.520936, 29.701385 ], [ -98.520828, 29.700182 ], [ -98.522529, 29.689514 ], [ -98.522565, 29.688459 ], [ -98.522107, 29.682328 ], [ -98.522231, 29.681339 ], [ -98.522809, 29.679257 ], [ -98.522976, 29.67822 ], [ -98.52298, 29.677337 ], [ -98.522373, 29.671439 ], [ -98.521776, 29.66966 ], [ -98.520446, 29.667088 ], [ -98.520232, 29.666358 ], [ -98.520046, 29.665068 ], [ -98.520105, 29.66366 ], [ -98.521245, 29.658056 ], [ -98.521325, 29.656699 ], [ -98.521203, 29.655344 ], [ -98.520998, 29.654391 ], [ -98.520505, 29.653027 ], [ -98.518869, 29.650046 ], [ -98.518605, 29.649069 ], [ -98.518218, 29.645832 ], [ -98.518345, 29.644402 ], [ -98.519668, 29.640679 ], [ -98.519877, 29.639314 ], [ -98.519328, 29.63487 ], [ -98.518831, 29.62693 ], [ -98.534594, 29.626943 ], [ -98.534653, 29.624175 ], [ -98.534751, 29.624191 ], [ -98.534849, 29.618138 ], [ -98.543445, 29.618232 ], [ -98.543473, 29.617318 ], [ -98.543371, 29.617299 ], [ -98.543473, 29.616863 ], [ -98.543461, 29.616005 ], [ -98.54331, 29.615042 ], [ -98.542555, 29.613199 ], [ -98.542284, 29.612836 ], [ -98.542158, 29.612368 ], [ -98.541938, 29.612049 ], [ -98.541706, 29.61085 ], [ -98.541309, 29.610234 ], [ -98.541063, 29.610063 ], [ -98.541656, 29.609012 ], [ -98.541719, 29.608748 ], [ -98.541436, 29.607681 ], [ -98.541535, 29.602117 ], [ -98.536957, 29.602437 ], [ -98.53516, 29.602844 ], [ -98.533713, 29.603359 ], [ -98.533038, 29.602132 ], [ -98.532854, 29.601133 ], [ -98.532926, 29.600332 ], [ -98.533386, 29.599199 ], [ -98.532411, 29.599054 ], [ -98.531902, 29.599202 ], [ -98.531245, 29.599558 ], [ -98.531287, 29.59281 ], [ -98.531459, 29.5901 ], [ -98.53856, 29.583114 ], [ -98.538633, 29.583283 ], [ -98.54122, 29.580979 ], [ -98.551488, 29.570773 ], [ -98.552622, 29.56994 ], [ -98.55414, 29.568574 ], [ -98.558224, 29.564484 ], [ -98.54935, 29.557579 ], [ -98.546741, 29.555354 ], [ -98.544541, 29.55384 ], [ -98.541299, 29.551252 ], [ -98.54301, 29.54978 ], [ -98.552717, 29.540449 ], [ -98.545367, 29.533495 ], [ -98.543131, 29.531091 ], [ -98.539599, 29.528133 ], [ -98.538883, 29.527281 ], [ -98.537984, 29.525716 ], [ -98.552463, 29.511295 ], [ -98.555893, 29.523062 ], [ -98.556711, 29.522801 ], [ -98.5571, 29.521912 ], [ -98.558254, 29.520772 ], [ -98.558713, 29.520527 ], [ -98.559694, 29.520291 ], [ -98.560569, 29.519516 ], [ -98.561818, 29.520484 ], [ -98.562078, 29.520538 ], [ -98.562292, 29.520473 ], [ -98.564076, 29.518743 ], [ -98.562773, 29.517737 ], [ -98.563478, 29.516902 ], [ -98.563933, 29.515901 ], [ -98.564257, 29.515647 ], [ -98.564636, 29.515507 ], [ -98.565025, 29.515485 ], [ -98.565896, 29.515617 ], [ -98.5665, 29.515432 ], [ -98.56741, 29.514508 ], [ -98.567971, 29.514126 ], [ -98.568509, 29.513207 ], [ -98.568989, 29.512759 ], [ -98.567174, 29.510879 ], [ -98.569024, 29.509067 ], [ -98.569577, 29.508816 ], [ -98.570025, 29.508782 ], [ -98.570096, 29.508199 ], [ -98.570469, 29.507615 ], [ -98.578143, 29.500021 ], [ -98.583081, 29.503769 ], [ -98.583848, 29.504266 ], [ -98.586216, 29.506229 ], [ -98.590113, 29.509255 ], [ -98.590915, 29.509684 ], [ -98.594399, 29.512339 ], [ -98.598564, 29.508086 ], [ -98.599299, 29.508634 ], [ -98.599923, 29.509258 ], [ -98.605079, 29.504121 ], [ -98.608063, 29.506407 ], [ -98.609697, 29.507774 ], [ -98.613182, 29.510377 ], [ -98.611443, 29.512111 ], [ -98.612662, 29.512502 ], [ -98.612717, 29.512909 ], [ -98.613002, 29.513132 ], [ -98.613573, 29.513347 ], [ -98.614079, 29.513351 ], [ -98.6135, 29.514288 ], [ -98.620364, 29.51565 ], [ -98.618188, 29.51839 ], [ -98.618836, 29.518755 ], [ -98.618177, 29.519607 ], [ -98.629474, 29.51959 ], [ -98.630528, 29.519854 ], [ -98.631955, 29.52068 ], [ -98.633086, 29.520761 ], [ -98.633477, 29.520933 ], [ -98.634576, 29.520199 ], [ -98.635676, 29.519725 ], [ -98.637319, 29.519236 ], [ -98.638307, 29.519152 ], [ -98.668926, 29.519014 ], [ -98.66869, 29.518476 ], [ -98.669211, 29.518147 ], [ -98.671298, 29.517309 ], [ -98.672862, 29.516811 ], [ -98.6721, 29.514871 ], [ -98.672242, 29.513725 ], [ -98.671076, 29.511861 ], [ -98.670495, 29.5095 ], [ -98.670585, 29.508941 ], [ -98.669738, 29.508858 ], [ -98.669671, 29.504789 ], [ -98.669458, 29.504184 ], [ -98.668835, 29.503023 ], [ -98.667923, 29.502759 ], [ -98.664662, 29.499397 ], [ -98.665356, 29.499157 ], [ -98.672748, 29.499175 ], [ -98.673414, 29.49911 ], [ -98.673413, 29.498791 ], [ -98.678712, 29.498791 ], [ -98.678885, 29.499761 ], [ -98.679181, 29.500234 ], [ -98.679571, 29.501648 ], [ -98.679621, 29.503981 ], [ -98.699948, 29.503992 ], [ -98.700436, 29.504211 ], [ -98.702587, 29.499975 ], [ -98.703189, 29.498467 ], [ -98.705372, 29.494295 ], [ -98.704814, 29.494074 ], [ -98.707075, 29.489614 ], [ -98.709028, 29.485399 ], [ -98.710664, 29.481821 ], [ -98.710708, 29.481352 ], [ -98.710996, 29.475809 ], [ -98.710859, 29.472815 ], [ -98.711059, 29.46928 ], [ -98.710259, 29.469239 ], [ -98.710183, 29.465467 ], [ -98.710229, 29.458101 ], [ -98.710398, 29.452354 ], [ -98.710244, 29.448044 ], [ -98.710714, 29.441537 ], [ -98.710433, 29.43568 ], [ -98.711157, 29.435669 ], [ -98.711166, 29.42752 ], [ -98.710931, 29.42558 ], [ -98.709899, 29.422853 ], [ -98.709692, 29.422 ], [ -98.709605, 29.421097 ], [ -98.709997, 29.4211 ], [ -98.710265, 29.407442 ], [ -98.710237, 29.380585 ], [ -98.717184, 29.379023 ], [ -98.723711, 29.378095 ], [ -98.723991, 29.377958 ], [ -98.723816, 29.377151 ], [ -98.726497, 29.376802 ], [ -98.726662, 29.35571 ], [ -98.717649, 29.355654 ], [ -98.717681, 29.352448 ], [ -98.717832, 29.351577 ], [ -98.718013, 29.351198 ], [ -98.717757, 29.350376 ], [ -98.717669, 29.348933 ], [ -98.71724, 29.347148 ], [ -98.717296, 29.346176 ], [ -98.7178, 29.343352 ], [ -98.71932, 29.343519 ], [ -98.719904, 29.343404 ], [ -98.720155, 29.34353 ], [ -98.721304, 29.342963 ], [ -98.721681, 29.343315 ], [ -98.721982, 29.343321 ], [ -98.722183, 29.343139 ], [ -98.722233, 29.342699 ], [ -98.722484, 29.342182 ], [ -98.723583, 29.341384 ], [ -98.723972, 29.340718 ], [ -98.724142, 29.34069 ], [ -98.724343, 29.340921 ], [ -98.72465, 29.340949 ], [ -98.724933, 29.34113 ], [ -98.725115, 29.341092 ], [ -98.725975, 29.34047 ], [ -98.726986, 29.339974 ], [ -98.72789, 29.339902 ], [ -98.728311, 29.339413 ], [ -98.729271, 29.339566 ], [ -98.729799, 29.339786 ], [ -98.730201, 29.340155 ], [ -98.731382, 29.340677 ], [ -98.731803, 29.340716 ], [ -98.732079, 29.340666 ], [ -98.73282, 29.340303 ], [ -98.73324, 29.340269 ], [ -98.733479, 29.340115 ], [ -98.733592, 29.339857 ], [ -98.733793, 29.339758 ], [ -98.735413, 29.339553 ], [ -98.736423, 29.33925 ], [ -98.736649, 29.33892 ], [ -98.736479, 29.338128 ], [ -98.735361, 29.336544 ], [ -98.73521, 29.33529 ], [ -98.735699, 29.334888 ], [ -98.735793, 29.334371 ], [ -98.735328, 29.333512 ], [ -98.735309, 29.332869 ], [ -98.73583, 29.332791 ], [ -98.736194, 29.332566 ], [ -98.736615, 29.332659 ], [ -98.73691, 29.332147 ], [ -98.737362, 29.331905 ], [ -98.737827, 29.331976 ], [ -98.738455, 29.33235 ], [ -98.73939, 29.332465 ], [ -98.739591, 29.332707 ], [ -98.739842, 29.33279 ], [ -98.740401, 29.332801 ], [ -98.740439, 29.332894 ], [ -98.741249, 29.332668 ], [ -98.741469, 29.332701 ], [ -98.74167, 29.33285 ], [ -98.741971, 29.333202 ], [ -98.742235, 29.334005 ], [ -98.742537, 29.334467 ], [ -98.742393, 29.334704 ], [ -98.741834, 29.335017 ], [ -98.741721, 29.335496 ], [ -98.74186, 29.33598 ], [ -98.742557, 29.336365 ], [ -98.74343, 29.336508 ], [ -98.744585, 29.336507 ], [ -98.746042, 29.336045 ], [ -98.746267, 29.335852 ], [ -98.746286, 29.335703 ], [ -98.745809, 29.335252 ], [ -98.745828, 29.335065 ], [ -98.746167, 29.335005 ], [ -98.746776, 29.335263 ], [ -98.747353, 29.334751 ], [ -98.747529, 29.334855 ], [ -98.747573, 29.335065 ], [ -98.747084, 29.335852 ], [ -98.746902, 29.336523 ], [ -98.746952, 29.33666 ], [ -98.747524, 29.336886 ], [ -98.747838, 29.336908 ], [ -98.748761, 29.336858 ], [ -98.749219, 29.336709 ], [ -98.749433, 29.336505 ], [ -98.749702, 29.335564 ], [ -98.750201, 29.334716 ], [ -98.750346, 29.333187 ], [ -98.75029, 29.332912 ], [ -98.750768, 29.331559 ], [ -98.7509, 29.330634 ], [ -98.751057, 29.330354 ], [ -98.751459, 29.330277 ], [ -98.751999, 29.330651 ], [ -98.752012, 29.330871 ], [ -98.752137, 29.33097 ], [ -98.752325, 29.330965 ], [ -98.752526, 29.330822 ], [ -98.752508, 29.330723 ], [ -98.753035, 29.330201 ], [ -98.753155, 29.329794 ], [ -98.753149, 29.329293 ], [ -98.752798, 29.328324 ], [ -98.752987, 29.32762 ], [ -98.753181, 29.327395 ], [ -98.753941, 29.327197 ], [ -98.754325, 29.326751 ], [ -98.754714, 29.326867 ], [ -98.755467, 29.327896 ], [ -98.75595, 29.328199 ], [ -98.756678, 29.328326 ], [ -98.757262, 29.328926 ], [ -98.757676, 29.329053 ], [ -98.758483, 29.329727 ], [ -98.760074, 29.330683 ], [ -98.762664, 29.33168 ], [ -98.765124, 29.332065 ], [ -98.766129, 29.332369 ], [ -98.766574, 29.332402 ], [ -98.76702, 29.332342 ], [ -98.767237, 29.332179 ], [ -98.767615, 29.331754 ], [ -98.767897, 29.331219 ], [ -98.76838, 29.3309 ], [ -98.768607, 29.329882 ], [ -98.768438, 29.328683 ], [ -98.769072, 29.327902 ], [ -98.769474, 29.327874 ], [ -98.770008, 29.328221 ], [ -98.770434, 29.329421 ], [ -98.770673, 29.329833 ], [ -98.770949, 29.330053 ], [ -98.771206, 29.330103 ], [ -98.772424, 29.3299 ], [ -98.77252, 29.329222 ], [ -98.772661, 29.329004 ], [ -98.773035, 29.328626 ], [ -98.774124, 29.327938 ], [ -98.774526, 29.327361 ], [ -98.774523, 29.326936 ], [ -98.774084, 29.325609 ], [ -98.773983, 29.325422 ], [ -98.77373, 29.325276 ], [ -98.773688, 29.324955 ], [ -98.773783, 29.324508 ], [ -98.77409, 29.324327 ], [ -98.774523, 29.324338 ], [ -98.775277, 29.324872 ], [ -98.77608, 29.325197 ], [ -98.776809, 29.325235 ], [ -98.777317, 29.325142 ], [ -98.778296, 29.325335 ], [ -98.778962, 29.32583 ], [ -98.779464, 29.326579 ], [ -98.77969, 29.326716 ], [ -98.779853, 29.327277 ], [ -98.780192, 29.327635 ], [ -98.781108, 29.328257 ], [ -98.781824, 29.328587 ], [ -98.782326, 29.328692 ], [ -98.783004, 29.328621 ], [ -98.783362, 29.328274 ], [ -98.783589, 29.327795 ], [ -98.783551, 29.327146 ], [ -98.783878, 29.326613 ], [ -98.784782, 29.32625 ], [ -98.785573, 29.326305 ], [ -98.786207, 29.326613 ], [ -98.78664, 29.3274 ], [ -98.787004, 29.327829 ], [ -98.787676, 29.328181 ], [ -98.788655, 29.328231 ], [ -98.78917, 29.328407 ], [ -98.789515, 29.328672 ], [ -98.789854, 29.329359 ], [ -98.790287, 29.329585 ], [ -98.790853, 29.329277 ], [ -98.791336, 29.328837 ], [ -98.7916, 29.328083 ], [ -98.791977, 29.327615 ], [ -98.792668, 29.327021 ], [ -98.794972, 29.326152 ], [ -98.795769, 29.326147 ], [ -98.796466, 29.326747 ], [ -98.797728, 29.327138 ], [ -98.79808, 29.327358 ], [ -98.798406, 29.327385 ], [ -98.799442, 29.327165 ], [ -98.799712, 29.326989 ], [ -98.800428, 29.325559 ], [ -98.800704, 29.325245 ], [ -98.800792, 29.324701 ], [ -98.801577, 29.323969 ], [ -98.802092, 29.323622 ], [ -98.802871, 29.32332 ], [ -98.803065, 29.323336 ], [ -98.803379, 29.323573 ], [ -98.8046, 29.323349 ], [ -98.804856, 29.31535 ], [ -98.804785, 29.321452 ], [ -98.804788, 29.322349 ], [ -98.80479, 29.322976 ], [ -98.804791, 29.323487 ], [ -98.804794, 29.324342 ], [ -98.804795, 29.324842 ], [ -98.80482, 29.331628 ], [ -98.804859, 29.341577 ], [ -98.804915, 29.356404 ], [ -98.80495, 29.365484 ], [ -98.804991, 29.371429 ], [ -98.805079, 29.375064 ], [ -98.805087, 29.379115 ], [ -98.805113, 29.39127 ], [ -98.805129, 29.39833 ], [ -98.805141, 29.403719 ], [ -98.805144, 29.404868 ], [ -98.805162, 29.41297 ], [ -98.805173, 29.417775 ], [ -98.805199, 29.429319 ], [ -98.805232, 29.43588 ], [ -98.805249, 29.43918 ], [ -98.805289, 29.447214 ], [ -98.805334, 29.455983 ], [ -98.805347, 29.458604 ], [ -98.805369, 29.462784 ], [ -98.80553, 29.482006 ], [ -98.805682, 29.50006 ], [ -98.805685, 29.50082 ], [ -98.8057, 29.504618 ], [ -98.805775, 29.522478 ], [ -98.8058, 29.528326 ], [ -98.80583, 29.535445 ], [ -98.805841, 29.537875 ], [ -98.80585, 29.539977 ], [ -98.805865, 29.543369 ], [ -98.805879, 29.546629 ], [ -98.805911, 29.554183 ], [ -98.805961, 29.565747 ], [ -98.805963, 29.566015 ], [ -98.80605, 29.581691 ], [ -98.806047, 29.58186 ], [ -98.806026, 29.582902 ], [ -98.80603, 29.584023 ], [ -98.80604, 29.586628 ], [ -98.806059, 29.591462 ], [ -98.806083, 29.597414 ], [ -98.806111, 29.604783 ], [ -98.806115, 29.605635 ], [ -98.806129, 29.609173 ], [ -98.806146, 29.613802 ], [ -98.806154, 29.615878 ], [ -98.806158, 29.616693 ], [ -98.80616, 29.625057 ], [ -98.80614, 29.630684 ], [ -98.806139, 29.631002 ], [ -98.806138, 29.631398 ], [ -98.806131, 29.633509 ], [ -98.806114, 29.638572 ], [ -98.806102, 29.642288 ], [ -98.806101, 29.642804 ], [ -98.8061, 29.642983 ], [ -98.806256, 29.653024 ], [ -98.806518, 29.667328 ], [ -98.806604, 29.674904 ], [ -98.806625, 29.676805 ], [ -98.80667, 29.68174 ], [ -98.806749, 29.69054 ], [ -98.800598, 29.697255 ], [ -98.792537, 29.705656 ], [ -98.791214, 29.707036 ], [ -98.779157, 29.719808 ], [ -98.779034, 29.719821 ], [ -98.777548, 29.719978 ], [ -98.776011, 29.719692 ], [ -98.775946, 29.71968 ], [ -98.775289, 29.71974 ], [ -98.774917, 29.71971 ] ] ], [ [ [ -98.804874, 29.303196 ], [ -98.804911, 29.303 ], [ -98.804992, 29.302919 ], [ -98.804989, 29.30368 ], [ -98.804979, 29.306627 ], [ -98.804969, 29.309509 ], [ -98.804919, 29.310457 ], [ -98.804874, 29.303196 ] ] ], [ [ [ -98.804907, 29.302004 ], [ -98.804865, 29.301409 ], [ -98.804739, 29.274961 ], [ -98.804771, 29.250698 ], [ -98.802118, 29.249611 ], [ -98.750308, 29.231844 ], [ -98.746704, 29.230722 ], [ -98.625326, 29.189278 ], [ -98.621584, 29.187881 ], [ -98.524008, 29.154433 ], [ -98.507779, 29.148937 ], [ -98.435607, 29.12409 ], [ -98.430857, 29.122347 ], [ -98.414068, 29.116715 ], [ -98.410704, 29.11551 ], [ -98.407375, 29.11445 ], [ -98.407533, 29.114266 ], [ -98.410851, 29.11532 ], [ -98.414257, 29.116541 ], [ -98.418416, 29.117895 ], [ -98.426436, 29.120644 ], [ -98.427605, 29.121032 ], [ -98.431058, 29.122177 ], [ -98.431496, 29.122338 ], [ -98.435796, 29.123919 ], [ -98.437833, 29.124616 ], [ -98.439173, 29.125074 ], [ -98.441544, 29.125889 ], [ -98.44884, 29.128399 ], [ -98.456262, 29.130953 ], [ -98.473847, 29.137002 ], [ -98.48402, 29.140502 ], [ -98.494112, 29.143973 ], [ -98.494366, 29.144061 ], [ -98.495756, 29.144559 ], [ -98.496044, 29.144658 ], [ -98.49768, 29.145222 ], [ -98.50049, 29.146157 ], [ -98.500618, 29.146201 ], [ -98.50091, 29.146303 ], [ -98.50442, 29.147525 ], [ -98.50464, 29.147602 ], [ -98.506498, 29.14825 ], [ -98.506755, 29.148339 ], [ -98.507968, 29.148763 ], [ -98.512143, 29.150143 ], [ -98.513676, 29.150668 ], [ -98.513933, 29.150756 ], [ -98.51616, 29.151519 ], [ -98.516341, 29.151581 ], [ -98.517229, 29.151885 ], [ -98.521138, 29.153224 ], [ -98.52311, 29.153899 ], [ -98.523277, 29.153957 ], [ -98.524062, 29.154226 ], [ -98.52421, 29.154277 ], [ -98.524412, 29.154346 ], [ -98.525686, 29.154782 ], [ -98.527099, 29.155266 ], [ -98.530479, 29.156423 ], [ -98.540873, 29.159982 ], [ -98.544788, 29.161323 ], [ -98.54627, 29.161831 ], [ -98.547206, 29.162152 ], [ -98.547693, 29.162319 ], [ -98.55308, 29.164163 ], [ -98.557544, 29.165692 ], [ -98.559454, 29.166346 ], [ -98.566877, 29.168888 ], [ -98.574124, 29.17137 ], [ -98.574993, 29.171668 ], [ -98.575614, 29.171881 ], [ -98.585239, 29.175176 ], [ -98.5853, 29.175197 ], [ -98.585465, 29.175254 ], [ -98.585589, 29.175297 ], [ -98.58646, 29.175596 ], [ -98.588462, 29.176282 ], [ -98.594877, 29.178492 ], [ -98.599679, 29.180137 ], [ -98.600282, 29.180343 ], [ -98.600721, 29.180494 ], [ -98.60198, 29.180925 ], [ -98.602897, 29.18124 ], [ -98.605882, 29.182262 ], [ -98.606834, 29.182589 ], [ -98.61279, 29.184629 ], [ -98.613536, 29.184885 ], [ -98.618622, 29.186628 ], [ -98.621695, 29.187681 ], [ -98.625494, 29.189098 ], [ -98.626673, 29.1895 ], [ -98.637143, 29.193074 ], [ -98.638463, 29.193524 ], [ -98.640411, 29.194189 ], [ -98.647966, 29.196768 ], [ -98.655053, 29.199187 ], [ -98.658501, 29.200364 ], [ -98.65912, 29.200576 ], [ -98.660099, 29.200911 ], [ -98.668444, 29.20376 ], [ -98.676276, 29.206433 ], [ -98.677909, 29.206991 ], [ -98.682099, 29.208422 ], [ -98.688521, 29.210615 ], [ -98.68966, 29.211004 ], [ -98.695874, 29.213126 ], [ -98.69692, 29.213483 ], [ -98.698695, 29.214089 ], [ -98.699912, 29.214505 ], [ -98.704339, 29.216017 ], [ -98.711192, 29.218357 ], [ -98.719302, 29.221126 ], [ -98.727834, 29.22404 ], [ -98.735645, 29.226707 ], [ -98.746893, 29.230548 ], [ -98.750498, 29.231668 ], [ -98.760696, 29.235169 ], [ -98.769137, 29.238067 ], [ -98.772597, 29.239255 ], [ -98.775059, 29.240101 ], [ -98.77592, 29.240397 ], [ -98.77699, 29.240765 ], [ -98.777467, 29.240929 ], [ -98.777571, 29.240965 ], [ -98.778093, 29.241144 ], [ -98.78001, 29.241789 ], [ -98.780557, 29.241977 ], [ -98.788191, 29.244595 ], [ -98.792227, 29.24598 ], [ -98.793143, 29.246294 ], [ -98.799672, 29.248532 ], [ -98.802307, 29.249436 ], [ -98.803968, 29.250067 ], [ -98.804654, 29.250381 ], [ -98.804922, 29.250503 ], [ -98.804922, 29.25098 ], [ -98.804922, 29.253819 ], [ -98.804921, 29.256536 ], [ -98.804921, 29.258336 ], [ -98.804921, 29.258616 ], [ -98.804921, 29.258926 ], [ -98.804921, 29.261847 ], [ -98.804947, 29.262443 ], [ -98.80492, 29.265951 ], [ -98.80492, 29.269367 ], [ -98.804972, 29.27872 ], [ -98.804907, 29.281379 ], [ -98.804893, 29.281975 ], [ -98.804971, 29.290022 ], [ -98.80497, 29.295455 ], [ -98.804994, 29.30167 ], [ -98.804996, 29.302035 ], [ -98.804995, 29.302258 ], [ -98.804907, 29.302004 ] ] ] ] } },
{ "type": "Feature", "properties": { "OBJECTID_1": 3, "District": 3, "Shape__Area": 434053783574.039, "Shape__Length": 5127980.8645414803, "OBJECTID_2": 1, "ID": 1, "FIPSSTCO": "48029", "NAME": "Bexar County", "ICOMAPATTR": "x", "SHAPESTArea": 35025204908.119141, "SHAPESTLength": 923728.01036523399 }, "geometry": { "type": "Polygon", "coordinates": [ [ [ -98.410704, 29.11551 ], [ -98.414068, 29.116715 ], [ -98.430857, 29.122347 ], [ -98.435607, 29.12409 ], [ -98.507779, 29.148937 ], [ -98.524008, 29.154433 ], [ -98.621584, 29.187881 ], [ -98.625326, 29.189278 ], [ -98.746704, 29.230722 ], [ -98.750308, 29.231844 ], [ -98.802118, 29.249611 ], [ -98.804771, 29.250698 ], [ -98.804739, 29.274961 ], [ -98.804865, 29.301409 ], [ -98.804907, 29.302004 ], [ -98.804995, 29.302258 ], [ -98.804994, 29.302696 ], [ -98.804993, 29.302841 ], [ -98.804992, 29.302919 ], [ -98.804911, 29.303 ], [ -98.804874, 29.303196 ], [ -98.804919, 29.310457 ], [ -98.804917, 29.310494 ], [ -98.804892, 29.312465 ], [ -98.80489, 29.312656 ], [ -98.804884, 29.313089 ], [ -98.804879, 29.313435 ], [ -98.804856, 29.31535 ], [ -98.8046, 29.323349 ], [ -98.803379, 29.323573 ], [ -98.803065, 29.323336 ], [ -98.802871, 29.32332 ], [ -98.802092, 29.323622 ], [ -98.801577, 29.323969 ], [ -98.800792, 29.324701 ], [ -98.800704, 29.325245 ], [ -98.800428, 29.325559 ], [ -98.799712, 29.326989 ], [ -98.799442, 29.327165 ], [ -98.798406, 29.327385 ], [ -98.79808, 29.327358 ], [ -98.797728, 29.327138 ], [ -98.796466, 29.326747 ], [ -98.795769, 29.326147 ], [ -98.794972, 29.326152 ], [ -98.792668, 29.327021 ], [ -98.791977, 29.327615 ], [ -98.7916, 29.328083 ], [ -98.791336, 29.328837 ], [ -98.790853, 29.329277 ], [ -98.790287, 29.329585 ], [ -98.789854, 29.329359 ], [ -98.789515, 29.328672 ], [ -98.78917, 29.328407 ], [ -98.788655, 29.328231 ], [ -98.787676, 29.328181 ], [ -98.787004, 29.327829 ], [ -98.78664, 29.3274 ], [ -98.786207, 29.326613 ], [ -98.785573, 29.326305 ], [ -98.784782, 29.32625 ], [ -98.783878, 29.326613 ], [ -98.783551, 29.327146 ], [ -98.783589, 29.327795 ], [ -98.783362, 29.328274 ], [ -98.783004, 29.328621 ], [ -98.782326, 29.328692 ], [ -98.781824, 29.328587 ], [ -98.781108, 29.328257 ], [ -98.780192, 29.327635 ], [ -98.779853, 29.327277 ], [ -98.77969, 29.326716 ], [ -98.779464, 29.326579 ], [ -98.778962, 29.32583 ], [ -98.778296, 29.325335 ], [ -98.777317, 29.325142 ], [ -98.776809, 29.325235 ], [ -98.77608, 29.325197 ], [ -98.775277, 29.324872 ], [ -98.774523, 29.324338 ], [ -98.77409, 29.324327 ], [ -98.773783, 29.324508 ], [ -98.773688, 29.324955 ], [ -98.77373, 29.325276 ], [ -98.773983, 29.325422 ], [ -98.774084, 29.325609 ], [ -98.774523, 29.326936 ], [ -98.774526, 29.327361 ], [ -98.774124, 29.327938 ], [ -98.773035, 29.328626 ], [ -98.772661, 29.329004 ], [ -98.77252, 29.329222 ], [ -98.772424, 29.3299 ], [ -98.771206, 29.330103 ], [ -98.770949, 29.330053 ], [ -98.770673, 29.329833 ], [ -98.770434, 29.329421 ], [ -98.770008, 29.328221 ], [ -98.769474, 29.327874 ], [ -98.769072, 29.327902 ], [ -98.768438, 29.328683 ], [ -98.768607, 29.329882 ], [ -98.76838, 29.3309 ], [ -98.767897, 29.331219 ], [ -98.767615, 29.331754 ], [ -98.767237, 29.332179 ], [ -98.76702, 29.332342 ], [ -98.766574, 29.332402 ], [ -98.766129, 29.332369 ], [ -98.765124, 29.332065 ], [ -98.762664, 29.33168 ], [ -98.760074, 29.330683 ], [ -98.758483, 29.329727 ], [ -98.757676, 29.329053 ], [ -98.757262, 29.328926 ], [ -98.756678, 29.328326 ], [ -98.75595, 29.328199 ], [ -98.755467, 29.327896 ], [ -98.754714, 29.326867 ], [ -98.754325, 29.326751 ], [ -98.753941, 29.327197 ], [ -98.753181, 29.327395 ], [ -98.752987, 29.32762 ], [ -98.752798, 29.328324 ], [ -98.753149, 29.329293 ], [ -98.753155, 29.329794 ], [ -98.753035, 29.330201 ], [ -98.752508, 29.330723 ], [ -98.752526, 29.330822 ], [ -98.752325, 29.330965 ], [ -98.752137, 29.33097 ], [ -98.752012, 29.330871 ], [ -98.751999, 29.330651 ], [ -98.751459, 29.330277 ], [ -98.751057, 29.330354 ], [ -98.7509, 29.330634 ], [ -98.750768, 29.331559 ], [ -98.75029, 29.332912 ], [ -98.750346, 29.333187 ], [ -98.750201, 29.334716 ], [ -98.749702, 29.335564 ], [ -98.749433, 29.336505 ], [ -98.749219, 29.336709 ], [ -98.748761, 29.336858 ], [ -98.747838, 29.336908 ], [ -98.747524, 29.336886 ], [ -98.746952, 29.33666 ], [ -98.746902, 29.336523 ], [ -98.747084, 29.335852 ], [ -98.747573, 29.335065 ], [ -98.747529, 29.334855 ], [ -98.747353, 29.334751 ], [ -98.746776, 29.335263 ], [ -98.746167, 29.335005 ], [ -98.745828, 29.335065 ], [ -98.745809, 29.335252 ], [ -98.746286, 29.335703 ], [ -98.746267, 29.335852 ], [ -98.746042, 29.336045 ], [ -98.744585, 29.336507 ], [ -98.74343, 29.336508 ], [ -98.742557, 29.336365 ], [ -98.74186, 29.33598 ], [ -98.741721, 29.335496 ], [ -98.741834, 29.335017 ], [ -98.742393, 29.334704 ], [ -98.742537, 29.334467 ], [ -98.742235, 29.334005 ], [ -98.741971, 29.333202 ], [ -98.74167, 29.33285 ], [ -98.741469, 29.332701 ], [ -98.741249, 29.332668 ], [ -98.740439, 29.332894 ], [ -98.740401, 29.332801 ], [ -98.739842, 29.33279 ], [ -98.739591, 29.332707 ], [ -98.73939, 29.332465 ], [ -98.738455, 29.33235 ], [ -98.737827, 29.331976 ], [ -98.737362, 29.331905 ], [ -98.73691, 29.332147 ], [ -98.736615, 29.332659 ], [ -98.736194, 29.332566 ], [ -98.73583, 29.332791 ], [ -98.735309, 29.332869 ], [ -98.735328, 29.333512 ], [ -98.735793, 29.334371 ], [ -98.735699, 29.334888 ], [ -98.73521, 29.33529 ], [ -98.735361, 29.336544 ], [ -98.736479, 29.338128 ], [ -98.736649, 29.33892 ], [ -98.736423, 29.33925 ], [ -98.735413, 29.339553 ], [ -98.733793, 29.339758 ], [ -98.733592, 29.339857 ], [ -98.733479, 29.340115 ], [ -98.73324, 29.340269 ], [ -98.73282, 29.340303 ], [ -98.732079, 29.340666 ], [ -98.731803, 29.340716 ], [ -98.731382, 29.340677 ], [ -98.730201, 29.340155 ], [ -98.729799, 29.339786 ], [ -98.729271, 29.339566 ], [ -98.728311, 29.339413 ], [ -98.72789, 29.339902 ], [ -98.726986, 29.339974 ], [ -98.725975, 29.34047 ], [ -98.725115, 29.341092 ], [ -98.724933, 29.34113 ], [ -98.72465, 29.340949 ], [ -98.724343, 29.340921 ], [ -98.724142, 29.34069 ], [ -98.723972, 29.340718 ], [ -98.723583, 29.341384 ], [ -98.722484, 29.342182 ], [ -98.722233, 29.342699 ], [ -98.722183, 29.343139 ], [ -98.721982, 29.343321 ], [ -98.721681, 29.343315 ], [ -98.721304, 29.342963 ], [ -98.720155, 29.34353 ], [ -98.719904, 29.343404 ], [ -98.71932, 29.343519 ], [ -98.7178, 29.343352 ], [ -98.717296, 29.346176 ], [ -98.71724, 29.347148 ], [ -98.717669, 29.348933 ], [ -98.717757, 29.350376 ], [ -98.718013, 29.351198 ], [ -98.717832, 29.351577 ], [ -98.717681, 29.352448 ], [ -98.717649, 29.355654 ], [ -98.726662, 29.35571 ], [ -98.726497, 29.376802 ], [ -98.723816, 29.377151 ], [ -98.723991, 29.377958 ], [ -98.723711, 29.378095 ], [ -98.717184, 29.379023 ], [ -98.710237, 29.380585 ], [ -98.710265, 29.407442 ], [ -98.709997, 29.4211 ], [ -98.709605, 29.421097 ], [ -98.709692, 29.422 ], [ -98.709899, 29.422853 ], [ -98.710931, 29.42558 ], [ -98.711166, 29.42752 ], [ -98.711157, 29.435669 ], [ -98.710433, 29.43568 ], [ -98.710714, 29.441537 ], [ -98.710244, 29.448044 ], [ -98.710398, 29.452354 ], [ -98.710229, 29.458101 ], [ -98.710183, 29.465467 ], [ -98.710259, 29.469239 ], [ -98.711059, 29.46928 ], [ -98.710859, 29.472815 ], [ -98.710996, 29.475809 ], [ -98.710708, 29.481352 ], [ -98.710664, 29.481821 ], [ -98.709028, 29.485399 ], [ -98.707075, 29.489614 ], [ -98.704814, 29.494074 ], [ -98.705372, 29.494295 ], [ -98.703189, 29.498467 ], [ -98.702587, 29.499975 ], [ -98.700436, 29.504211 ], [ -98.699948, 29.503992 ], [ -98.679621, 29.503981 ], [ -98.679571, 29.501648 ], [ -98.679181, 29.500234 ], [ -98.678885, 29.499761 ], [ -98.678712, 29.498791 ], [ -98.673413, 29.498791 ], [ -98.673414, 29.49911 ], [ -98.672748, 29.499175 ], [ -98.665356, 29.499157 ], [ -98.664662, 29.499397 ], [ -98.667923, 29.502759 ], [ -98.668835, 29.503023 ], [ -98.669458, 29.504184 ], [ -98.669671, 29.504789 ], [ -98.669738, 29.508858 ], [ -98.670585, 29.508941 ], [ -98.670495, 29.5095 ], [ -98.671076, 29.511861 ], [ -98.672242, 29.513725 ], [ -98.6721, 29.514871 ], [ -98.672862, 29.516811 ], [ -98.671298, 29.517309 ], [ -98.669211, 29.518147 ], [ -98.66869, 29.518476 ], [ -98.668926, 29.519014 ], [ -98.638307, 29.519152 ], [ -98.637319, 29.519236 ], [ -98.635676, 29.519725 ], [ -98.634576, 29.520199 ], [ -98.633477, 29.520933 ], [ -98.633086, 29.520761 ], [ -98.631955, 29.52068 ], [ -98.630528, 29.519854 ], [ -98.629474, 29.51959 ], [ -98.618177, 29.519607 ], [ -98.618836, 29.518755 ], [ -98.618188, 29.51839 ], [ -98.620364, 29.51565 ], [ -98.6135, 29.514288 ], [ -98.614079, 29.513351 ], [ -98.613573, 29.513347 ], [ -98.613002, 29.513132 ], [ -98.612717, 29.512909 ], [ -98.612662, 29.512502 ], [ -98.611443, 29.512111 ], [ -98.613182, 29.510377 ], [ -98.609697, 29.507774 ], [ -98.608063, 29.506407 ], [ -98.605079, 29.504121 ], [ -98.599923, 29.509258 ], [ -98.599299, 29.508634 ], [ -98.598564, 29.508086 ], [ -98.594399, 29.512339 ], [ -98.590915, 29.509684 ], [ -98.590113, 29.509255 ], [ -98.586216, 29.506229 ], [ -98.583848, 29.504266 ], [ -98.583081, 29.503769 ], [ -98.578143, 29.500021 ], [ -98.570469, 29.507615 ], [ -98.570096, 29.508199 ], [ -98.570025, 29.508782 ], [ -98.569577, 29.508816 ], [ -98.569024, 29.509067 ], [ -98.567174, 29.510879 ], [ -98.568989, 29.512759 ], [ -98.568509, 29.513207 ], [ -98.567971, 29.514126 ], [ -98.56741, 29.514508 ], [ -98.5665, 29.515432 ], [ -98.565896, 29.515617 ], [ -98.565025, 29.515485 ], [ -98.564636, 29.515507 ], [ -98.564257, 29.515647 ], [ -98.563933, 29.515901 ], [ -98.563478, 29.516902 ], [ -98.562773, 29.517737 ], [ -98.564076, 29.518743 ], [ -98.562292, 29.520473 ], [ -98.562078, 29.520538 ], [ -98.561818, 29.520484 ], [ -98.560569, 29.519516 ], [ -98.559694, 29.520291 ], [ -98.558713, 29.520527 ], [ -98.558254, 29.520772 ], [ -98.5571, 29.521912 ], [ -98.556711, 29.522801 ], [ -98.555893, 29.523062 ], [ -98.552463, 29.511295 ], [ -98.537984, 29.525716 ], [ -98.538883, 29.527281 ], [ -98.539599, 29.528133 ], [ -98.543131, 29.531091 ], [ -98.545367, 29.533495 ], [ -98.552717, 29.540449 ], [ -98.54301, 29.54978 ], [ -98.541299, 29.551252 ], [ -98.544541, 29.55384 ], [ -98.546741, 29.555354 ], [ -98.54935, 29.557579 ], [ -98.558224, 29.564484 ], [ -98.55414, 29.568574 ], [ -98.552622, 29.56994 ], [ -98.551488, 29.570773 ], [ -98.54122, 29.580979 ], [ -98.538633, 29.583283 ], [ -98.53856, 29.583114 ], [ -98.531459, 29.5901 ], [ -98.531287, 29.59281 ], [ -98.531245, 29.599558 ], [ -98.531902, 29.599202 ], [ -98.532411, 29.599054 ], [ -98.533386, 29.599199 ], [ -98.532926, 29.600332 ], [ -98.532854, 29.601133 ], [ -98.533038, 29.602132 ], [ -98.533713, 29.603359 ], [ -98.53516, 29.602844 ], [ -98.536957, 29.602437 ], [ -98.541535, 29.602117 ], [ -98.541436, 29.607681 ], [ -98.541719, 29.608748 ], [ -98.541656, 29.609012 ], [ -98.541063, 29.610063 ], [ -98.541309, 29.610234 ], [ -98.541706, 29.61085 ], [ -98.541938, 29.612049 ], [ -98.542158, 29.612368 ], [ -98.542284, 29.612836 ], [ -98.542555, 29.613199 ], [ -98.54331, 29.615042 ], [ -98.543461, 29.616005 ], [ -98.543473, 29.616863 ], [ -98.543371, 29.617299 ], [ -98.543473, 29.617318 ], [ -98.543445, 29.618232 ], [ -98.534849, 29.618138 ], [ -98.534751, 29.624191 ], [ -98.534653, 29.624175 ], [ -98.534594, 29.626943 ], [ -98.518831, 29.62693 ], [ -98.519328, 29.63487 ], [ -98.519877, 29.639314 ], [ -98.519668, 29.640679 ], [ -98.518345, 29.644402 ], [ -98.518218, 29.645832 ], [ -98.518605, 29.649069 ], [ -98.518869, 29.650046 ], [ -98.520505, 29.653027 ], [ -98.520998, 29.654391 ], [ -98.521203, 29.655344 ], [ -98.521325, 29.656699 ], [ -98.521245, 29.658056 ], [ -98.520105, 29.66366 ], [ -98.520046, 29.665068 ], [ -98.520232, 29.666358 ], [ -98.520446, 29.667088 ], [ -98.521776, 29.66966 ], [ -98.522373, 29.671439 ], [ -98.52298, 29.677337 ], [ -98.522976, 29.67822 ], [ -98.522809, 29.679257 ], [ -98.522231, 29.681339 ], [ -98.522107, 29.682328 ], [ -98.522565, 29.688459 ], [ -98.522529, 29.689514 ], [ -98.520828, 29.700182 ], [ -98.520936, 29.701385 ], [ -98.521695, 29.703914 ], [ -98.521713, 29.704804 ], [ -98.521535, 29.705623 ], [ -98.521283, 29.706209 ], [ -98.520925, 29.706728 ], [ -98.52019, 29.707438 ], [ -98.519851, 29.707161 ], [ -98.519217, 29.707302 ], [ -98.517829, 29.707336 ], [ -98.51632, 29.707072 ], [ -98.514946, 29.706965 ], [ -98.514376, 29.707041 ], [ -98.513448, 29.707328 ], [ -98.513023, 29.707673 ], [ -98.512902, 29.708002 ], [ -98.512909, 29.712861 ], [ -98.512989, 29.713003 ], [ -98.513322, 29.713189 ], [ -98.513111, 29.713782 ], [ -98.512975, 29.714701 ], [ -98.512965, 29.735182 ], [ -98.51282, 29.739904 ], [ -98.513054, 29.740563 ], [ -98.514388, 29.741992 ], [ -98.514431, 29.742334 ], [ -98.513422, 29.742036 ], [ -98.512118, 29.741638 ], [ -98.511302, 29.74131 ], [ -98.509606, 29.740621 ], [ -98.50891, 29.740239 ], [ -98.508294, 29.740119 ], [ -98.50783, 29.739749 ], [ -98.507398, 29.739327 ], [ -98.506382, 29.739217 ], [ -98.505606, 29.738871 ], [ -98.50511, 29.738275 ], [ -98.503702, 29.737749 ], [ -98.50239, 29.737677 ], [ -98.50103, 29.737627 ], [ -98.500374, 29.737927 ], [ -98.499422, 29.738081 ], [ -98.499094, 29.738153 ], [ -98.498622, 29.738155 ], [ -98.497457, 29.738107 ], [ -98.49727, 29.738099 ], [ -98.496398, 29.737927 ], [ -98.495014, 29.737259 ], [ -98.494482, 29.737075 ], [ -98.49415, 29.736961 ], [ -98.493334, 29.736767 ], [ -98.493094, 29.736553 ], [ -98.492566, 29.735929 ], [ -98.492086, 29.735471 ], [ -98.490686, 29.735107 ], [ -98.489254, 29.735237 ], [ -98.48819, 29.735573 ], [ -98.486934, 29.735599 ], [ -98.485445, 29.735435 ], [ -98.484141, 29.735227 ], [ -98.483793, 29.735053 ], [ -98.483077, 29.734939 ], [ -98.482517, 29.734893 ], [ -98.481925, 29.734995 ], [ -98.481437, 29.735051 ], [ -98.480797, 29.734963 ], [ -98.480141, 29.734799 ], [ -98.479445, 29.734531 ], [ -98.478661, 29.734305 ], [ -98.478519, 29.734278 ], [ -98.478228, 29.734024 ], [ -98.477522, 29.733606 ], [ -98.476999, 29.733441 ], [ -98.4764, 29.733485 ], [ -98.475177, 29.733826 ], [ -98.47398, 29.734371 ], [ -98.471655, 29.736303 ], [ -98.469026, 29.737667 ], [ -98.467671, 29.73802 ], [ -98.467104, 29.738306 ], [ -98.466291, 29.738527 ], [ -98.465982, 29.738543 ], [ -98.465469, 29.738364 ], [ -98.465069, 29.737931 ], [ -98.464581, 29.737249 ], [ -98.463997, 29.736347 ], [ -98.463645, 29.735597 ], [ -98.463317, 29.734797 ], [ -98.462781, 29.734239 ], [ -98.462693, 29.734253 ], [ -98.462689, 29.734251 ], [ -98.462526, 29.733873 ], [ -98.462009, 29.733439 ], [ -98.460067, 29.73263 ], [ -98.45974, 29.732058 ], [ -98.459563, 29.731844 ], [ -98.459374, 29.731778 ], [ -98.458926, 29.7318 ], [ -98.457502, 29.731569 ], [ -98.456651, 29.731833 ], [ -98.453986, 29.732355 ], [ -98.452603, 29.732807 ], [ -98.452503, 29.733192 ], [ -98.451722, 29.734045 ], [ -98.451211, 29.734408 ], [ -98.449484, 29.735261 ], [ -98.447789, 29.735888 ], [ -98.446786, 29.735988 ], [ -98.446046, 29.735897 ], [ -98.445236, 29.735535 ], [ -98.444236, 29.734665 ], [ -98.443902, 29.734081 ], [ -98.443588, 29.733533 ], [ -98.443188, 29.732565 ], [ -98.443356, 29.731335 ], [ -98.443852, 29.729847 ], [ -98.444364, 29.728473 ], [ -98.444748, 29.727539 ], [ -98.444948, 29.726801 ], [ -98.4451, 29.725737 ], [ -98.445212, 29.724441 ], [ -98.445076, 29.723435 ], [ -98.44502, 29.722277 ], [ -98.444908, 29.721571 ], [ -98.4447, 29.720795 ], [ -98.444508, 29.719787 ], [ -98.444292, 29.719453 ], [ -98.444188, 29.719117 ], [ -98.443596, 29.718596 ], [ -98.442692, 29.717754 ], [ -98.441596, 29.716802 ], [ -98.441323, 29.716713 ], [ -98.441295, 29.716678 ], [ -98.440791, 29.716414 ], [ -98.438963, 29.71577 ], [ -98.437886, 29.715621 ], [ -98.434571, 29.716078 ], [ -98.433336, 29.71597 ], [ -98.43206, 29.715706 ], [ -98.431508, 29.715809 ], [ -98.430934, 29.715759 ], [ -98.429989, 29.716034 ], [ -98.428419, 29.716677 ], [ -98.427953, 29.716699 ], [ -98.427127, 29.717299 ], [ -98.42685, 29.717695 ], [ -98.426907, 29.718658 ], [ -98.427297, 29.719455 ], [ -98.427864, 29.720325 ], [ -98.428974, 29.721442 ], [ -98.429446, 29.722322 ], [ -98.429875, 29.7229 ], [ -98.430013, 29.72329 ], [ -98.429963, 29.723593 ], [ -98.42973, 29.723983 ], [ -98.428166, 29.72526 ], [ -98.427763, 29.725694 ], [ -98.426994, 29.726162 ], [ -98.425916, 29.72702 ], [ -98.423584, 29.727823 ], [ -98.422587, 29.728074 ], [ -98.422462, 29.728301 ], [ -98.421056, 29.728884 ], [ -98.420545, 29.728917 ], [ -98.419612, 29.729258 ], [ -98.418635, 29.729494 ], [ -98.417803, 29.729907 ], [ -98.417261, 29.730518 ], [ -98.417078, 29.730963 ], [ -98.416895, 29.7317 ], [ -98.416908, 29.732063 ], [ -98.417267, 29.732845 ], [ -98.417859, 29.733323 ], [ -98.418282, 29.733373 ], [ -98.418938, 29.733312 ], [ -98.41935, 29.733335 ], [ -98.420488, 29.733819 ], [ -98.420853, 29.734309 ], [ -98.420973, 29.734699 ], [ -98.420992, 29.736019 ], [ -98.421351, 29.737642 ], [ -98.421811, 29.738847 ], [ -98.421804, 29.739463 ], [ -98.421773, 29.740382 ], [ -98.421043, 29.742932 ], [ -98.420681, 29.743534 ], [ -98.418992, 29.744942 ], [ -98.41703, 29.745792 ], [ -98.416838, 29.745968 ], [ -98.416532, 29.746025 ], [ -98.41628, 29.746202 ], [ -98.416072, 29.746554 ], [ -98.415221, 29.746845 ], [ -98.414357, 29.747076 ], [ -98.413311, 29.747219 ], [ -98.412094, 29.746927 ], [ -98.411123, 29.747351 ], [ -98.409705, 29.747757 ], [ -98.408431, 29.748241 ], [ -98.407479, 29.748692 ], [ -98.40618, 29.748697 ], [ -98.403879, 29.749005 ], [ -98.403022, 29.74868 ], [ -98.402945, 29.748604 ], [ -98.402739, 29.747937 ], [ -98.402451, 29.747155 ], [ -98.401971, 29.746597 ], [ -98.401395, 29.746061 ], [ -98.400734, 29.745386 ], [ -98.40023, 29.744839 ], [ -98.400218, 29.744829 ], [ -98.399299, 29.743819 ], [ -98.398755, 29.742935 ], [ -98.398747, 29.741831 ], [ -98.399635, 29.740663 ], [ -98.400091, 29.739781 ], [ -98.400091, 29.738817 ], [ -98.399495, 29.738464 ], [ -98.399495, 29.738463 ], [ -98.39918, 29.738116 ], [ -98.398802, 29.737874 ], [ -98.398347, 29.73762 ], [ -98.397129, 29.737348 ], [ -98.395039, 29.737108 ], [ -98.39432, 29.736712 ], [ -98.39364, 29.736486 ], [ -98.392121, 29.736392 ], [ -98.391375, 29.736453 ], [ -98.390675, 29.736019 ], [ -98.390051, 29.735421 ], [ -98.389003, 29.734361 ], [ -98.388444, 29.734113 ], [ -98.38827, 29.733948 ], [ -98.387564, 29.733871 ], [ -98.386959, 29.733947 ], [ -98.386291, 29.734277 ], [ -98.385736, 29.734684 ], [ -98.384954, 29.735041 ], [ -98.384361, 29.735146 ], [ -98.383176, 29.735107 ], [ -98.381437, 29.73416 ], [ -98.376975, 29.732623 ], [ -98.375005, 29.731688 ], [ -98.374501, 29.731295 ], [ -98.374186, 29.730713 ], [ -98.37385, 29.729605 ], [ -98.373714, 29.728831 ], [ -98.373594, 29.727687 ], [ -98.37381, 29.726423 ], [ -98.374394, 29.725524 ], [ -98.375122, 29.724848 ], [ -98.375746, 29.724146 ], [ -98.37589, 29.723854 ], [ -98.376122, 29.723334 ], [ -98.376266, 29.722556 ], [ -98.37633, 29.72176 ], [ -98.376234, 29.721196 ], [ -98.375954, 29.720512 ], [ -98.375642, 29.720218 ], [ -98.375326, 29.720148 ], [ -98.375307, 29.720079 ], [ -98.375149, 29.719936 ], [ -98.374601, 29.71992 ], [ -98.37121, 29.720582 ], [ -98.369836, 29.720698 ], [ -98.368331, 29.721727 ], [ -98.36547, 29.72344 ], [ -98.364374, 29.724337 ], [ -98.362711, 29.726065 ], [ -98.35939, 29.729042 ], [ -98.358395, 29.730269 ], [ -98.358332, 29.731012 ], [ -98.35694, 29.732437 ], [ -98.356178, 29.733813 ], [ -98.355825, 29.734077 ], [ -98.354841, 29.734314 ], [ -98.353587, 29.734485 ], [ -98.353214, 29.734442 ], [ -98.352914, 29.734201 ], [ -98.35273, 29.733139 ], [ -98.35261, 29.731977 ], [ -98.351874, 29.730601 ], [ -98.351018, 29.729453 ], [ -98.35049, 29.728853 ], [ -98.349974, 29.728071 ], [ -98.349922, 29.727992 ], [ -98.349349, 29.727683 ], [ -98.349216, 29.727516 ], [ -98.348416, 29.727109 ], [ -98.347451, 29.726966 ], [ -98.346778, 29.726804 ], [ -98.345242, 29.72608 ], [ -98.344145, 29.724954 ], [ -98.343065, 29.724062 ], [ -98.341729, 29.723226 ], [ -98.340361, 29.722344 ], [ -98.339489, 29.721832 ], [ -98.338753, 29.720558 ], [ -98.338745, 29.719016 ], [ -98.339017, 29.717576 ], [ -98.339841, 29.716532 ], [ -98.340809, 29.715718 ], [ -98.340929, 29.71489 ], [ -98.340657, 29.713246 ], [ -98.341041, 29.711222 ], [ -98.342281, 29.709378 ], [ -98.343873, 29.708122 ], [ -98.345635, 29.707246 ], [ -98.345825, 29.707299 ], [ -98.346852, 29.706974 ], [ -98.347209, 29.706766 ], [ -98.348354, 29.706488 ], [ -98.350082, 29.705486 ], [ -98.351714, 29.70477 ], [ -98.351794, 29.704735 ], [ -98.353093, 29.704384 ], [ -98.353537, 29.704167 ], [ -98.354174, 29.70409 ], [ -98.354565, 29.703869 ], [ -98.355888, 29.703836 ], [ -98.357228, 29.703917 ], [ -98.358075, 29.704161 ], [ -98.358358, 29.704165 ], [ -98.359683, 29.704641 ], [ -98.360761, 29.705348 ], [ -98.361441, 29.705682 ], [ -98.362335, 29.705975 ], [ -98.363034, 29.706013 ], [ -98.363929, 29.705904 ], [ -98.366073, 29.705836 ], [ -98.367317, 29.705626 ], [ -98.367351, 29.705691 ], [ -98.367937, 29.70568 ], [ -98.37001, 29.704909 ], [ -98.370407, 29.704997 ], [ -98.371282, 29.705005 ], [ -98.373072, 29.705564 ], [ -98.373281, 29.705777 ], [ -98.374013, 29.706173 ], [ -98.375076, 29.706374 ], [ -98.375882, 29.70622 ], [ -98.377118, 29.705671 ], [ -98.378391, 29.704814 ], [ -98.380169, 29.703934 ], [ -98.380383, 29.703725 ], [ -98.380929, 29.701918 ], [ -98.380973, 29.70149 ], [ -98.38073, 29.700421 ], [ -98.38073, 29.69968 ], [ -98.38069, 29.699054 ], [ -98.380666, 29.698795 ], [ -98.380796, 29.698081 ], [ -98.380879, 29.696832 ], [ -98.380709, 29.695748 ], [ -98.380633, 29.695525 ], [ -98.380442, 29.694499 ], [ -98.379682, 29.692937 ], [ -98.378498, 29.691653 ], [ -98.377386, 29.690129 ], [ -98.376649, 29.688656 ], [ -98.376622, 29.6885 ], [ -98.376442, 29.688138 ], [ -98.376323, 29.68706 ], [ -98.376809, 29.68498 ], [ -98.376873, 29.684001 ], [ -98.377472, 29.682714 ], [ -98.378008, 29.682252 ], [ -98.378474, 29.681994 ], [ -98.378972, 29.681906 ], [ -98.379779, 29.681483 ], [ -98.380063, 29.681092 ], [ -98.380296, 29.680938 ], [ -98.380491, 29.680949 ], [ -98.380932, 29.680669 ], [ -98.381392, 29.680636 ], [ -98.381789, 29.68046 ], [ -98.38202, 29.68009 ], [ -98.382861, 29.679322 ], [ -98.382962, 29.679277 ], [ -98.383053, 29.679202 ], [ -98.384121, 29.678596 ], [ -98.384354, 29.678255 ], [ -98.38434, 29.678157 ], [ -98.384426, 29.678041 ], [ -98.384531, 29.677675 ], [ -98.384546, 29.677239 ], [ -98.384691, 29.676355 ], [ -98.384282, 29.676175 ], [ -98.38419, 29.675655 ], [ -98.383546, 29.675067 ], [ -98.383274, 29.674673 ], [ -98.382962, 29.674369 ], [ -98.382871, 29.674334 ], [ -98.382626, 29.674239 ], [ -98.382106, 29.674231 ], [ -98.381666, 29.674085 ], [ -98.381642, 29.673793 ], [ -98.381578, 29.673571 ], [ -98.381482, 29.673241 ], [ -98.381146, 29.672373 ], [ -98.38101, 29.671567 ], [ -98.381066, 29.670913 ], [ -98.381082, 29.670379 ], [ -98.380962, 29.669547 ], [ -98.380778, 29.668949 ], [ -98.380586, 29.668265 ], [ -98.38037, 29.667617 ], [ -98.380202, 29.667193 ], [ -98.379978, 29.666837 ], [ -98.37985, 29.66645 ], [ -98.37985, 29.66645 ], [ -98.379818, 29.665794 ], [ -98.379826, 29.66526 ], [ -98.37977, 29.664768 ], [ -98.379634, 29.664196 ], [ -98.37941, 29.66363 ], [ -98.379274, 29.663228 ], [ -98.379202, 29.66275 ], [ -98.378914, 29.66243 ], [ -98.37861, 29.662336 ], [ -98.378218, 29.66242 ], [ -98.377802, 29.662488 ], [ -98.377282, 29.662462 ], [ -98.37453, 29.663144 ], [ -98.372626, 29.663564 ], [ -98.372138, 29.663713 ], [ -98.371106, 29.664028 ], [ -98.369802, 29.664678 ], [ -98.36793, 29.665382 ], [ -98.366442, 29.665824 ], [ -98.365002, 29.666318 ], [ -98.364362, 29.666492 ], [ -98.36385, 29.66643 ], [ -98.36297, 29.666064 ], [ -98.361586, 29.665408 ], [ -98.361194, 29.665144 ], [ -98.360882, 29.664772 ], [ -98.360474, 29.664026 ], [ -98.360082, 29.662904 ], [ -98.359546, 29.66172 ], [ -98.357458, 29.65876 ], [ -98.356978, 29.658388 ], [ -98.356306, 29.657936 ], [ -98.356058, 29.657848 ], [ -98.35119, 29.656356 ], [ -98.344745, 29.65435 ], [ -98.344137, 29.653982 ], [ -98.343649, 29.653654 ], [ -98.343385, 29.653418 ], [ -98.343281, 29.653296 ], [ -98.343185, 29.653146 ], [ -98.343065, 29.652884 ], [ -98.343025, 29.652602 ], [ -98.343033, 29.65236 ], [ -98.343177, 29.651908 ], [ -98.343785, 29.650444 ], [ -98.344478, 29.649425 ], [ -98.345945, 29.647565 ], [ -98.347626, 29.645023 ], [ -98.347714, 29.644764 ], [ -98.347722, 29.644533 ], [ -98.347857, 29.6443 ], [ -98.347905, 29.643798 ], [ -98.347889, 29.643458 ], [ -98.347801, 29.643026 ], [ -98.346881, 29.640683 ], [ -98.346265, 29.639187 ], [ -98.34625, 29.639149 ], [ -98.346231, 29.639103 ], [ -98.346089, 29.638757 ], [ -98.345641, 29.637733 ], [ -98.345457, 29.637381 ], [ -98.345217, 29.637105 ], [ -98.344969, 29.636865 ], [ -98.344601, 29.636365 ], [ -98.343406, 29.634584 ], [ -98.343398, 29.634572 ], [ -98.343376, 29.63454 ], [ -98.342633, 29.633433 ], [ -98.342369, 29.632791 ], [ -98.342081, 29.632275 ], [ -98.341785, 29.631629 ], [ -98.341441, 29.630919 ], [ -98.341177, 29.630297 ], [ -98.340857, 29.629501 ], [ -98.340721, 29.628135 ], [ -98.340748, 29.62791 ], [ -98.340832, 29.627618 ], [ -98.342279, 29.625565 ], [ -98.342295, 29.625207 ], [ -98.342433, 29.624961 ], [ -98.342689, 29.624581 ], [ -98.342777, 29.624083 ], [ -98.342625, 29.623757 ], [ -98.342617, 29.623293 ], [ -98.343081, 29.621837 ], [ -98.343268, 29.621582 ], [ -98.343775, 29.621334 ], [ -98.344763, 29.621058 ], [ -98.345631, 29.62001 ], [ -98.345699, 29.619497 ], [ -98.345684, 29.619428 ], [ -98.345689, 29.619221 ], [ -98.345697, 29.618911 ], [ -98.345657, 29.618629 ], [ -98.345553, 29.618435 ], [ -98.345189, 29.617957 ], [ -98.344729, 29.617667 ], [ -98.343969, 29.617321 ], [ -98.343385, 29.617147 ], [ -98.342881, 29.617113 ], [ -98.341705, 29.616023 ], [ -98.341521, 29.615577 ], [ -98.341161, 29.614765 ], [ -98.340881, 29.614481 ], [ -98.340329, 29.613827 ], [ -98.339713, 29.613269 ], [ -98.339401, 29.612857 ], [ -98.339177, 29.612587 ], [ -98.338289, 29.612148 ], [ -98.337481, 29.611682 ], [ -98.336785, 29.611446 ], [ -98.336185, 29.611286 ], [ -98.335569, 29.61113 ], [ -98.334865, 29.61102 ], [ -98.334137, 29.610972 ], [ -98.333529, 29.610864 ], [ -98.332937, 29.610748 ], [ -98.332345, 29.610562 ], [ -98.331641, 29.610582 ], [ -98.330993, 29.610566 ], [ -98.330321, 29.610488 ], [ -98.329897, 29.610454 ], [ -98.329393, 29.610294 ], [ -98.329113, 29.61019 ], [ -98.328745, 29.609852 ], [ -98.328761, 29.609518 ], [ -98.328881, 29.609128 ], [ -98.328801, 29.608756 ], [ -98.328697, 29.608484 ], [ -98.328817, 29.608174 ], [ -98.328889, 29.608058 ], [ -98.328865, 29.607942 ], [ -98.328713, 29.607566 ], [ -98.328417, 29.6073 ], [ -98.328161, 29.60682 ], [ -98.328185, 29.606558 ], [ -98.328169, 29.606292 ], [ -98.328097, 29.605992 ], [ -98.327889, 29.605748 ], [ -98.327633, 29.60551 ], [ -98.327589, 29.605458 ], [ -98.327289, 29.605158 ], [ -98.326754, 29.604891 ], [ -98.326338, 29.604528 ], [ -98.326162, 29.603952 ], [ -98.325481, 29.603376 ], [ -98.324174, 29.602893 ], [ -98.322937, 29.602565 ], [ -98.319976, 29.602059 ], [ -98.318282, 29.602028 ], [ -98.317689, 29.601858 ], [ -98.313388, 29.602158 ], [ -98.311088, 29.597458 ], [ -98.310991, 29.595304 ], [ -98.311022, 29.595122 ], [ -98.310971, 29.594747 ], [ -98.310988, 29.594458 ], [ -98.310988, 29.594358 ], [ -98.310987, 29.594282 ], [ -98.311083, 29.593955 ], [ -98.311091, 29.592944 ], [ -98.311216, 29.592538 ], [ -98.3115, 29.592108 ], [ -98.311909, 29.591783 ], [ -98.312021, 29.591502 ], [ -98.31206, 29.590799 ], [ -98.311677, 29.590128 ], [ -98.31145, 29.589922 ], [ -98.311488, 29.589758 ], [ -98.31073, 29.589265 ], [ -98.310644, 29.589187 ], [ -98.310474, 29.589099 ], [ -98.309488, 29.588458 ], [ -98.305888, 29.585859 ], [ -98.304888, 29.585659 ], [ -98.304788, 29.585559 ], [ -98.304417, 29.585189 ], [ -98.304263, 29.58496 ], [ -98.304188, 29.584659 ], [ -98.303874, 29.583797 ], [ -98.303829, 29.583476 ], [ -98.304962, 29.581212 ], [ -98.30514, 29.580956 ], [ -98.305779, 29.579631 ], [ -98.305956, 29.579455 ], [ -98.306144, 29.57864 ], [ -98.305847, 29.577444 ], [ -98.305481, 29.576751 ], [ -98.305388, 29.576559 ], [ -98.305204, 29.576467 ], [ -98.30481, 29.576115 ], [ -98.303274, 29.575108 ], [ -98.303129, 29.574977 ], [ -98.302921, 29.574683 ], [ -98.302779, 29.574346 ], [ -98.302688, 29.573159 ], [ -98.302678, 29.573009 ], [ -98.302942, 29.571972 ], [ -98.302923, 29.571588 ], [ -98.302545, 29.569893 ], [ -98.302031, 29.568983 ], [ -98.301788, 29.568359 ], [ -98.300088, 29.566859 ], [ -98.29943, 29.566347 ], [ -98.299108, 29.565772 ], [ -98.298658, 29.564067 ], [ -98.298634, 29.564021 ], [ -98.298888, 29.562159 ], [ -98.298688, 29.561159 ], [ -98.297851, 29.560936 ], [ -98.297795, 29.560882 ], [ -98.297405, 29.560815 ], [ -98.297402, 29.560816 ], [ -98.297188, 29.560759 ], [ -98.296788, 29.560853 ], [ -98.296669, 29.560728 ], [ -98.29634, 29.560959 ], [ -98.296205, 29.560991 ], [ -98.295725, 29.561057 ], [ -98.295541, 29.561147 ], [ -98.295488, 29.561159 ], [ -98.292888, 29.561159 ], [ -98.291713, 29.560672 ], [ -98.288788, 29.559459 ], [ -98.286388, 29.55766 ], [ -98.285715, 29.556434 ], [ -98.285784, 29.556379 ], [ -98.285803, 29.555983 ], [ -98.285538, 29.554768 ], [ -98.285079, 29.554112 ], [ -98.284186, 29.55326 ], [ -98.283607, 29.55315 ], [ -98.2833, 29.553028 ], [ -98.282988, 29.55276 ], [ -98.278787, 29.55086 ], [ -98.274987, 29.55106 ], [ -98.273287, 29.55056 ], [ -98.273087, 29.55046 ], [ -98.272807, 29.55029 ], [ -98.272551, 29.550124 ], [ -98.272351, 29.549966 ], [ -98.272039, 29.54975 ], [ -98.27181, 29.549522 ], [ -98.271751, 29.549464 ], [ -98.271527, 29.549082 ], [ -98.271447, 29.54876 ], [ -98.271319, 29.54832 ], [ -98.271287, 29.54796 ], [ -98.271199, 29.547776 ], [ -98.271119, 29.54719 ], [ -98.270967, 29.546524 ], [ -98.270743, 29.54584 ], [ -98.270239, 29.545016 ], [ -98.269975, 29.54482 ], [ -98.269663, 29.544584 ], [ -98.269463, 29.544368 ], [ -98.269175, 29.544288 ], [ -98.268767, 29.54413 ], [ -98.268455, 29.54407 ], [ -98.268119, 29.54401 ], [ -98.267887, 29.54386 ], [ -98.267591, 29.543518 ], [ -98.267207, 29.543458 ], [ -98.266559, 29.54357 ], [ -98.266127, 29.543652 ], [ -98.266087, 29.54366 ], [ -98.265263, 29.543798 ], [ -98.264815, 29.54368 ], [ -98.264175, 29.543344 ], [ -98.262967, 29.542848 ], [ -98.261991, 29.542432 ], [ -98.261007, 29.5419 ], [ -98.260679, 29.541566 ], [ -98.260287, 29.541132 ], [ -98.259967, 29.540936 ], [ -98.259391, 29.540738 ], [ -98.258647, 29.540538 ], [ -98.257983, 29.540496 ], [ -98.257247, 29.540296 ], [ -98.256191, 29.54029 ], [ -98.255543, 29.540346 ], [ -98.254815, 29.540438 ], [ -98.254643, 29.540593 ], [ -98.254444, 29.540657 ], [ -98.253783, 29.541114 ], [ -98.253072, 29.542582 ], [ -98.252995, 29.54317 ], [ -98.253889, 29.544216 ], [ -98.254064, 29.544315 ], [ -98.25516, 29.544684 ], [ -98.256147, 29.545356 ], [ -98.257285, 29.545775 ], [ -98.257682, 29.54567 ], [ -98.257814, 29.545719 ], [ -98.258587, 29.546413 ], [ -98.259378, 29.547492 ], [ -98.259593, 29.54825 ], [ -98.259821, 29.548588 ], [ -98.259882, 29.549401 ], [ -98.260083, 29.549626 ], [ -98.260108, 29.55005 ], [ -98.259799, 29.550446 ], [ -98.259629, 29.552453 ], [ -98.259628, 29.552455 ], [ -98.259305, 29.553062 ], [ -98.259146, 29.55391 ], [ -98.258983, 29.554298 ], [ -98.258599, 29.554676 ], [ -98.258207, 29.554732 ], [ -98.257431, 29.554718 ], [ -98.256767, 29.554618 ], [ -98.256663, 29.554558 ], [ -98.256167, 29.554428 ], [ -98.255719, 29.55426 ], [ -98.255455, 29.554024 ], [ -98.254935, 29.553358 ], [ -98.255033, 29.552548 ], [ -98.255369, 29.552337 ], [ -98.255299, 29.552199 ], [ -98.255335, 29.552158 ], [ -98.255463, 29.552012 ], [ -98.255679, 29.551632 ], [ -98.255743, 29.551466 ], [ -98.255655, 29.551182 ], [ -98.255375, 29.550848 ], [ -98.255279, 29.55073 ], [ -98.255271, 29.550574 ], [ -98.255187, 29.55036 ], [ -98.254815, 29.5503 ], [ -98.254463, 29.550188 ], [ -98.254039, 29.549982 ], [ -98.253671, 29.549784 ], [ -98.253263, 29.549704 ], [ -98.252815, 29.549636 ], [ -98.252375, 29.549642 ], [ -98.251607, 29.549696 ], [ -98.251167, 29.549762 ], [ -98.250887, 29.54976 ], [ -98.250503, 29.550038 ], [ -98.250281, 29.550238 ], [ -98.250173, 29.550282 ], [ -98.249553, 29.550695 ], [ -98.248937, 29.551399 ], [ -98.248906, 29.551751 ], [ -98.248963, 29.552042 ], [ -98.248887, 29.552414 ], [ -98.248831, 29.553152 ], [ -98.248895, 29.553542 ], [ -98.248919, 29.55406 ], [ -98.248871, 29.554512 ], [ -98.248687, 29.5547 ], [ -98.248287, 29.55526 ], [ -98.247623, 29.55555 ], [ -98.246868, 29.555977 ], [ -98.245988, 29.55611 ], [ -98.244995, 29.556605 ], [ -98.244367, 29.556793 ], [ -98.244014, 29.556814 ], [ -98.243558, 29.55686 ], [ -98.243286, 29.55686 ], [ -98.243054, 29.55683 ], [ -98.242118, 29.556808 ], [ -98.242032, 29.556802 ], [ -98.241188, 29.556486 ], [ -98.239717, 29.556556 ], [ -98.23963, 29.556544 ], [ -98.23855, 29.556376 ], [ -98.23829, 29.556321 ], [ -98.237752, 29.55608 ], [ -98.236632, 29.555899 ], [ -98.235756, 29.555577 ], [ -98.234878, 29.555148 ], [ -98.23387, 29.554648 ], [ -98.233069, 29.554056 ], [ -98.232966, 29.55398 ], [ -98.232286, 29.553094 ], [ -98.231686, 29.552294 ], [ -98.23131, 29.551534 ], [ -98.230986, 29.55056 ], [ -98.230886, 29.54956 ], [ -98.23095, 29.549208 ], [ -98.230894, 29.54855 ], [ -98.23079, 29.547924 ], [ -98.230606, 29.547342 ], [ -98.230478, 29.546968 ], [ -98.230118, 29.546662 ], [ -98.229766, 29.546506 ], [ -98.229302, 29.54652 ], [ -98.228286, 29.54666 ], [ -98.22787, 29.546742 ], [ -98.227526, 29.546864 ], [ -98.227339, 29.547021 ], [ -98.227303, 29.547052 ], [ -98.227203, 29.547072 ], [ -98.226894, 29.547512 ], [ -98.226812, 29.54883 ], [ -98.226694, 29.549004 ], [ -98.226438, 29.549256 ], [ -98.226186, 29.54946 ], [ -98.225934, 29.549528 ], [ -98.225634, 29.549552 ], [ -98.225406, 29.54957 ], [ -98.22507, 29.54948 ], [ -98.224786, 29.54936 ], [ -98.22455, 29.549338 ], [ -98.223918, 29.549182 ], [ -98.223414, 29.549004 ], [ -98.222886, 29.548732 ], [ -98.222342, 29.548342 ], [ -98.221926, 29.547868 ], [ -98.221486, 29.54706 ], [ -98.22147, 29.54657 ], [ -98.221358, 29.54624 ], [ -98.221186, 29.54596 ], [ -98.221214, 29.545534 ], [ -98.221222, 29.545086 ], [ -98.22123, 29.544748 ], [ -98.221316, 29.544413 ], [ -98.221791, 29.544323 ], [ -98.221916, 29.543822 ], [ -98.22225, 29.543729 ], [ -98.223691, 29.543673 ], [ -98.224521, 29.543447 ], [ -98.225075, 29.543541 ], [ -98.22537, 29.543695 ], [ -98.225337, 29.543835 ], [ -98.225988, 29.543923 ], [ -98.228193, 29.543838 ], [ -98.229062, 29.543441 ], [ -98.229463, 29.543406 ], [ -98.229749, 29.54294 ], [ -98.229701, 29.542785 ], [ -98.229806, 29.542696 ], [ -98.229606, 29.542186 ], [ -98.22943, 29.541822 ], [ -98.229078, 29.54144 ], [ -98.228774, 29.541236 ], [ -98.228414, 29.541084 ], [ -98.227846, 29.540912 ], [ -98.22739, 29.540884 ], [ -98.227054, 29.540742 ], [ -98.226638, 29.54066 ], [ -98.226222, 29.5406 ], [ -98.225806, 29.540452 ], [ -98.225566, 29.54032 ], [ -98.225246, 29.54031 ], [ -98.22487, 29.540144 ], [ -98.224582, 29.539856 ], [ -98.22431, 29.539522 ], [ -98.22395, 29.539298 ], [ -98.223886, 29.53926 ], [ -98.22359, 29.539094 ], [ -98.223222, 29.538652 ], [ -98.222878, 29.538206 ], [ -98.222662, 29.537984 ], [ -98.22255, 29.537712 ], [ -98.22255, 29.537452 ], [ -98.222486, 29.53736 ], [ -98.222518, 29.537186 ], [ -98.222574, 29.537072 ], [ -98.22279, 29.53689 ], [ -98.222886, 29.53686 ], [ -98.222902, 29.536716 ], [ -98.222886, 29.536581 ], [ -98.222886, 29.53636 ], [ -98.222839, 29.536266 ], [ -98.222786, 29.53616 ], [ -98.222686, 29.53576 ], [ -98.222586, 29.535261 ], [ -98.222222, 29.533891 ], [ -98.22207, 29.533431 ], [ -98.22177, 29.533002 ], [ -98.221391, 29.53205 ], [ -98.221365, 29.531665 ], [ -98.221111, 29.53117 ], [ -98.221198, 29.530977 ], [ -98.221254, 29.530853 ], [ -98.221294, 29.530549 ], [ -98.220942, 29.530223 ], [ -98.220574, 29.529985 ], [ -98.220374, 29.529833 ], [ -98.22023, 29.529685 ], [ -98.219786, 29.529361 ], [ -98.21978, 29.529354 ], [ -98.219873, 29.528974 ], [ -98.219395, 29.528595 ], [ -98.218923, 29.527682 ], [ -98.218758, 29.527205 ], [ -98.218766, 29.526529 ], [ -98.218878, 29.525931 ], [ -98.218966, 29.525685 ], [ -98.219334, 29.525319 ], [ -98.219518, 29.525003 ], [ -98.219494, 29.524643 ], [ -98.219318, 29.524219 ], [ -98.219219, 29.524114 ], [ -98.219218, 29.524089 ], [ -98.21884, 29.52355 ], [ -98.218475, 29.523374 ], [ -98.217947, 29.523583 ], [ -98.217362, 29.523578 ], [ -98.217104, 29.523672 ], [ -98.216362, 29.524354 ], [ -98.216136, 29.524359 ], [ -98.215431, 29.524073 ], [ -98.215173, 29.523804 ], [ -98.214808, 29.523617 ], [ -98.21438, 29.523045 ], [ -98.214147, 29.522929 ], [ -98.212701, 29.522891 ], [ -98.211449, 29.523271 ], [ -98.21055, 29.523398 ], [ -98.210071, 29.523381 ], [ -98.209134, 29.523013 ], [ -98.208411, 29.522534 ], [ -98.208096, 29.522435 ], [ -98.205542, 29.522304 ], [ -98.204787, 29.522155 ], [ -98.202888, 29.520406 ], [ -98.202523, 29.520384 ], [ -98.201447, 29.519713 ], [ -98.201434, 29.519635 ], [ -98.201717, 29.519391 ], [ -98.202117, 29.519165 ], [ -98.202565, 29.518627 ], [ -98.202677, 29.518387 ], [ -98.20243, 29.517927 ], [ -98.202541, 29.517782 ], [ -98.202082, 29.517017 ], [ -98.20151, 29.516748 ], [ -98.20034, 29.516775 ], [ -98.199478, 29.51726 ], [ -98.198579, 29.517331 ], [ -98.198409, 29.517194 ], [ -98.198277, 29.516759 ], [ -98.19749, 29.516396 ], [ -98.196896, 29.515652 ], [ -98.196869, 29.515549 ], [ -98.196901, 29.515375 ], [ -98.197093, 29.515113 ], [ -98.197453, 29.514945 ], [ -98.197925, 29.514847 ], [ -98.198285, 29.514753 ], [ -98.198741, 29.514719 ], [ -98.198957, 29.514581 ], [ -98.199029, 29.514509 ], [ -98.199341, 29.514271 ], [ -98.199517, 29.513971 ], [ -98.199525, 29.513751 ], [ -98.199566, 29.513693 ], [ -98.199717, 29.513563 ], [ -98.199741, 29.513434 ], [ -98.199837, 29.513207 ], [ -98.199837, 29.513065 ], [ -98.199989, 29.512691 ], [ -98.200133, 29.512499 ], [ -98.200165, 29.512295 ], [ -98.200237, 29.512071 ], [ -98.200253, 29.511777 ], [ -98.200261, 29.511431 ], [ -98.200226, 29.511353 ], [ -98.200232, 29.511268 ], [ -98.200176, 29.511122 ], [ -98.200173, 29.511067 ], [ -98.200061, 29.510787 ], [ -98.200043, 29.510769 ], [ -98.199795, 29.510113 ], [ -98.199401, 29.509666 ], [ -98.1991, 29.509477 ], [ -98.198581, 29.50937 ], [ -98.198009, 29.509369 ], [ -98.197902, 29.509401 ], [ -98.197924, 29.509574 ], [ -98.197704, 29.509701 ], [ -98.196421, 29.509915 ], [ -98.196339, 29.51002 ], [ -98.195899, 29.510108 ], [ -98.195919, 29.510275 ], [ -98.195683, 29.510415 ], [ -98.195523, 29.510654 ], [ -98.19549, 29.51106 ], [ -98.195301, 29.511115 ], [ -98.194961, 29.510944 ], [ -98.195065, 29.51072 ], [ -98.194099, 29.510247 ], [ -98.192549, 29.510145 ], [ -98.191823, 29.5098 ], [ -98.190955, 29.509556 ], [ -98.190921, 29.509206 ], [ -98.190751, 29.509048 ], [ -98.190618, 29.508659 ], [ -98.190773, 29.507886 ], [ -98.190713, 29.507546 ], [ -98.19032, 29.507069 ], [ -98.19024, 29.506457 ], [ -98.189908, 29.505724 ], [ -98.189616, 29.505342 ], [ -98.189421, 29.504982 ], [ -98.189256, 29.504871 ], [ -98.18886, 29.504352 ], [ -98.187408, 29.50327 ], [ -98.186697, 29.502313 ], [ -98.186567, 29.502086 ], [ -98.186501, 29.50193 ], [ -98.186486, 29.501771 ], [ -98.186485, 29.501762 ], [ -98.186525, 29.501596 ], [ -98.186585, 29.501462 ], [ -98.186585, 29.501162 ], [ -98.186685, 29.501062 ], [ -98.186885, 29.500772 ], [ -98.187229, 29.500404 ], [ -98.187581, 29.499986 ], [ -98.187744, 29.499836 ], [ -98.188293, 29.499417 ], [ -98.188383, 29.499119 ], [ -98.188445, 29.499036 ], [ -98.188581, 29.498744 ], [ -98.188784, 29.498467 ], [ -98.189129, 29.498184 ], [ -98.189758, 29.496655 ], [ -98.189909, 29.495896 ], [ -98.189921, 29.495246 ], [ -98.190211, 29.494658 ], [ -98.190098, 29.493321 ], [ -98.189544, 29.491929 ], [ -98.18892, 29.491513 ], [ -98.188877, 29.491464 ], [ -98.188696, 29.491196 ], [ -98.188664, 29.490207 ], [ -98.187878, 29.488953 ], [ -98.187721, 29.488832 ], [ -98.1876, 29.488217 ], [ -98.187186, 29.488045 ], [ -98.186891, 29.487451 ], [ -98.185093, 29.486094 ], [ -98.184954, 29.486114 ], [ -98.1843, 29.485701 ], [ -98.184105, 29.485756 ], [ -98.183923, 29.485674 ], [ -98.183778, 29.485289 ], [ -98.183118, 29.484904 ], [ -98.181515, 29.484805 ], [ -98.180358, 29.484513 ], [ -98.180062, 29.484502 ], [ -98.179679, 29.484623 ], [ -98.178025, 29.484447 ], [ -98.177252, 29.484667 ], [ -98.176931, 29.485222 ], [ -98.176977, 29.485473 ], [ -98.176717, 29.485954 ], [ -98.176933, 29.486526 ], [ -98.177141, 29.486994 ], [ -98.177413, 29.487426 ], [ -98.177805, 29.48783 ], [ -98.178429, 29.48801 ], [ -98.178773, 29.48839 ], [ -98.179045, 29.488772 ], [ -98.179269, 29.48914 ], [ -98.179541, 29.489624 ], [ -98.179589, 29.489926 ], [ -98.179285, 29.490462 ], [ -98.179181, 29.49072 ], [ -98.179005, 29.491064 ], [ -98.178973, 29.491396 ], [ -98.179093, 29.491628 ], [ -98.179213, 29.491806 ], [ -98.179429, 29.491972 ], [ -98.179573, 29.492056 ], [ -98.179925, 29.49247 ], [ -98.180077, 29.492716 ], [ -98.180245, 29.492952 ], [ -98.180517, 29.493146 ], [ -98.180797, 29.493288 ], [ -98.181157, 29.49327 ], [ -98.181461, 29.49316 ], [ -98.182109, 29.49309 ], [ -98.182541, 29.493158 ], [ -98.182909, 29.493084 ], [ -98.183389, 29.493002 ], [ -98.183941, 29.492958 ], [ -98.184309, 29.493124 ], [ -98.184445, 29.49341 ], [ -98.184573, 29.493792 ], [ -98.184475, 29.494297 ], [ -98.18401, 29.495142 ], [ -98.183815, 29.495752 ], [ -98.183822, 29.496044 ], [ -98.183293, 29.496523 ], [ -98.181551, 29.497397 ], [ -98.181224, 29.497342 ], [ -98.180885, 29.497045 ], [ -98.180734, 29.497051 ], [ -98.179256, 29.497535 ], [ -98.178633, 29.497667 ], [ -98.178118, 29.497622 ], [ -98.176804, 29.497012 ], [ -98.176344, 29.496693 ], [ -98.175414, 29.496604 ], [ -98.173772, 29.496632 ], [ -98.173339, 29.496173 ], [ -98.173182, 29.495284 ], [ -98.173257, 29.494585 ], [ -98.172848, 29.494332 ], [ -98.172792, 29.494519 ], [ -98.172471, 29.494514 ], [ -98.172207, 29.494635 ], [ -98.171905, 29.495135 ], [ -98.171786, 29.495421 ], [ -98.171862, 29.495647 ], [ -98.171589, 29.495996 ], [ -98.171405, 29.496836 ], [ -98.171273, 29.49713 ], [ -98.17077, 29.497651 ], [ -98.170751, 29.497661 ], [ -98.170238, 29.497869 ], [ -98.169716, 29.497748 ], [ -98.169257, 29.497445 ], [ -98.169169, 29.497055 ], [ -98.168685, 29.496703 ], [ -98.168352, 29.496158 ], [ -98.168314, 29.495806 ], [ -98.168522, 29.495289 ], [ -98.168522, 29.494843 ], [ -98.168201, 29.493913 ], [ -98.168095, 29.493 ], [ -98.168296, 29.491174 ], [ -98.168073, 29.490871 ], [ -98.167718, 29.490821 ], [ -98.167334, 29.490612 ], [ -98.166894, 29.489776 ], [ -98.167265, 29.489319 ], [ -98.167475, 29.488754 ], [ -98.167581, 29.488584 ], [ -98.167837, 29.48822 ], [ -98.168061, 29.48785 ], [ -98.168309, 29.487462 ], [ -98.168309, 29.487462 ], [ -98.168674, 29.487312 ], [ -98.168775, 29.487097 ], [ -98.168569, 29.486504 ], [ -98.168573, 29.486396 ], [ -98.168461, 29.485796 ], [ -98.168318, 29.485527 ], [ -98.168153, 29.484748 ], [ -98.167877, 29.484341 ], [ -98.167468, 29.483967 ], [ -98.167015, 29.482894 ], [ -98.166984, 29.482426 ], [ -98.16684, 29.482041 ], [ -98.166884, 29.481521 ], [ -98.166901, 29.481473 ], [ -98.166891, 29.481439 ], [ -98.166915, 29.481155 ], [ -98.166796, 29.479774 ], [ -98.166092, 29.478922 ], [ -98.164646, 29.478096 ], [ -98.163973, 29.477931 ], [ -98.162986, 29.477826 ], [ -98.161961, 29.477865 ], [ -98.161251, 29.477721 ], [ -98.160805, 29.477848 ], [ -98.159767, 29.477914 ], [ -98.159491, 29.478068 ], [ -98.159446, 29.478376 ], [ -98.15944, 29.478382 ], [ -98.159268, 29.478473 ], [ -98.159166, 29.478607 ], [ -98.158704, 29.478661 ], [ -98.156818, 29.478265 ], [ -98.155762, 29.477814 ], [ -98.154549, 29.477791 ], [ -98.154171, 29.477868 ], [ -98.152417, 29.478621 ], [ -98.151945, 29.479056 ], [ -98.151675, 29.479831 ], [ -98.151291, 29.480458 ], [ -98.151184, 29.480563 ], [ -98.150901, 29.480607 ], [ -98.150568, 29.48048 ], [ -98.150164, 29.479757 ], [ -98.150265, 29.479608 ], [ -98.150405, 29.478648 ], [ -98.150682, 29.478181 ], [ -98.150594, 29.477174 ], [ -98.150997, 29.476283 ], [ -98.150438, 29.475755 ], [ -98.150023, 29.475672 ], [ -98.149532, 29.475771 ], [ -98.148004, 29.47637 ], [ -98.147218, 29.476947 ], [ -98.14613, 29.477547 ], [ -98.145149, 29.47792 ], [ -98.144237, 29.478135 ], [ -98.143879, 29.478349 ], [ -98.143501, 29.478789 ], [ -98.143308, 29.479135 ], [ -98.143284, 29.479151 ], [ -98.142972, 29.479487 ], [ -98.142796, 29.479783 ], [ -98.142692, 29.480033 ], [ -98.142548, 29.480283 ], [ -98.142596, 29.480557 ], [ -98.14254, 29.480979 ], [ -98.142388, 29.481463 ], [ -98.142332, 29.481887 ], [ -98.142356, 29.482097 ], [ -98.142356, 29.482325 ], [ -98.142508, 29.482761 ], [ -98.142692, 29.482893 ], [ -98.143116, 29.483129 ], [ -98.1433, 29.483191 ], [ -98.143556, 29.483231 ], [ -98.144124, 29.483411 ], [ -98.144548, 29.483973 ], [ -98.14442, 29.484227 ], [ -98.143122, 29.484015 ], [ -98.142751, 29.484087 ], [ -98.142562, 29.484631 ], [ -98.14261, 29.484868 ], [ -98.14258, 29.484885 ], [ -98.142484, 29.485229 ], [ -98.142436, 29.485437 ], [ -98.14254, 29.485707 ], [ -98.142716, 29.485917 ], [ -98.142784, 29.485963 ], [ -98.142884, 29.485977 ], [ -98.143076, 29.486145 ], [ -98.143148, 29.486181 ], [ -98.142932, 29.486419 ], [ -98.142416, 29.486496 ], [ -98.141291, 29.486402 ], [ -98.13987, 29.485802 ], [ -98.139499, 29.485554 ], [ -98.139361, 29.485092 ], [ -98.139517, 29.484761 ], [ -98.139796, 29.484675 ], [ -98.14006, 29.484545 ], [ -98.139972, 29.484299 ], [ -98.139933, 29.484282 ], [ -98.140141, 29.484223 ], [ -98.14038, 29.484339 ], [ -98.140588, 29.484229 ], [ -98.140368, 29.483877 ], [ -98.140085, 29.483756 ], [ -98.139966, 29.48359 ], [ -98.139733, 29.483095 ], [ -98.139696, 29.482804 ], [ -98.139809, 29.482589 ], [ -98.139614, 29.482485 ], [ -98.139073, 29.482699 ], [ -98.138702, 29.483001 ], [ -98.138645, 29.483188 ], [ -98.137715, 29.483694 ], [ -98.13718, 29.484239 ], [ -98.136274, 29.484288 ], [ -98.135583, 29.484161 ], [ -98.135407, 29.48377 ], [ -98.135448, 29.483433 ], [ -98.135772, 29.483281 ], [ -98.136204, 29.483131 ], [ -98.136708, 29.482921 ], [ -98.136844, 29.482555 ], [ -98.136853, 29.482424 ], [ -98.13708, 29.482027 ], [ -98.1371, 29.481196 ], [ -98.136873, 29.480855 ], [ -98.136761, 29.480316 ], [ -98.136371, 29.479419 ], [ -98.136038, 29.479144 ], [ -98.134649, 29.478824 ], [ -98.134271, 29.478852 ], [ -98.134089, 29.479033 ], [ -98.134208, 29.479259 ], [ -98.134129, 29.479426 ], [ -98.1341, 29.479445 ], [ -98.133699, 29.479429 ], [ -98.133177, 29.479709 ], [ -98.132422, 29.479791 ], [ -98.132045, 29.479995 ], [ -98.131227, 29.48099 ], [ -98.13117, 29.481335 ], [ -98.131168, 29.481338 ], [ -98.130887, 29.481447 ], [ -98.130598, 29.481705 ], [ -98.128994, 29.482458 ], [ -98.127938, 29.48259 ], [ -98.127039, 29.482375 ], [ -98.126168, 29.481887 ], [ -98.126132, 29.481785 ], [ -98.125885, 29.481564 ], [ -98.125864, 29.48129 ], [ -98.125556, 29.48096 ], [ -98.125148, 29.480201 ], [ -98.124816, 29.479998 ], [ -98.124428, 29.479657 ], [ -98.123907, 29.479169 ], [ -98.123555, 29.478825 ], [ -98.123107, 29.478421 ], [ -98.122755, 29.478089 ], [ -98.122435, 29.477783 ], [ -98.122294, 29.477516 ], [ -98.122236, 29.477299 ], [ -98.122274, 29.477112 ], [ -98.122493, 29.47687 ], [ -98.123065, 29.476385 ], [ -98.123355, 29.476363 ], [ -98.124059, 29.476528 ], [ -98.124493, 29.476473 ], [ -98.124889, 29.47623 ], [ -98.124888, 29.475647 ], [ -98.124548, 29.475363 ], [ -98.124556, 29.475261 ], [ -98.124273, 29.47467 ], [ -98.124095, 29.474008 ], [ -98.123932, 29.473891 ], [ -98.123619, 29.473391 ], [ -98.123283, 29.473019 ], [ -98.122955, 29.472713 ], [ -98.122587, 29.472595 ], [ -98.122187, 29.472673 ], [ -98.121875, 29.472841 ], [ -98.121603, 29.473037 ], [ -98.121299, 29.473125 ], [ -98.121067, 29.473157 ], [ -98.120827, 29.473061 ], [ -98.12069, 29.472901 ], [ -98.121013, 29.472216 ], [ -98.120585, 29.470846 ], [ -98.120279, 29.470586 ], [ -98.120019, 29.470177 ], [ -98.119675, 29.469809 ], [ -98.119331, 29.469371 ], [ -98.118963, 29.468973 ], [ -98.118507, 29.468187 ], [ -98.118155, 29.467459 ], [ -98.117835, 29.466643 ], [ -98.117627, 29.465859 ], [ -98.117323, 29.464901 ], [ -98.117187, 29.464477 ], [ -98.117067, 29.464027 ], [ -98.116932, 29.463591 ], [ -98.117072, 29.461748 ], [ -98.117782, 29.460235 ], [ -98.118737, 29.459509 ], [ -98.119315, 29.458898 ], [ -98.11983, 29.457869 ], [ -98.120251, 29.457473 ], [ -98.120886, 29.457373 ], [ -98.123583, 29.45768 ], [ -98.124513, 29.457938 ], [ -98.12513, 29.458003 ], [ -98.125602, 29.458245 ], [ -98.125797, 29.45824 ], [ -98.126283, 29.45793 ], [ -98.126506, 29.457589 ], [ -98.126828, 29.457327 ], [ -98.126966, 29.456604 ], [ -98.126988, 29.456572 ], [ -98.126987, 29.456493 ], [ -98.126998, 29.456436 ], [ -98.12699, 29.456217 ], [ -98.127004, 29.456112 ], [ -98.126985, 29.456065 ], [ -98.126974, 29.455732 ], [ -98.126779, 29.454741 ], [ -98.126652, 29.454596 ], [ -98.126644, 29.454534 ], [ -98.126483, 29.45426 ], [ -98.126283, 29.454072 ], [ -98.125963, 29.453848 ], [ -98.125595, 29.453642 ], [ -98.125291, 29.453436 ], [ -98.124963, 29.453132 ], [ -98.124475, 29.452798 ], [ -98.124123, 29.452598 ], [ -98.123955, 29.45243 ], [ -98.123827, 29.452178 ], [ -98.123648, 29.451893 ], [ -98.123587, 29.451796 ], [ -98.123083, 29.451164 ], [ -98.122715, 29.450872 ], [ -98.122515, 29.450532 ], [ -98.122275, 29.450178 ], [ -98.122035, 29.449922 ], [ -98.121611, 29.44983 ], [ -98.121379, 29.449842 ], [ -98.121115, 29.449866 ], [ -98.120827, 29.449874 ], [ -98.120635, 29.449772 ], [ -98.120521, 29.449512 ], [ -98.120687, 29.449292 ], [ -98.121189, 29.448989 ], [ -98.121497, 29.448373 ], [ -98.121585, 29.447933 ], [ -98.121522, 29.447713 ], [ -98.121449, 29.447648 ], [ -98.121459, 29.447586 ], [ -98.121419, 29.447354 ], [ -98.121259, 29.447244 ], [ -98.121043, 29.44718 ], [ -98.12084, 29.447099 ], [ -98.120777, 29.447043 ], [ -98.120683, 29.446708 ], [ -98.120708, 29.446675 ], [ -98.12093, 29.446481 ], [ -98.121344, 29.446299 ], [ -98.122916, 29.445985 ], [ -98.123483, 29.446021 ], [ -98.124064, 29.446235 ], [ -98.125202, 29.44641 ], [ -98.12651, 29.446094 ], [ -98.127159, 29.445878 ], [ -98.127516, 29.446024 ], [ -98.127796, 29.446036 ], [ -98.12794, 29.445976 ], [ -98.128076, 29.445758 ], [ -98.128226, 29.445522 ], [ -98.128689, 29.445368 ], [ -98.128979, 29.444829 ], [ -98.129065, 29.444523 ], [ -98.129188, 29.44445 ], [ -98.129564, 29.444288 ], [ -98.129932, 29.444198 ], [ -98.130164, 29.444034 ], [ -98.13042, 29.443844 ], [ -98.130764, 29.443624 ], [ -98.131244, 29.443328 ], [ -98.131444, 29.443274 ], [ -98.131804, 29.443332 ], [ -98.132252, 29.443348 ], [ -98.132612, 29.443096 ], [ -98.1329, 29.442844 ], [ -98.133196, 29.442694 ], [ -98.133364, 29.442574 ], [ -98.1335, 29.44244 ], [ -98.133584, 29.442264 ], [ -98.137276, 29.440322 ], [ -98.137384, 29.440264 ], [ -98.141884, 29.434728 ], [ -98.146784, 29.428965 ], [ -98.147684, 29.427865 ], [ -98.147708, 29.427821 ], [ -98.153828, 29.420371 ], [ -98.153884, 29.420365 ], [ -98.158188, 29.415297 ], [ -98.160084, 29.413065 ], [ -98.160684, 29.412365 ], [ -98.161972, 29.410712 ], [ -98.162964, 29.409439 ], [ -98.164293, 29.407778 ], [ -98.166384, 29.405165 ], [ -98.167908, 29.403415 ], [ -98.17198, 29.398538 ], [ -98.175585, 29.394166 ], [ -98.175829, 29.393752 ], [ -98.178005, 29.391226 ], [ -98.180493, 29.388244 ], [ -98.182485, 29.385766 ], [ -98.184637, 29.383082 ], [ -98.186885, 29.380266 ], [ -98.187885, 29.378866 ], [ -98.188585, 29.378066 ], [ -98.190797, 29.37508 ], [ -98.197785, 29.366667 ], [ -98.204785, 29.358067 ], [ -98.205697, 29.356972 ], [ -98.206181, 29.356391 ], [ -98.211785, 29.349667 ], [ -98.221986, 29.337268 ], [ -98.222186, 29.337068 ], [ -98.224324, 29.334443 ], [ -98.228318, 29.329539 ], [ -98.230086, 29.327368 ], [ -98.233886, 29.322768 ], [ -98.235286, 29.321068 ], [ -98.238185, 29.317568 ], [ -98.240525, 29.314679 ], [ -98.242885, 29.311769 ], [ -98.243685, 29.310769 ], [ -98.248861, 29.304523 ], [ -98.249485, 29.303769 ], [ -98.250229, 29.302839 ], [ -98.250285, 29.302769 ], [ -98.250413, 29.302597 ], [ -98.250445, 29.302561 ], [ -98.254685, 29.297269 ], [ -98.255685, 29.296169 ], [ -98.258085, 29.293169 ], [ -98.26569, 29.283959 ], [ -98.267085, 29.28227 ], [ -98.267147, 29.282188 ], [ -98.267933, 29.28114 ], [ -98.267985, 29.28107 ], [ -98.272986, 29.27497 ], [ -98.274202, 29.273484 ], [ -98.280186, 29.26617 ], [ -98.281251, 29.264821 ], [ -98.281686, 29.26427 ], [ -98.283486, 29.26207 ], [ -98.287286, 29.25737 ], [ -98.293503, 29.250071 ], [ -98.296152, 29.24715 ], [ -98.296696, 29.246497 ], [ -98.300476, 29.241959 ], [ -98.300709, 29.241681 ], [ -98.300851, 29.241512 ], [ -98.30138, 29.240879 ], [ -98.301675, 29.240526 ], [ -98.301931, 29.240221 ], [ -98.303356, 29.238513 ], [ -98.304756, 29.236834 ], [ -98.305095, 29.236429 ], [ -98.306819, 29.234361 ], [ -98.309627, 29.230994 ], [ -98.310539, 29.229902 ], [ -98.319963, 29.218604 ], [ -98.323433, 29.214441 ], [ -98.324, 29.213763 ], [ -98.324601, 29.213044 ], [ -98.327355, 29.209744 ], [ -98.327877, 29.209118 ], [ -98.330541, 29.205925 ], [ -98.338172, 29.196778 ], [ -98.339848, 29.194798 ], [ -98.34128, 29.193109 ], [ -98.34209, 29.192146 ], [ -98.343016, 29.191054 ], [ -98.345358, 29.188251 ], [ -98.351863, 29.180475 ], [ -98.354611, 29.177186 ], [ -98.360656, 29.169952 ], [ -98.361393, 29.169071 ], [ -98.362526, 29.167716 ], [ -98.367786, 29.161421 ], [ -98.371225, 29.157306 ], [ -98.375488, 29.152132 ], [ -98.376037, 29.151465 ], [ -98.380065, 29.146575 ], [ -98.381792, 29.144478 ], [ -98.385743, 29.139665 ], [ -98.395255, 29.128137 ], [ -98.397782, 29.125075 ], [ -98.407334, 29.114497 ], [ -98.407375, 29.11445 ], [ -98.410704, 29.11551 ] ] ] } },
{ "type": "Feature", "properties": { "OBJECTID_1": 5, "District": 5, "Shape__Area": 128182620754.334, "Shape__Length": 2056797.2791621301, "OBJECTID_2": 1, "ID": 1, "FIPSSTCO": "48029", "NAME": "Bexar County", "ICOMAPATTR": "x", "SHAPESTArea": 35025204908.119141, "SHAPESTLength": 923728.01036523399 }, "geometry": { "type": "MultiPolygon", "coordinates": [ [ [ [ -98.128979, 29.444829 ], [ -98.128689, 29.445368 ], [ -98.128226, 29.445522 ], [ -98.12826, 29.445468 ], [ -98.128476, 29.445124 ], [ -98.12862, 29.444872 ], [ -98.128844, 29.444654 ], [ -98.129065, 29.444523 ], [ -98.128979, 29.444829 ] ] ], [ [ [ -98.12651, 29.446094 ], [ -98.125202, 29.44641 ], [ -98.124064, 29.446235 ], [ -98.123483, 29.446021 ], [ -98.122916, 29.445985 ], [ -98.121344, 29.446299 ], [ -98.12093, 29.446481 ], [ -98.120708, 29.446675 ], [ -98.120859, 29.446472 ], [ -98.121219, 29.446224 ], [ -98.121595, 29.446066 ], [ -98.121995, 29.44589 ], [ -98.122331, 29.445808 ], [ -98.122723, 29.445788 ], [ -98.123123, 29.445794 ], [ -98.123603, 29.445864 ], [ -98.124355, 29.446076 ], [ -98.124803, 29.446148 ], [ -98.125187, 29.446116 ], [ -98.125619, 29.446 ], [ -98.126883, 29.445764 ], [ -98.127159, 29.445878 ], [ -98.12651, 29.446094 ] ] ], [ [ [ -98.12084, 29.447099 ], [ -98.120787, 29.447078 ], [ -98.120777, 29.447043 ], [ -98.12084, 29.447099 ] ] ], [ [ [ -98.121522, 29.447713 ], [ -98.121585, 29.447933 ], [ -98.121497, 29.448373 ], [ -98.121189, 29.448989 ], [ -98.120687, 29.449292 ], [ -98.120521, 29.449512 ], [ -98.120507, 29.44948 ], [ -98.120555, 29.44922 ], [ -98.120771, 29.448828 ], [ -98.121027, 29.448514 ], [ -98.121195, 29.4482 ], [ -98.121291, 29.448024 ], [ -98.121353, 29.447903 ], [ -98.121435, 29.447742 ], [ -98.121449, 29.447648 ], [ -98.121522, 29.447713 ] ] ], [ [ [ -98.126779, 29.454741 ], [ -98.126974, 29.455732 ], [ -98.126985, 29.456065 ], [ -98.126784, 29.455564 ], [ -98.126652, 29.454596 ], [ -98.126779, 29.454741 ] ] ], [ [ [ -98.126998, 29.456436 ], [ -98.126987, 29.456493 ], [ -98.126984, 29.456264 ], [ -98.12699, 29.456217 ], [ -98.126998, 29.456436 ] ] ], [ [ [ -98.126828, 29.457327 ], [ -98.126506, 29.457589 ], [ -98.126283, 29.45793 ], [ -98.125797, 29.45824 ], [ -98.125602, 29.458245 ], [ -98.12513, 29.458003 ], [ -98.124513, 29.457938 ], [ -98.123583, 29.45768 ], [ -98.120886, 29.457373 ], [ -98.120251, 29.457473 ], [ -98.11983, 29.457869 ], [ -98.119315, 29.458898 ], [ -98.118737, 29.459509 ], [ -98.117782, 29.460235 ], [ -98.117072, 29.461748 ], [ -98.116932, 29.463591 ], [ -98.116923, 29.463561 ], [ -98.116811, 29.462839 ], [ -98.116835, 29.462184 ], [ -98.116923, 29.461634 ], [ -98.116947, 29.46127 ], [ -98.116923, 29.460882 ], [ -98.116923, 29.460654 ], [ -98.117011, 29.4604 ], [ -98.117403, 29.459926 ], [ -98.117571, 29.459742 ], [ -98.118027, 29.459388 ], [ -98.118307, 29.459254 ], [ -98.118579, 29.459066 ], [ -98.118811, 29.458768 ], [ -98.119035, 29.458514 ], [ -98.119235, 29.458208 ], [ -98.119539, 29.457872 ], [ -98.119811, 29.4576 ], [ -98.120139, 29.457316 ], [ -98.120387, 29.45716 ], [ -98.120739, 29.457018 ], [ -98.121035, 29.457014 ], [ -98.121531, 29.457122 ], [ -98.122083, 29.457232 ], [ -98.122603, 29.457274 ], [ -98.123243, 29.457358 ], [ -98.123715, 29.45737 ], [ -98.124299, 29.45748 ], [ -98.124675, 29.457566 ], [ -98.125155, 29.457766 ], [ -98.125715, 29.457868 ], [ -98.126123, 29.457752 ], [ -98.12642, 29.457578 ], [ -98.126636, 29.457398 ], [ -98.126784, 29.456864 ], [ -98.126966, 29.456604 ], [ -98.126828, 29.457327 ] ] ], [ [ [ -98.120585, 29.470846 ], [ -98.121013, 29.472216 ], [ -98.12069, 29.472901 ], [ -98.120667, 29.472873 ], [ -98.120707, 29.472583 ], [ -98.120787, 29.472145 ], [ -98.120763, 29.471845 ], [ -98.120611, 29.471307 ], [ -98.120379, 29.470743 ], [ -98.120279, 29.470586 ], [ -98.120585, 29.470846 ] ] ], [ [ [ -98.124095, 29.474008 ], [ -98.124273, 29.47467 ], [ -98.124211, 29.474539 ], [ -98.123987, 29.473979 ], [ -98.123932, 29.473891 ], [ -98.124095, 29.474008 ] ] ], [ [ [ -98.124888, 29.475647 ], [ -98.124889, 29.47623 ], [ -98.124493, 29.476473 ], [ -98.124059, 29.476528 ], [ -98.123355, 29.476363 ], [ -98.123065, 29.476385 ], [ -98.122493, 29.47687 ], [ -98.122274, 29.477112 ], [ -98.122236, 29.477299 ], [ -98.122294, 29.477516 ], [ -98.122267, 29.477465 ], [ -98.122131, 29.477149 ], [ -98.122067, 29.476901 ], [ -98.122035, 29.476661 ], [ -98.122115, 29.476439 ], [ -98.122331, 29.476199 ], [ -98.122627, 29.476065 ], [ -98.123035, 29.475993 ], [ -98.123323, 29.475985 ], [ -98.123619, 29.475991 ], [ -98.123843, 29.475965 ], [ -98.124147, 29.475915 ], [ -98.124395, 29.475837 ], [ -98.124532, 29.475571 ], [ -98.124548, 29.475363 ], [ -98.124888, 29.475647 ] ] ], [ [ [ -98.125148, 29.480201 ], [ -98.125556, 29.48096 ], [ -98.125864, 29.48129 ], [ -98.125885, 29.481564 ], [ -98.125884, 29.481563 ], [ -98.125668, 29.481299 ], [ -98.125548, 29.480983 ], [ -98.1253, 29.480577 ], [ -98.124996, 29.480155 ], [ -98.124816, 29.479998 ], [ -98.125148, 29.480201 ] ] ], [ [ [ -98.127039, 29.482375 ], [ -98.127938, 29.48259 ], [ -98.128994, 29.482458 ], [ -98.130598, 29.481705 ], [ -98.130887, 29.481447 ], [ -98.131168, 29.481338 ], [ -98.13078, 29.481761 ], [ -98.130332, 29.482303 ], [ -98.129764, 29.482673 ], [ -98.129492, 29.482909 ], [ -98.12894, 29.483145 ], [ -98.1283, 29.483269 ], [ -98.12774, 29.483309 ], [ -98.12722, 29.483167 ], [ -98.127012, 29.483109 ], [ -98.126852, 29.483103 ], [ -98.126584, 29.483063 ], [ -98.126168, 29.481887 ], [ -98.127039, 29.482375 ] ] ], [ [ [ -98.131227, 29.48099 ], [ -98.132045, 29.479995 ], [ -98.132422, 29.479791 ], [ -98.133177, 29.479709 ], [ -98.133699, 29.479429 ], [ -98.1341, 29.479445 ], [ -98.133924, 29.479559 ], [ -98.133612, 29.479901 ], [ -98.133276, 29.480183 ], [ -98.132812, 29.480309 ], [ -98.132188, 29.480619 ], [ -98.13166, 29.480927 ], [ -98.131276, 29.481219 ], [ -98.13117, 29.481335 ], [ -98.131227, 29.48099 ] ] ], [ [ [ -98.134208, 29.479259 ], [ -98.134089, 29.479033 ], [ -98.134271, 29.478852 ], [ -98.134649, 29.478824 ], [ -98.136038, 29.479144 ], [ -98.136371, 29.479419 ], [ -98.136761, 29.480316 ], [ -98.136873, 29.480855 ], [ -98.1371, 29.481196 ], [ -98.13708, 29.482027 ], [ -98.136853, 29.482424 ], [ -98.136876, 29.482103 ], [ -98.136876, 29.481993 ], [ -98.136812, 29.481657 ], [ -98.13674, 29.481323 ], [ -98.136628, 29.480945 ], [ -98.136508, 29.480659 ], [ -98.13634, 29.480351 ], [ -98.13614, 29.480147 ], [ -98.135876, 29.479859 ], [ -98.135308, 29.479535 ], [ -98.13494, 29.479397 ], [ -98.13466, 29.479307 ], [ -98.1343, 29.479315 ], [ -98.134129, 29.479426 ], [ -98.134208, 29.479259 ] ] ], [ [ [ -98.135407, 29.48377 ], [ -98.135583, 29.484161 ], [ -98.136274, 29.484288 ], [ -98.13718, 29.484239 ], [ -98.137715, 29.483694 ], [ -98.138645, 29.483188 ], [ -98.138702, 29.483001 ], [ -98.139073, 29.482699 ], [ -98.139614, 29.482485 ], [ -98.139809, 29.482589 ], [ -98.139696, 29.482804 ], [ -98.139733, 29.483095 ], [ -98.139966, 29.48359 ], [ -98.140085, 29.483756 ], [ -98.140368, 29.483877 ], [ -98.140588, 29.484229 ], [ -98.14038, 29.484339 ], [ -98.140141, 29.484223 ], [ -98.139933, 29.484282 ], [ -98.139708, 29.484179 ], [ -98.139532, 29.483969 ], [ -98.139468, 29.483753 ], [ -98.139396, 29.483589 ], [ -98.139228, 29.483337 ], [ -98.139092, 29.483185 ], [ -98.138732, 29.483273 ], [ -98.13834, 29.483617 ], [ -98.137868, 29.484109 ], [ -98.137428, 29.484525 ], [ -98.136972, 29.484759 ], [ -98.136468, 29.484987 ], [ -98.135828, 29.484995 ], [ -98.135324, 29.484769 ], [ -98.135044, 29.484485 ], [ -98.134956, 29.484115 ], [ -98.135068, 29.483767 ], [ -98.135412, 29.483449 ], [ -98.135448, 29.483433 ], [ -98.135407, 29.48377 ] ] ], [ [ [ -98.139361, 29.485092 ], [ -98.139499, 29.485554 ], [ -98.13987, 29.485802 ], [ -98.141291, 29.486402 ], [ -98.142416, 29.486496 ], [ -98.142932, 29.486419 ], [ -98.143148, 29.486181 ], [ -98.143252, 29.486231 ], [ -98.143284, 29.486405 ], [ -98.14318, 29.486589 ], [ -98.142932, 29.486759 ], [ -98.142484, 29.486995 ], [ -98.141916, 29.487183 ], [ -98.1413, 29.486969 ], [ -98.140404, 29.486775 ], [ -98.13986, 29.486487 ], [ -98.139276, 29.486131 ], [ -98.138996, 29.485789 ], [ -98.13894, 29.485437 ], [ -98.139068, 29.485097 ], [ -98.139348, 29.484813 ], [ -98.139517, 29.484761 ], [ -98.139361, 29.485092 ] ] ], [ [ [ -98.142562, 29.484631 ], [ -98.142751, 29.484087 ], [ -98.143122, 29.484015 ], [ -98.14442, 29.484227 ], [ -98.144348, 29.484369 ], [ -98.14402, 29.484579 ], [ -98.14342, 29.484677 ], [ -98.14298, 29.484655 ], [ -98.14261, 29.484868 ], [ -98.142562, 29.484631 ] ] ], [ [ [ -98.143501, 29.478789 ], [ -98.143879, 29.478349 ], [ -98.144237, 29.478135 ], [ -98.145149, 29.47792 ], [ -98.14613, 29.477547 ], [ -98.147218, 29.476947 ], [ -98.148004, 29.47637 ], [ -98.149532, 29.475771 ], [ -98.150023, 29.475672 ], [ -98.150438, 29.475755 ], [ -98.150997, 29.476283 ], [ -98.150594, 29.477174 ], [ -98.150682, 29.478181 ], [ -98.150405, 29.478648 ], [ -98.150265, 29.479608 ], [ -98.150164, 29.479757 ], [ -98.150568, 29.48048 ], [ -98.150901, 29.480607 ], [ -98.151184, 29.480563 ], [ -98.151291, 29.480458 ], [ -98.151675, 29.479831 ], [ -98.151945, 29.479056 ], [ -98.152417, 29.478621 ], [ -98.154171, 29.477868 ], [ -98.154549, 29.477791 ], [ -98.155762, 29.477814 ], [ -98.156818, 29.478265 ], [ -98.158704, 29.478661 ], [ -98.159166, 29.478607 ], [ -98.158916, 29.478935 ], [ -98.158652, 29.479109 ], [ -98.1585, 29.479155 ], [ -98.157644, 29.478977 ], [ -98.156868, 29.478789 ], [ -98.156124, 29.478547 ], [ -98.155324, 29.478237 ], [ -98.154652, 29.478105 ], [ -98.154036, 29.478293 ], [ -98.153484, 29.478479 ], [ -98.152764, 29.478713 ], [ -98.152316, 29.479071 ], [ -98.1519, 29.479601 ], [ -98.151404, 29.480329 ], [ -98.15114, 29.480793 ], [ -98.150876, 29.481087 ], [ -98.1505, 29.481067 ], [ -98.150284, 29.480917 ], [ -98.150252, 29.480833 ], [ -98.149964, 29.480583 ], [ -98.14994, 29.480273 ], [ -98.149932, 29.479941 ], [ -98.150004, 29.479693 ], [ -98.149964, 29.479519 ], [ -98.1501, 29.479073 ], [ -98.150316, 29.478707 ], [ -98.150436, 29.478411 ], [ -98.150396, 29.478233 ], [ -98.150356, 29.478091 ], [ -98.150345, 29.478028 ], [ -98.1503, 29.477761 ], [ -98.150276, 29.477269 ], [ -98.15038, 29.476985 ], [ -98.150372, 29.476489 ], [ -98.150052, 29.476345 ], [ -98.14918, 29.476411 ], [ -98.14822, 29.476695 ], [ -98.147556, 29.477053 ], [ -98.146612, 29.477505 ], [ -98.146004, 29.477855 ], [ -98.145796, 29.477935 ], [ -98.145276, 29.478115 ], [ -98.144884, 29.478263 ], [ -98.14446, 29.478463 ], [ -98.144156, 29.478583 ], [ -98.14382, 29.478755 ], [ -98.143596, 29.478933 ], [ -98.143308, 29.479135 ], [ -98.143501, 29.478789 ] ] ], [ [ [ -98.159446, 29.478376 ], [ -98.159491, 29.478068 ], [ -98.159767, 29.477914 ], [ -98.160805, 29.477848 ], [ -98.161251, 29.477721 ], [ -98.161961, 29.477865 ], [ -98.162986, 29.477826 ], [ -98.163973, 29.477931 ], [ -98.164646, 29.478096 ], [ -98.166092, 29.478922 ], [ -98.166796, 29.479774 ], [ -98.166915, 29.481155 ], [ -98.166891, 29.481439 ], [ -98.166757, 29.480983 ], [ -98.166709, 29.480607 ], [ -98.166661, 29.480349 ], [ -98.166581, 29.479939 ], [ -98.166381, 29.479735 ], [ -98.166085, 29.479279 ], [ -98.165716, 29.478965 ], [ -98.165284, 29.478679 ], [ -98.164759, 29.478429 ], [ -98.16462, 29.478363 ], [ -98.163996, 29.478233 ], [ -98.163412, 29.478313 ], [ -98.162812, 29.478353 ], [ -98.161996, 29.478245 ], [ -98.161108, 29.478129 ], [ -98.16022, 29.478061 ], [ -98.159692, 29.478249 ], [ -98.15944, 29.478382 ], [ -98.159446, 29.478376 ] ] ], [ [ [ -98.16684, 29.482041 ], [ -98.166984, 29.482426 ], [ -98.167015, 29.482894 ], [ -98.167468, 29.483967 ], [ -98.167877, 29.484341 ], [ -98.168153, 29.484748 ], [ -98.168318, 29.485527 ], [ -98.168237, 29.485374 ], [ -98.167965, 29.485058 ], [ -98.167709, 29.484788 ], [ -98.167565, 29.484668 ], [ -98.167385, 29.484463 ], [ -98.167349, 29.484339 ], [ -98.167285, 29.484027 ], [ -98.167221, 29.483779 ], [ -98.167101, 29.483413 ], [ -98.166989, 29.483243 ], [ -98.166885, 29.482797 ], [ -98.166853, 29.482517 ], [ -98.166853, 29.482243 ], [ -98.166799, 29.481955 ], [ -98.166781, 29.481859 ], [ -98.166837, 29.481651 ], [ -98.166884, 29.481521 ], [ -98.16684, 29.482041 ] ] ], [ [ [ -98.168775, 29.487097 ], [ -98.168674, 29.487312 ], [ -98.168309, 29.487462 ], [ -98.168557, 29.48688 ], [ -98.168569, 29.486504 ], [ -98.168775, 29.487097 ] ] ], [ [ [ -98.167265, 29.489319 ], [ -98.166894, 29.489776 ], [ -98.167334, 29.490612 ], [ -98.167718, 29.490821 ], [ -98.168073, 29.490871 ], [ -98.168296, 29.491174 ], [ -98.168095, 29.493 ], [ -98.168201, 29.493913 ], [ -98.168522, 29.494843 ], [ -98.168522, 29.495289 ], [ -98.168314, 29.495806 ], [ -98.168352, 29.496158 ], [ -98.168685, 29.496703 ], [ -98.169169, 29.497055 ], [ -98.169257, 29.497445 ], [ -98.169716, 29.497748 ], [ -98.170238, 29.497869 ], [ -98.170751, 29.497661 ], [ -98.170261, 29.497926 ], [ -98.169309, 29.497742 ], [ -98.168877, 29.497504 ], [ -98.168453, 29.496952 ], [ -98.168221, 29.496448 ], [ -98.168133, 29.49574 ], [ -98.168197, 29.495306 ], [ -98.168197, 29.49472 ], [ -98.168085, 29.494216 ], [ -98.167997, 29.493504 ], [ -98.168061, 29.492702 ], [ -98.168133, 29.491802 ], [ -98.168061, 29.49141 ], [ -98.167893, 29.491216 ], [ -98.167437, 29.490926 ], [ -98.166893, 29.490606 ], [ -98.166725, 29.490262 ], [ -98.166837, 29.489796 ], [ -98.167069, 29.489304 ], [ -98.167317, 29.489008 ], [ -98.167475, 29.488754 ], [ -98.167265, 29.489319 ] ] ], [ [ [ -98.171273, 29.49713 ], [ -98.171125, 29.497458 ], [ -98.17077, 29.497651 ], [ -98.171273, 29.49713 ] ] ], [ [ [ -98.171786, 29.495421 ], [ -98.171905, 29.495135 ], [ -98.172207, 29.494635 ], [ -98.172471, 29.494514 ], [ -98.172792, 29.494519 ], [ -98.172848, 29.494332 ], [ -98.173257, 29.494585 ], [ -98.173182, 29.495284 ], [ -98.173339, 29.496173 ], [ -98.173772, 29.496632 ], [ -98.175414, 29.496604 ], [ -98.176344, 29.496693 ], [ -98.177634, 29.497424 ], [ -98.178306, 29.497655 ], [ -98.179256, 29.497535 ], [ -98.180734, 29.497051 ], [ -98.180885, 29.497045 ], [ -98.181224, 29.497342 ], [ -98.181551, 29.497397 ], [ -98.183092, 29.49666 ], [ -98.183746, 29.496121 ], [ -98.18401, 29.495142 ], [ -98.184475, 29.494297 ], [ -98.184469, 29.494328 ], [ -98.184229, 29.49484 ], [ -98.184149, 29.495268 ], [ -98.183925, 29.495874 ], [ -98.183749, 29.49633 ], [ -98.183405, 29.496768 ], [ -98.183005, 29.497014 ], [ -98.182653, 29.497134 ], [ -98.182181, 29.497268 ], [ -98.181485, 29.497566 ], [ -98.180933, 29.497494 ], [ -98.180117, 29.497504 ], [ -98.179245, 29.497678 ], [ -98.178541, 29.497738 ], [ -98.177325, 29.497516 ], [ -98.176605, 29.49727 ], [ -98.175989, 29.496936 ], [ -98.175309, 29.496864 ], [ -98.174277, 29.496822 ], [ -98.173461, 29.496766 ], [ -98.173085, 29.496032 ], [ -98.172933, 29.495172 ], [ -98.172237, 29.495166 ], [ -98.171862, 29.495647 ], [ -98.171786, 29.495421 ] ] ], [ [ [ -98.176931, 29.485404 ], [ -98.176994, 29.485024 ], [ -98.177252, 29.484667 ], [ -98.178025, 29.484447 ], [ -98.179679, 29.484623 ], [ -98.180062, 29.484502 ], [ -98.180358, 29.484513 ], [ -98.181515, 29.484805 ], [ -98.182879, 29.484849 ], [ -98.183401, 29.485003 ], [ -98.183778, 29.485289 ], [ -98.183923, 29.485674 ], [ -98.184105, 29.485756 ], [ -98.1843, 29.485701 ], [ -98.184954, 29.486114 ], [ -98.185093, 29.486094 ], [ -98.186891, 29.487451 ], [ -98.187186, 29.488045 ], [ -98.1876, 29.488217 ], [ -98.187721, 29.488832 ], [ -98.187878, 29.488953 ], [ -98.188664, 29.490207 ], [ -98.188696, 29.491196 ], [ -98.188637, 29.491108 ], [ -98.188485, 29.490588 ], [ -98.188389, 29.490244 ], [ -98.188229, 29.489886 ], [ -98.187949, 29.489514 ], [ -98.187837, 29.489112 ], [ -98.187477, 29.48849 ], [ -98.187165, 29.488156 ], [ -98.186693, 29.487662 ], [ -98.186093, 29.487094 ], [ -98.185309, 29.486672 ], [ -98.184985, 29.486462 ], [ -98.184781, 29.486336 ], [ -98.184261, 29.486116 ], [ -98.183685, 29.48577 ], [ -98.183205, 29.485438 ], [ -98.182717, 29.485246 ], [ -98.181901, 29.485086 ], [ -98.181317, 29.485042 ], [ -98.180909, 29.48501 ], [ -98.180333, 29.484876 ], [ -98.179637, 29.484834 ], [ -98.178693, 29.484848 ], [ -98.177716, 29.484875 ], [ -98.177669, 29.484876 ], [ -98.177277, 29.485004 ], [ -98.177085, 29.485262 ], [ -98.177045, 29.485346 ], [ -98.176956, 29.485512 ], [ -98.176931, 29.485404 ] ] ], [ [ [ -98.189544, 29.491929 ], [ -98.189972, 29.492848 ], [ -98.19016, 29.493596 ], [ -98.190211, 29.494658 ], [ -98.189921, 29.495246 ], [ -98.189909, 29.495896 ], [ -98.18955, 29.497232 ], [ -98.189129, 29.498184 ], [ -98.188784, 29.498467 ], [ -98.188861, 29.498362 ], [ -98.188997, 29.497942 ], [ -98.189237, 29.497574 ], [ -98.189405, 29.497366 ], [ -98.189493, 29.497074 ], [ -98.189733, 29.49641 ], [ -98.189821, 29.496118 ], [ -98.189877, 29.495844 ], [ -98.189869, 29.495168 ], [ -98.189933, 29.494786 ], [ -98.189981, 29.494358 ], [ -98.190045, 29.493842 ], [ -98.189985, 29.493362 ], [ -98.189989, 29.493288 ], [ -98.189861, 29.492948 ], [ -98.189653, 29.49259 ], [ -98.189405, 29.492136 ], [ -98.189173, 29.491802 ], [ -98.18892, 29.491513 ], [ -98.189544, 29.491929 ] ] ], [ [ [ -98.188293, 29.499417 ], [ -98.187744, 29.499836 ], [ -98.187861, 29.499728 ], [ -98.188077, 29.499452 ], [ -98.188245, 29.499302 ], [ -98.188383, 29.499119 ], [ -98.188293, 29.499417 ] ] ], [ [ [ -98.186697, 29.502313 ], [ -98.187408, 29.50327 ], [ -98.18886, 29.504352 ], [ -98.189256, 29.504871 ], [ -98.189045, 29.504728 ], [ -98.188509, 29.504424 ], [ -98.187893, 29.504004 ], [ -98.187437, 29.503768 ], [ -98.187085, 29.503384 ], [ -98.186765, 29.502708 ], [ -98.186637, 29.50225 ], [ -98.186567, 29.502086 ], [ -98.186697, 29.502313 ] ] ], [ [ [ -98.189908, 29.505724 ], [ -98.19024, 29.506457 ], [ -98.19032, 29.507069 ], [ -98.190713, 29.507546 ], [ -98.190773, 29.507886 ], [ -98.190618, 29.508659 ], [ -98.190751, 29.509048 ], [ -98.190921, 29.509206 ], [ -98.190955, 29.509556 ], [ -98.191823, 29.5098 ], [ -98.192549, 29.510145 ], [ -98.194099, 29.510247 ], [ -98.195065, 29.51072 ], [ -98.194961, 29.510944 ], [ -98.195301, 29.511115 ], [ -98.19549, 29.51106 ], [ -98.195523, 29.510654 ], [ -98.195683, 29.510415 ], [ -98.195919, 29.510275 ], [ -98.195899, 29.510108 ], [ -98.196339, 29.51002 ], [ -98.196421, 29.509915 ], [ -98.197704, 29.509701 ], [ -98.197924, 29.509574 ], [ -98.197902, 29.509401 ], [ -98.198009, 29.509369 ], [ -98.198581, 29.50937 ], [ -98.1991, 29.509477 ], [ -98.199401, 29.509666 ], [ -98.199795, 29.510113 ], [ -98.200043, 29.510769 ], [ -98.199821, 29.510539 ], [ -98.199629, 29.510413 ], [ -98.199325, 29.510089 ], [ -98.198885, 29.509863 ], [ -98.198413, 29.509689 ], [ -98.197845, 29.509707 ], [ -98.197245, 29.509843 ], [ -98.196741, 29.510061 ], [ -98.196461, 29.510279 ], [ -98.195885, 29.510643 ], [ -98.195685, 29.511003 ], [ -98.195453, 29.511345 ], [ -98.195101, 29.511483 ], [ -98.194909, 29.51145 ], [ -98.194645, 29.511405 ], [ -98.194069, 29.511183 ], [ -98.193653, 29.510849 ], [ -98.193301, 29.510595 ], [ -98.192909, 29.510453 ], [ -98.192613, 29.510383 ], [ -98.191845, 29.510527 ], [ -98.191413, 29.510391 ], [ -98.190821, 29.510297 ], [ -98.190309, 29.510123 ], [ -98.190093, 29.509848 ], [ -98.190205, 29.509172 ], [ -98.190373, 29.508638 ], [ -98.190485, 29.508262 ], [ -98.190605, 29.5081 ], [ -98.190509, 29.507774 ], [ -98.190253, 29.507164 ], [ -98.190077, 29.506576 ], [ -98.189853, 29.505948 ], [ -98.189653, 29.50541 ], [ -98.189616, 29.505342 ], [ -98.189908, 29.505724 ] ] ], [ [ [ -98.200232, 29.511268 ], [ -98.200226, 29.511353 ], [ -98.200185, 29.511261 ], [ -98.200176, 29.511122 ], [ -98.200232, 29.511268 ] ] ], [ [ [ -98.199717, 29.513563 ], [ -98.199566, 29.513693 ], [ -98.199733, 29.513453 ], [ -98.199741, 29.513434 ], [ -98.199717, 29.513563 ] ] ], [ [ [ -98.19749, 29.516396 ], [ -98.198277, 29.516759 ], [ -98.198409, 29.517194 ], [ -98.198579, 29.517331 ], [ -98.199478, 29.51726 ], [ -98.20034, 29.516775 ], [ -98.20151, 29.516748 ], [ -98.202082, 29.517017 ], [ -98.202541, 29.517782 ], [ -98.20243, 29.517927 ], [ -98.202381, 29.517835 ], [ -98.202013, 29.517549 ], [ -98.201669, 29.517291 ], [ -98.201277, 29.517179 ], [ -98.200669, 29.517143 ], [ -98.200037, 29.517275 ], [ -98.199813, 29.517401 ], [ -98.199413, 29.517621 ], [ -98.199029, 29.517649 ], [ -98.198605, 29.517625 ], [ -98.198365, 29.517509 ], [ -98.197917, 29.517073 ], [ -98.197485, 29.516899 ], [ -98.197133, 29.516591 ], [ -98.197029, 29.516279 ], [ -98.197013, 29.515955 ], [ -98.196925, 29.515699 ], [ -98.196909, 29.515699 ], [ -98.196896, 29.515652 ], [ -98.19749, 29.516396 ] ] ], [ [ [ -98.201447, 29.519713 ], [ -98.202523, 29.520384 ], [ -98.202888, 29.520406 ], [ -98.204787, 29.522155 ], [ -98.205542, 29.522304 ], [ -98.208096, 29.522435 ], [ -98.208411, 29.522534 ], [ -98.209134, 29.523013 ], [ -98.210071, 29.523381 ], [ -98.21055, 29.523398 ], [ -98.211449, 29.523271 ], [ -98.212701, 29.522891 ], [ -98.214147, 29.522929 ], [ -98.21438, 29.523045 ], [ -98.214808, 29.523617 ], [ -98.215173, 29.523804 ], [ -98.215431, 29.524073 ], [ -98.216136, 29.524359 ], [ -98.216444, 29.524299 ], [ -98.217104, 29.523672 ], [ -98.217519, 29.523561 ], [ -98.217947, 29.523583 ], [ -98.218475, 29.523374 ], [ -98.21884, 29.52355 ], [ -98.219155, 29.523935 ], [ -98.21917, 29.524061 ], [ -98.218982, 29.523859 ], [ -98.218406, 29.523881 ], [ -98.217726, 29.524019 ], [ -98.217678, 29.524019 ], [ -98.217186, 29.524161 ], [ -98.216758, 29.524401 ], [ -98.216302, 29.524659 ], [ -98.215694, 29.524585 ], [ -98.21503, 29.524193 ], [ -98.214406, 29.523671 ], [ -98.214206, 29.523529 ], [ -98.21335, 29.523395 ], [ -98.212686, 29.523519 ], [ -98.212254, 29.523587 ], [ -98.211366, 29.523731 ], [ -98.21059, 29.523925 ], [ -98.210062, 29.523879 ], [ -98.20947, 29.523713 ], [ -98.20907, 29.523509 ], [ -98.208886, 29.523417 ], [ -98.208586, 29.523061 ], [ -98.208446, 29.522899 ], [ -98.208118, 29.522893 ], [ -98.20767, 29.522777 ], [ -98.207158, 29.522811 ], [ -98.206574, 29.522719 ], [ -98.205878, 29.522723 ], [ -98.205406, 29.522695 ], [ -98.205006, 29.522727 ], [ -98.204638, 29.522489 ], [ -98.204149, 29.522257 ], [ -98.204093, 29.522167 ], [ -98.203685, 29.521797 ], [ -98.203389, 29.521453 ], [ -98.203029, 29.521183 ], [ -98.202717, 29.520907 ], [ -98.202357, 29.520653 ], [ -98.201981, 29.520457 ], [ -98.201709, 29.520283 ], [ -98.201501, 29.520139 ], [ -98.201373, 29.519969 ], [ -98.201413, 29.519653 ], [ -98.201434, 29.519635 ], [ -98.201447, 29.519713 ] ] ], [ [ [ -98.218923, 29.527682 ], [ -98.219395, 29.528595 ], [ -98.219873, 29.528974 ], [ -98.21978, 29.529354 ], [ -98.219675, 29.52922 ], [ -98.219406, 29.528879 ], [ -98.21911, 29.528451 ], [ -98.21887, 29.527923 ], [ -98.218758, 29.527243 ], [ -98.218758, 29.527205 ], [ -98.218923, 29.527682 ] ] ], [ [ [ -98.221365, 29.531665 ], [ -98.221391, 29.53205 ], [ -98.22177, 29.533002 ], [ -98.22171, 29.532917 ], [ -98.221414, 29.532415 ], [ -98.221166, 29.531699 ], [ -98.221086, 29.531225 ], [ -98.221111, 29.53117 ], [ -98.221365, 29.531665 ] ] ], [ [ [ -98.229749, 29.54294 ], [ -98.229463, 29.543406 ], [ -98.229062, 29.543441 ], [ -98.228193, 29.543838 ], [ -98.225988, 29.543923 ], [ -98.225337, 29.543835 ], [ -98.22537, 29.543695 ], [ -98.225075, 29.543541 ], [ -98.224521, 29.543447 ], [ -98.223691, 29.543673 ], [ -98.22225, 29.543729 ], [ -98.221916, 29.543822 ], [ -98.221791, 29.544323 ], [ -98.221364, 29.544365 ], [ -98.221486, 29.54426 ], [ -98.221675, 29.543955 ], [ -98.221782, 29.543782 ], [ -98.222206, 29.543502 ], [ -98.22267, 29.543352 ], [ -98.223686, 29.54313 ], [ -98.22415, 29.543154 ], [ -98.224586, 29.54326 ], [ -98.224782, 29.543236 ], [ -98.225286, 29.54326 ], [ -98.225542, 29.543272 ], [ -98.226646, 29.543362 ], [ -98.227446, 29.543358 ], [ -98.22815, 29.54341 ], [ -98.228854, 29.543312 ], [ -98.229414, 29.54303 ], [ -98.229701, 29.542785 ], [ -98.229749, 29.54294 ] ] ], [ [ [ -98.226894, 29.547512 ], [ -98.227113, 29.547146 ], [ -98.227275, 29.547087 ], [ -98.227186, 29.54726 ], [ -98.227094, 29.547606 ], [ -98.227046, 29.547968 ], [ -98.226998, 29.548418 ], [ -98.22691, 29.548686 ], [ -98.226812, 29.54883 ], [ -98.226894, 29.547512 ] ] ], [ [ [ -98.236632, 29.555899 ], [ -98.237752, 29.55608 ], [ -98.23829, 29.556321 ], [ -98.238055, 29.55627 ], [ -98.237094, 29.556064 ], [ -98.236686, 29.55596 ], [ -98.23611, 29.55575 ], [ -98.235756, 29.555577 ], [ -98.236632, 29.555899 ] ] ], [ [ [ -98.241188, 29.556486 ], [ -98.242032, 29.556802 ], [ -98.241006, 29.556728 ], [ -98.239717, 29.556556 ], [ -98.241188, 29.556486 ] ] ], [ [ [ -98.244995, 29.556605 ], [ -98.245479, 29.556302 ], [ -98.246183, 29.556049 ], [ -98.246885, 29.555967 ], [ -98.246791, 29.55602 ], [ -98.245887, 29.55646 ], [ -98.245727, 29.556552 ], [ -98.245439, 29.556626 ], [ -98.244639, 29.556776 ], [ -98.244194, 29.556803 ], [ -98.244995, 29.556605 ] ] ], [ [ [ -98.248906, 29.551751 ], [ -98.248937, 29.551399 ], [ -98.249553, 29.550695 ], [ -98.250173, 29.550282 ], [ -98.250281, 29.550238 ], [ -98.250151, 29.550354 ], [ -98.249831, 29.550746 ], [ -98.249415, 29.551218 ], [ -98.249207, 29.551518 ], [ -98.248991, 29.551904 ], [ -98.248963, 29.552042 ], [ -98.248906, 29.551751 ] ] ], [ [ [ -98.255369, 29.552337 ], [ -98.255033, 29.552548 ], [ -98.255039, 29.552498 ], [ -98.255299, 29.552199 ], [ -98.255369, 29.552337 ] ] ], [ [ [ -98.259305, 29.553062 ], [ -98.259628, 29.552455 ], [ -98.259383, 29.553342 ], [ -98.259146, 29.55391 ], [ -98.259305, 29.553062 ] ] ], [ [ [ -98.259748, 29.551706 ], [ -98.259698, 29.550925 ], [ -98.259799, 29.550446 ], [ -98.260108, 29.55005 ], [ -98.260083, 29.549626 ], [ -98.259882, 29.549401 ], [ -98.259821, 29.548588 ], [ -98.259593, 29.54825 ], [ -98.259378, 29.547492 ], [ -98.258977, 29.54687 ], [ -98.257814, 29.545719 ], [ -98.257682, 29.54567 ], [ -98.257285, 29.545775 ], [ -98.256147, 29.545356 ], [ -98.25516, 29.544684 ], [ -98.254064, 29.544315 ], [ -98.253889, 29.544216 ], [ -98.252995, 29.54317 ], [ -98.253072, 29.542582 ], [ -98.253783, 29.541114 ], [ -98.254444, 29.540657 ], [ -98.254643, 29.540593 ], [ -98.254407, 29.540806 ], [ -98.254159, 29.541374 ], [ -98.254039, 29.541918 ], [ -98.253815, 29.542366 ], [ -98.253787, 29.54276 ], [ -98.253895, 29.543052 ], [ -98.254031, 29.543346 ], [ -98.254319, 29.543758 ], [ -98.254759, 29.54417 ], [ -98.255479, 29.544466 ], [ -98.256095, 29.5449 ], [ -98.257087, 29.54496 ], [ -98.257255, 29.544946 ], [ -98.257775, 29.545242 ], [ -98.258527, 29.545696 ], [ -98.258967, 29.546186 ], [ -98.259319, 29.546832 ], [ -98.259495, 29.547282 ], [ -98.259791, 29.547772 ], [ -98.259983, 29.548204 ], [ -98.260271, 29.548654 ], [ -98.260587, 29.54926 ], [ -98.260383, 29.549568 ], [ -98.260357, 29.5497 ], [ -98.260311, 29.54993 ], [ -98.260258, 29.550131 ], [ -98.260135, 29.550602 ], [ -98.260066, 29.550842 ], [ -98.259895, 29.55144 ], [ -98.259845, 29.551632 ], [ -98.259655, 29.552358 ], [ -98.259629, 29.552452 ], [ -98.259748, 29.551706 ] ] ], [ [ [ -98.284337, 29.55337 ], [ -98.285079, 29.554112 ], [ -98.285538, 29.554768 ], [ -98.285803, 29.555983 ], [ -98.285784, 29.556379 ], [ -98.285715, 29.556434 ], [ -98.284688, 29.55456 ], [ -98.284388, 29.55396 ], [ -98.283253, 29.552988 ], [ -98.284337, 29.55337 ] ] ], [ [ [ -98.295725, 29.561057 ], [ -98.296205, 29.560991 ], [ -98.295541, 29.561147 ], [ -98.295725, 29.561057 ] ] ], [ [ [ -98.296669, 29.560728 ], [ -98.296788, 29.560853 ], [ -98.29634, 29.560959 ], [ -98.296669, 29.560728 ] ] ], [ [ [ -98.297405, 29.560815 ], [ -98.297795, 29.560882 ], [ -98.297851, 29.560936 ], [ -98.297402, 29.560816 ], [ -98.297405, 29.560815 ] ] ], [ [ [ -98.298658, 29.564067 ], [ -98.299108, 29.565772 ], [ -98.29943, 29.566347 ], [ -98.299188, 29.566159 ], [ -98.298588, 29.564359 ], [ -98.298634, 29.564021 ], [ -98.298658, 29.564067 ] ] ], [ [ [ -98.302545, 29.569893 ], [ -98.302923, 29.571588 ], [ -98.302942, 29.571972 ], [ -98.302678, 29.573009 ], [ -98.302488, 29.570159 ], [ -98.302191, 29.569395 ], [ -98.302031, 29.568983 ], [ -98.302545, 29.569893 ] ] ], [ [ [ -98.302921, 29.574683 ], [ -98.303129, 29.574977 ], [ -98.302888, 29.574759 ], [ -98.302788, 29.574459 ], [ -98.302779, 29.574346 ], [ -98.302921, 29.574683 ] ] ], [ [ [ -98.30481, 29.576115 ], [ -98.305204, 29.576467 ], [ -98.304988, 29.576359 ], [ -98.30388, 29.575655 ], [ -98.303274, 29.575108 ], [ -98.30481, 29.576115 ] ] ], [ [ [ -98.305847, 29.577444 ], [ -98.306144, 29.57864 ], [ -98.305956, 29.579455 ], [ -98.305779, 29.579631 ], [ -98.30514, 29.580956 ], [ -98.304962, 29.581212 ], [ -98.305888, 29.579359 ], [ -98.306064, 29.578741 ], [ -98.305888, 29.577959 ], [ -98.30572, 29.577239 ], [ -98.305481, 29.576751 ], [ -98.305847, 29.577444 ] ] ], [ [ [ -98.303874, 29.583797 ], [ -98.303788, 29.583559 ], [ -98.303829, 29.583476 ], [ -98.303874, 29.583797 ] ] ], [ [ [ -98.304525, 29.585297 ], [ -98.304288, 29.585059 ], [ -98.304253, 29.584918 ], [ -98.304525, 29.585297 ] ] ], [ [ [ -98.310644, 29.589187 ], [ -98.310776, 29.589295 ], [ -98.310474, 29.589099 ], [ -98.310644, 29.589187 ] ] ], [ [ [ -98.311677, 29.590128 ], [ -98.311952, 29.590562 ], [ -98.312066, 29.590859 ], [ -98.312021, 29.591502 ], [ -98.311909, 29.591783 ], [ -98.3115, 29.592108 ], [ -98.311216, 29.592538 ], [ -98.311091, 29.592944 ], [ -98.311083, 29.593955 ], [ -98.310987, 29.594294 ], [ -98.310976, 29.59291 ], [ -98.311168, 29.591142 ], [ -98.311452, 29.589914 ], [ -98.311677, 29.590128 ] ] ] ] } },
{ "type": "Feature", "properties": { "OBJECTID_1": 10, "District": 10, "Shape__Area": 657022664120.854, "Shape__Length": 8129015.7610142203, "OBJECTID_2": 1, "ID": 1, "FIPSSTCO": "48029", "NAME": "Bexar County", "ICOMAPATTR": "x", "SHAPESTArea": 35025204908.119141, "SHAPESTLength": 923728.01036523399 }, "geometry": { "type": "MultiPolygon", "coordinates": [ [ [ [ -98.310993, 29.595351 ], [ -98.310968, 29.594792 ], [ -98.310971, 29.594742 ], [ -98.311022, 29.595122 ], [ -98.310993, 29.595351 ] ] ], [ [ [ -98.32137, 29.602242 ], [ -98.322937, 29.602565 ], [ -98.324174, 29.602893 ], [ -98.325481, 29.603376 ], [ -98.326162, 29.603952 ], [ -98.326338, 29.604528 ], [ -98.326754, 29.604891 ], [ -98.324689, 29.603858 ], [ -98.318332, 29.602042 ], [ -98.319463, 29.602003 ], [ -98.32137, 29.602242 ] ] ], [ [ [ -98.345631, 29.62001 ], [ -98.344763, 29.621058 ], [ -98.343775, 29.621334 ], [ -98.343268, 29.621582 ], [ -98.343329, 29.621499 ], [ -98.343673, 29.621263 ], [ -98.344529, 29.620923 ], [ -98.345001, 29.620525 ], [ -98.345329, 29.620235 ], [ -98.345681, 29.619595 ], [ -98.345684, 29.619428 ], [ -98.345699, 29.619497 ], [ -98.345631, 29.62001 ] ] ], [ [ [ -98.340832, 29.627618 ], [ -98.340748, 29.62791 ], [ -98.340777, 29.627671 ], [ -98.341009, 29.627105 ], [ -98.341409, 29.626353 ], [ -98.341945, 29.625753 ], [ -98.342233, 29.625319 ], [ -98.342295, 29.625207 ], [ -98.342279, 29.625565 ], [ -98.340832, 29.627618 ] ] ], [ [ [ -98.347626, 29.645023 ], [ -98.345945, 29.647565 ], [ -98.344478, 29.649425 ], [ -98.343785, 29.650444 ], [ -98.343841, 29.650308 ], [ -98.347569, 29.644796 ], [ -98.347722, 29.644533 ], [ -98.347714, 29.644764 ], [ -98.347626, 29.645023 ] ] ], [ [ [ -98.38306, 29.679196 ], [ -98.383242, 29.679045 ], [ -98.383594, 29.678833 ], [ -98.383898, 29.678619 ], [ -98.384154, 29.678407 ], [ -98.384339, 29.678159 ], [ -98.384172, 29.678552 ], [ -98.38306, 29.679196 ] ] ], [ [ [ -98.381789, 29.68046 ], [ -98.381392, 29.680636 ], [ -98.380932, 29.680669 ], [ -98.380491, 29.680949 ], [ -98.380296, 29.680938 ], [ -98.380063, 29.681092 ], [ -98.379779, 29.681483 ], [ -98.378972, 29.681906 ], [ -98.378474, 29.681994 ], [ -98.378008, 29.682252 ], [ -98.377472, 29.682714 ], [ -98.376873, 29.684001 ], [ -98.376809, 29.68498 ], [ -98.376323, 29.68706 ], [ -98.376442, 29.688138 ], [ -98.376622, 29.6885 ], [ -98.376649, 29.688656 ], [ -98.376482, 29.688321 ], [ -98.376138, 29.687339 ], [ -98.37609, 29.686955 ], [ -98.37589, 29.686045 ], [ -98.37599, 29.684755 ], [ -98.376018, 29.684487 ], [ -98.376754, 29.682361 ], [ -98.37699, 29.682155 ], [ -98.37833, 29.681113 ], [ -98.37939, 29.680655 ], [ -98.379946, 29.680329 ], [ -98.382634, 29.679423 ], [ -98.382861, 29.679322 ], [ -98.38202, 29.68009 ], [ -98.381789, 29.68046 ] ] ], [ [ [ -98.380879, 29.696832 ], [ -98.380796, 29.698081 ], [ -98.380666, 29.698795 ], [ -98.38061, 29.698172 ], [ -98.38081, 29.696472 ], [ -98.380633, 29.695525 ], [ -98.380709, 29.695748 ], [ -98.380879, 29.696832 ] ] ], [ [ [ -98.380929, 29.701918 ], [ -98.380383, 29.703725 ], [ -98.380169, 29.703934 ], [ -98.378391, 29.704814 ], [ -98.377118, 29.705671 ], [ -98.375882, 29.70622 ], [ -98.375076, 29.706374 ], [ -98.374013, 29.706173 ], [ -98.373281, 29.705777 ], [ -98.373072, 29.705564 ], [ -98.371282, 29.705005 ], [ -98.370407, 29.704997 ], [ -98.37001, 29.704909 ], [ -98.367937, 29.70568 ], [ -98.367351, 29.705691 ], [ -98.367317, 29.705626 ], [ -98.366073, 29.705836 ], [ -98.363929, 29.705904 ], [ -98.363034, 29.706013 ], [ -98.362335, 29.705975 ], [ -98.361441, 29.705682 ], [ -98.360761, 29.705348 ], [ -98.359683, 29.704641 ], [ -98.358358, 29.704165 ], [ -98.358075, 29.704161 ], [ -98.357228, 29.703917 ], [ -98.355888, 29.703836 ], [ -98.354565, 29.703869 ], [ -98.354174, 29.70409 ], [ -98.353537, 29.704167 ], [ -98.353093, 29.704384 ], [ -98.351794, 29.704735 ], [ -98.353818, 29.70385 ], [ -98.355434, 29.703742 ], [ -98.356826, 29.703592 ], [ -98.358842, 29.703898 ], [ -98.361258, 29.705446 ], [ -98.36237, 29.705784 ], [ -98.366762, 29.70541 ], [ -98.37033, 29.704582 ], [ -98.37229, 29.705086 ], [ -98.37499, 29.706054 ], [ -98.377282, 29.705268 ], [ -98.379634, 29.703506 ], [ -98.38073, 29.702108 ], [ -98.38073, 29.700421 ], [ -98.380973, 29.70149 ], [ -98.380929, 29.701918 ] ] ], [ [ [ -98.345825, 29.707299 ], [ -98.345635, 29.707246 ], [ -98.346026, 29.707052 ], [ -98.347209, 29.706766 ], [ -98.346852, 29.706974 ], [ -98.345825, 29.707299 ] ] ], [ [ [ -98.349216, 29.727516 ], [ -98.349349, 29.727683 ], [ -98.348482, 29.727214 ], [ -98.347451, 29.726966 ], [ -98.348416, 29.727109 ], [ -98.349216, 29.727516 ] ] ], [ [ [ -98.354841, 29.734314 ], [ -98.355825, 29.734077 ], [ -98.356178, 29.733813 ], [ -98.35694, 29.732437 ], [ -98.358332, 29.731012 ], [ -98.358395, 29.730269 ], [ -98.35939, 29.729042 ], [ -98.362711, 29.726065 ], [ -98.364374, 29.724337 ], [ -98.36547, 29.72344 ], [ -98.368331, 29.721727 ], [ -98.369836, 29.720698 ], [ -98.37121, 29.720582 ], [ -98.374601, 29.71992 ], [ -98.375149, 29.719936 ], [ -98.375307, 29.720079 ], [ -98.375326, 29.720148 ], [ -98.375218, 29.720124 ], [ -98.374474, 29.72028 ], [ -98.373466, 29.720568 ], [ -98.372178, 29.720466 ], [ -98.371698, 29.720582 ], [ -98.370858, 29.720724 ], [ -98.369714, 29.721326 ], [ -98.36897, 29.721812 ], [ -98.367754, 29.722524 ], [ -98.366674, 29.723288 ], [ -98.365242, 29.724582 ], [ -98.364082, 29.725626 ], [ -98.362849, 29.726683 ], [ -98.36277, 29.72675 ], [ -98.36169, 29.727745 ], [ -98.360418, 29.728791 ], [ -98.359858, 29.729367 ], [ -98.35909, 29.730253 ], [ -98.358138, 29.731717 ], [ -98.357674, 29.732251 ], [ -98.357354, 29.732667 ], [ -98.35719, 29.732953 ], [ -98.357018, 29.733241 ], [ -98.356634, 29.733861 ], [ -98.355794, 29.734407 ], [ -98.354834, 29.734601 ], [ -98.354106, 29.734577 ], [ -98.35329, 29.734453 ], [ -98.353258, 29.734477 ], [ -98.353214, 29.734442 ], [ -98.353587, 29.734485 ], [ -98.354841, 29.734314 ] ] ], [ [ [ -98.376975, 29.732623 ], [ -98.381437, 29.73416 ], [ -98.383176, 29.735107 ], [ -98.384361, 29.735146 ], [ -98.384954, 29.735041 ], [ -98.385736, 29.734684 ], [ -98.386291, 29.734277 ], [ -98.386959, 29.733947 ], [ -98.387564, 29.733871 ], [ -98.38827, 29.733948 ], [ -98.388444, 29.734113 ], [ -98.388331, 29.734063 ], [ -98.387187, 29.734247 ], [ -98.386195, 29.734879 ], [ -98.385391, 29.735053 ], [ -98.384595, 29.735251 ], [ -98.383936, 29.735248 ], [ -98.383587, 29.735247 ], [ -98.382603, 29.734947 ], [ -98.382027, 29.734491 ], [ -98.379843, 29.733705 ], [ -98.378938, 29.733353 ], [ -98.378098, 29.733125 ], [ -98.377082, 29.732755 ], [ -98.376322, 29.732423 ], [ -98.375274, 29.731941 ], [ -98.374658, 29.731585 ], [ -98.374501, 29.731295 ], [ -98.375005, 29.731688 ], [ -98.376975, 29.732623 ] ] ], [ [ [ -98.39364, 29.736486 ], [ -98.39432, 29.736712 ], [ -98.395039, 29.737108 ], [ -98.397129, 29.737348 ], [ -98.398347, 29.73762 ], [ -98.398802, 29.737874 ], [ -98.39918, 29.738116 ], [ -98.399495, 29.738463 ], [ -98.399495, 29.738464 ], [ -98.399075, 29.738215 ], [ -98.397891, 29.737719 ], [ -98.396627, 29.737469 ], [ -98.395379, 29.737465 ], [ -98.394299, 29.736911 ], [ -98.393467, 29.736795 ], [ -98.392043, 29.736595 ], [ -98.391411, 29.736475 ], [ -98.391375, 29.736453 ], [ -98.392121, 29.736392 ], [ -98.39364, 29.736486 ] ] ], [ [ [ -98.400734, 29.745386 ], [ -98.400611, 29.745261 ], [ -98.400218, 29.744829 ], [ -98.40023, 29.744839 ], [ -98.400734, 29.745386 ] ] ], [ [ [ -98.403879, 29.749005 ], [ -98.40618, 29.748697 ], [ -98.407479, 29.748692 ], [ -98.408431, 29.748241 ], [ -98.409705, 29.747757 ], [ -98.411123, 29.747351 ], [ -98.412094, 29.746927 ], [ -98.413311, 29.747219 ], [ -98.414357, 29.747076 ], [ -98.415221, 29.746845 ], [ -98.416072, 29.746554 ], [ -98.41628, 29.746202 ], [ -98.416532, 29.746025 ], [ -98.416838, 29.745968 ], [ -98.41703, 29.745792 ], [ -98.418992, 29.744942 ], [ -98.420681, 29.743534 ], [ -98.421043, 29.742932 ], [ -98.421773, 29.740382 ], [ -98.421804, 29.739463 ], [ -98.421811, 29.738847 ], [ -98.421351, 29.737642 ], [ -98.420992, 29.736019 ], [ -98.420973, 29.734699 ], [ -98.420853, 29.734309 ], [ -98.420488, 29.733819 ], [ -98.41935, 29.733335 ], [ -98.420012, 29.733371 ], [ -98.421028, 29.733965 ], [ -98.42138, 29.734635 ], [ -98.42146, 29.735539 ], [ -98.421684, 29.737291 ], [ -98.422028, 29.738739 ], [ -98.422292, 29.739953 ], [ -98.422228, 29.740517 ], [ -98.422204, 29.741487 ], [ -98.422052, 29.742413 ], [ -98.421812, 29.743003 ], [ -98.421228, 29.743571 ], [ -98.420852, 29.743849 ], [ -98.420392, 29.744253 ], [ -98.420172, 29.744523 ], [ -98.419452, 29.745257 ], [ -98.418676, 29.745777 ], [ -98.417644, 29.746171 ], [ -98.41757, 29.74621 ], [ -98.4169, 29.746561 ], [ -98.416228, 29.747029 ], [ -98.415172, 29.747419 ], [ -98.414188, 29.747721 ], [ -98.413531, 29.747807 ], [ -98.412403, 29.747713 ], [ -98.411435, 29.747945 ], [ -98.411358, 29.747975 ], [ -98.410683, 29.748241 ], [ -98.409763, 29.748345 ], [ -98.409179, 29.748551 ], [ -98.408491, 29.748953 ], [ -98.407459, 29.749187 ], [ -98.406451, 29.749187 ], [ -98.405547, 29.749147 ], [ -98.404603, 29.749385 ], [ -98.403915, 29.749431 ], [ -98.403379, 29.749251 ], [ -98.403027, 29.748869 ], [ -98.402945, 29.748604 ], [ -98.403022, 29.74868 ], [ -98.403879, 29.749005 ] ] ], [ [ [ -98.417859, 29.733323 ], [ -98.417267, 29.732845 ], [ -98.416908, 29.732063 ], [ -98.416895, 29.7317 ], [ -98.417078, 29.730963 ], [ -98.417261, 29.730518 ], [ -98.417803, 29.729907 ], [ -98.418635, 29.729494 ], [ -98.419612, 29.729258 ], [ -98.420545, 29.728917 ], [ -98.421056, 29.728884 ], [ -98.422462, 29.728301 ], [ -98.422587, 29.728074 ], [ -98.423584, 29.727823 ], [ -98.425916, 29.72702 ], [ -98.426994, 29.726162 ], [ -98.427763, 29.725694 ], [ -98.428166, 29.72526 ], [ -98.42973, 29.723983 ], [ -98.429963, 29.723593 ], [ -98.430013, 29.72329 ], [ -98.429875, 29.7229 ], [ -98.429446, 29.722322 ], [ -98.428974, 29.721442 ], [ -98.427864, 29.720325 ], [ -98.427297, 29.719455 ], [ -98.426907, 29.718658 ], [ -98.42685, 29.717695 ], [ -98.427127, 29.717299 ], [ -98.427953, 29.716699 ], [ -98.428419, 29.716677 ], [ -98.429989, 29.716034 ], [ -98.430934, 29.715759 ], [ -98.431508, 29.715809 ], [ -98.43046, 29.716006 ], [ -98.42918, 29.716584 ], [ -98.428012, 29.717252 ], [ -98.427452, 29.718526 ], [ -98.428212, 29.720278 ], [ -98.42926, 29.721335 ], [ -98.430292, 29.722411 ], [ -98.430628, 29.723393 ], [ -98.430244, 29.724195 ], [ -98.429308, 29.724723 ], [ -98.42838, 29.725635 ], [ -98.42726, 29.726619 ], [ -98.426404, 29.727027 ], [ -98.425124, 29.727705 ], [ -98.423884, 29.728187 ], [ -98.421372, 29.728991 ], [ -98.420516, 29.729259 ], [ -98.419236, 29.729541 ], [ -98.41818, 29.730427 ], [ -98.417788, 29.731393 ], [ -98.417788, 29.732381 ], [ -98.418156, 29.733033 ], [ -98.418916, 29.733311 ], [ -98.418938, 29.733312 ], [ -98.418282, 29.733373 ], [ -98.417859, 29.733323 ] ] ], [ [ [ -98.437886, 29.715621 ], [ -98.438963, 29.71577 ], [ -98.440791, 29.716414 ], [ -98.441295, 29.716678 ], [ -98.441323, 29.716713 ], [ -98.439852, 29.71623 ], [ -98.437692, 29.715978 ], [ -98.435812, 29.716212 ], [ -98.433908, 29.716088 ], [ -98.433336, 29.71597 ], [ -98.434571, 29.716078 ], [ -98.437886, 29.715621 ] ] ], [ [ [ -98.447789, 29.735888 ], [ -98.449484, 29.735261 ], [ -98.451211, 29.734408 ], [ -98.451722, 29.734045 ], [ -98.452503, 29.733192 ], [ -98.452603, 29.732807 ], [ -98.453986, 29.732355 ], [ -98.456651, 29.731833 ], [ -98.457502, 29.731569 ], [ -98.458926, 29.7318 ], [ -98.459374, 29.731778 ], [ -98.459563, 29.731844 ], [ -98.45974, 29.732058 ], [ -98.460067, 29.73263 ], [ -98.462009, 29.733439 ], [ -98.462526, 29.733873 ], [ -98.462689, 29.734251 ], [ -98.461693, 29.733721 ], [ -98.460741, 29.733111 ], [ -98.459733, 29.732457 ], [ -98.458789, 29.732249 ], [ -98.458397, 29.732197 ], [ -98.457629, 29.732317 ], [ -98.456661, 29.732511 ], [ -98.455877, 29.732537 ], [ -98.454805, 29.732759 ], [ -98.453773, 29.733157 ], [ -98.453293, 29.733653 ], [ -98.452957, 29.734035 ], [ -98.451829, 29.734837 ], [ -98.450316, 29.735571 ], [ -98.449084, 29.735979 ], [ -98.447516, 29.736247 ], [ -98.446204, 29.735967 ], [ -98.44595, 29.735854 ], [ -98.446786, 29.735988 ], [ -98.447789, 29.735888 ] ] ], [ [ [ -98.466291, 29.738527 ], [ -98.467104, 29.738306 ], [ -98.467671, 29.73802 ], [ -98.469026, 29.737667 ], [ -98.471655, 29.736303 ], [ -98.47398, 29.734371 ], [ -98.475177, 29.733826 ], [ -98.4764, 29.733485 ], [ -98.476999, 29.733441 ], [ -98.477522, 29.733606 ], [ -98.478228, 29.734024 ], [ -98.478519, 29.734278 ], [ -98.477797, 29.734139 ], [ -98.477013, 29.734179 ], [ -98.476061, 29.734291 ], [ -98.475325, 29.734501 ], [ -98.474541, 29.734959 ], [ -98.473893, 29.735577 ], [ -98.473341, 29.736113 ], [ -98.472749, 29.736597 ], [ -98.472077, 29.736995 ], [ -98.471197, 29.737335 ], [ -98.470469, 29.737613 ], [ -98.469437, 29.738035 ], [ -98.467749, 29.738529 ], [ -98.467077, 29.738721 ], [ -98.466349, 29.738771 ], [ -98.465661, 29.738571 ], [ -98.465469, 29.738364 ], [ -98.465982, 29.738543 ], [ -98.466291, 29.738527 ] ] ], [ [ [ -98.5257, 29.741843 ], [ -98.526103, 29.742512 ], [ -98.526111, 29.743198 ], [ -98.526075, 29.743231 ], [ -98.526088, 29.743151 ], [ -98.5257, 29.741843 ] ] ], [ [ [ -98.528216, 29.742478 ], [ -98.528194, 29.742218 ], [ -98.5282, 29.742233 ], [ -98.528216, 29.742478 ] ] ], [ [ [ -98.533692, 29.749981 ], [ -98.533618, 29.749903 ], [ -98.533623, 29.749236 ], [ -98.533647, 29.748722 ], [ -98.533795, 29.748452 ], [ -98.533863, 29.748 ], [ -98.534023, 29.747691 ], [ -98.533847, 29.748605 ], [ -98.533692, 29.749981 ] ] ], [ [ [ -98.539077, 29.7519 ], [ -98.538377, 29.752152 ], [ -98.539004, 29.751908 ], [ -98.539077, 29.7519 ] ] ], [ [ [ -98.547075, 29.756724 ], [ -98.547233, 29.756511 ], [ -98.547052, 29.756868 ], [ -98.547075, 29.756724 ] ] ], [ [ [ -98.547206, 29.758902 ], [ -98.546944, 29.758054 ], [ -98.546949, 29.758 ], [ -98.547386, 29.759216 ], [ -98.547206, 29.758902 ] ] ], [ [ [ -98.554747, 29.759062 ], [ -98.555137, 29.758292 ], [ -98.55543, 29.757225 ], [ -98.55543, 29.757871 ], [ -98.555246, 29.758788 ], [ -98.555062, 29.759063 ], [ -98.554695, 29.759338 ], [ -98.553638, 29.759838 ], [ -98.554311, 29.759447 ], [ -98.554747, 29.759062 ] ] ], [ [ [ -98.555125, 29.75526 ], [ -98.555638, 29.754621 ], [ -98.555305, 29.755279 ], [ -98.555141, 29.755602 ], [ -98.555268, 29.756438 ], [ -98.555081, 29.756058 ], [ -98.555125, 29.75526 ] ] ], [ [ [ -98.557559, 29.752581 ], [ -98.557999, 29.752255 ], [ -98.557988, 29.752265 ], [ -98.556951, 29.753237 ], [ -98.556849, 29.753332 ], [ -98.555651, 29.754605 ], [ -98.556437, 29.753627 ], [ -98.557559, 29.752581 ] ] ], [ [ [ -98.567141, 29.751235 ], [ -98.566982, 29.751538 ], [ -98.567067, 29.751316 ], [ -98.567141, 29.751235 ] ] ], [ [ [ -98.568314, 29.748548 ], [ -98.568579, 29.748334 ], [ -98.568725, 29.748302 ], [ -98.568369, 29.749115 ], [ -98.568169, 29.748812 ], [ -98.568314, 29.748548 ] ] ], [ [ [ -98.573414, 29.749925 ], [ -98.573016, 29.74982 ], [ -98.573224, 29.749843 ], [ -98.573414, 29.749925 ] ] ], [ [ [ -98.574344, 29.750383 ], [ -98.574156, 29.750244 ], [ -98.574547, 29.750412 ], [ -98.574344, 29.750383 ] ] ], [ [ [ -98.575065, 29.750119 ], [ -98.574949, 29.750394 ], [ -98.574723, 29.750408 ], [ -98.574588, 29.750416 ], [ -98.574927, 29.750216 ], [ -98.575065, 29.750119 ] ] ], [ [ [ -98.576043, 29.747607 ], [ -98.576339, 29.747183 ], [ -98.576425, 29.747136 ], [ -98.576096, 29.748652 ], [ -98.575931, 29.749112 ], [ -98.575306, 29.749812 ], [ -98.575997, 29.748193 ], [ -98.576043, 29.747607 ] ] ], [ [ [ -98.578678, 29.744185 ], [ -98.578816, 29.743728 ], [ -98.579384, 29.743299 ], [ -98.57955, 29.743272 ], [ -98.578944, 29.74405 ], [ -98.578868, 29.744758 ], [ -98.578697, 29.744471 ], [ -98.578678, 29.744185 ] ] ], [ [ [ -98.582252, 29.741373 ], [ -98.58234, 29.741241 ], [ -98.582523, 29.741192 ], [ -98.583456, 29.741125 ], [ -98.583484, 29.74113 ], [ -98.58296, 29.741162 ], [ -98.582512, 29.74149 ], [ -98.5824, 29.741882 ], [ -98.582292, 29.741984 ], [ -98.582328, 29.741703 ], [ -98.582252, 29.741373 ] ] ], [ [ [ -98.58478, 29.741466 ], [ -98.585005, 29.741605 ], [ -98.584792, 29.741534 ], [ -98.583944, 29.741214 ], [ -98.584118, 29.741246 ], [ -98.58478, 29.741466 ] ] ], [ [ [ -98.589336, 29.747776 ], [ -98.589249, 29.74774 ], [ -98.589409, 29.747739 ], [ -98.589336, 29.747776 ] ] ], [ [ [ -98.593121, 29.745684 ], [ -98.593386, 29.745728 ], [ -98.593404, 29.745736 ], [ -98.592937, 29.746038 ], [ -98.592321, 29.746896 ], [ -98.591829, 29.746964 ], [ -98.592441, 29.746581 ], [ -98.593121, 29.745684 ] ] ], [ [ [ -98.599441, 29.749185 ], [ -98.599397, 29.749152 ], [ -98.599199, 29.748962 ], [ -98.599351, 29.749022 ], [ -98.599441, 29.749185 ] ] ], [ [ [ -98.604495, 29.746837 ], [ -98.603108, 29.746194 ], [ -98.601702, 29.745292 ], [ -98.600276, 29.743526 ], [ -98.600005, 29.743036 ], [ -98.600061, 29.742217 ], [ -98.600269, 29.741579 ], [ -98.60066, 29.741083 ], [ -98.601284, 29.740544 ], [ -98.601574, 29.740406 ], [ -98.602375, 29.740265 ], [ -98.602209, 29.74034 ], [ -98.601641, 29.740764 ], [ -98.601209, 29.741214 ], [ -98.600849, 29.741834 ], [ -98.600569, 29.742468 ], [ -98.600545, 29.742964 ], [ -98.600577, 29.7435 ], [ -98.600753, 29.743954 ], [ -98.601097, 29.744364 ], [ -98.601705, 29.744946 ], [ -98.602465, 29.745542 ], [ -98.604617, 29.74682 ], [ -98.604825, 29.747032 ], [ -98.604809, 29.747244 ], [ -98.604729, 29.747512 ], [ -98.604497, 29.74795 ], [ -98.604181, 29.748614 ], [ -98.604747, 29.74726 ], [ -98.604495, 29.746837 ] ] ], [ [ [ -98.606507, 29.740064 ], [ -98.60638, 29.740044 ], [ -98.606465, 29.740047 ], [ -98.606507, 29.740064 ] ] ], [ [ [ -98.611158, 29.740021 ], [ -98.610129, 29.740222 ], [ -98.609209, 29.740332 ], [ -98.60912, 29.740333 ], [ -98.610859, 29.739996 ], [ -98.611158, 29.740021 ] ] ], [ [ [ -98.612536, 29.738725 ], [ -98.612731, 29.738241 ], [ -98.613273, 29.738081 ], [ -98.613632, 29.737762 ], [ -98.614351, 29.737607 ], [ -98.614435, 29.737632 ], [ -98.614089, 29.7378 ], [ -98.613385, 29.737994 ], [ -98.612849, 29.73856 ], [ -98.612513, 29.739362 ], [ -98.612341, 29.739847 ], [ -98.612536, 29.738725 ] ] ], [ [ [ -98.612337, 29.73986 ], [ -98.612332, 29.739861 ], [ -98.612341, 29.739847 ], [ -98.612337, 29.73986 ] ] ], [ [ [ -98.618617, 29.744062 ], [ -98.618565, 29.744044 ], [ -98.618702, 29.744064 ], [ -98.618617, 29.744062 ] ] ], [ [ [ -98.621206, 29.7437 ], [ -98.621496, 29.743684 ], [ -98.621725, 29.743745 ], [ -98.620801, 29.744114 ], [ -98.620273, 29.744114 ], [ -98.619653, 29.744094 ], [ -98.620236, 29.74402 ], [ -98.621206, 29.7437 ] ] ], [ [ [ -98.646195, 29.744087 ], [ -98.645973, 29.743026 ], [ -98.646239, 29.743607 ], [ -98.646195, 29.744087 ] ] ], [ [ [ -98.646087, 29.746512 ], [ -98.646044, 29.74656 ], [ -98.646252, 29.746108 ], [ -98.646251, 29.746149 ], [ -98.646087, 29.746512 ] ] ], [ [ [ -98.653323, 29.751287 ], [ -98.653401, 29.751379 ], [ -98.653427, 29.751975 ], [ -98.653151, 29.752561 ], [ -98.653319, 29.751261 ], [ -98.653323, 29.751287 ] ] ], [ [ [ -98.65256, 29.74987 ], [ -98.652586, 29.74949 ], [ -98.652747, 29.749268 ], [ -98.652797, 29.749688 ], [ -98.652876, 29.750052 ], [ -98.653218, 29.750645 ], [ -98.653298, 29.751134 ], [ -98.652933, 29.750689 ], [ -98.65256, 29.74987 ] ] ], [ [ [ -98.653064, 29.748834 ], [ -98.653004, 29.748911 ], [ -98.653059, 29.748836 ], [ -98.653064, 29.748834 ] ] ], [ [ [ -98.663689, 29.745389 ], [ -98.663557, 29.745185 ], [ -98.660575, 29.743727 ], [ -98.660147, 29.743325 ], [ -98.659781, 29.742797 ], [ -98.659712, 29.742142 ], [ -98.659839, 29.741971 ], [ -98.659839, 29.742467 ], [ -98.660075, 29.74288 ], [ -98.661047, 29.743682 ], [ -98.662229, 29.744302 ], [ -98.662834, 29.744714 ], [ -98.663596, 29.744944 ], [ -98.663858, 29.745379 ], [ -98.663833, 29.74614 ], [ -98.663832, 29.746159 ], [ -98.663743, 29.746286 ], [ -98.663746, 29.74628 ], [ -98.663689, 29.745389 ] ] ], [ [ [ -98.674464, 29.740659 ], [ -98.674231, 29.740048 ], [ -98.674509, 29.73881 ], [ -98.674791, 29.738412 ], [ -98.674682, 29.738779 ], [ -98.67455, 29.740429 ], [ -98.674208, 29.741667 ], [ -98.674009, 29.741847 ], [ -98.674256, 29.741446 ], [ -98.674464, 29.740659 ] ] ], [ [ [ -98.675997, 29.737349 ], [ -98.675642, 29.737556 ], [ -98.675581, 29.737591 ], [ -98.675921, 29.737358 ], [ -98.675997, 29.737349 ] ] ], [ [ [ -98.687999, 29.738619 ], [ -98.687724, 29.738708 ], [ -98.687569, 29.738757 ], [ -98.688093, 29.738571 ], [ -98.687999, 29.738619 ] ] ], [ [ [ -98.691517, 29.735505 ], [ -98.692122, 29.735263 ], [ -98.692381, 29.735242 ], [ -98.691833, 29.735387 ], [ -98.691124, 29.736097 ], [ -98.689969, 29.737335 ], [ -98.688865, 29.738184 ], [ -98.68865, 29.738291 ], [ -98.689651, 29.737546 ], [ -98.691517, 29.735505 ] ] ], [ [ [ -98.693264, 29.735337 ], [ -98.69315, 29.735301 ], [ -98.693231, 29.735318 ], [ -98.693264, 29.735337 ] ] ], [ [ [ -98.700041, 29.733497 ], [ -98.69986, 29.732953 ], [ -98.699896, 29.732711 ], [ -98.700007, 29.73261 ], [ -98.700909, 29.732313 ], [ -98.701421, 29.732313 ], [ -98.701612, 29.732345 ], [ -98.700921, 29.73236 ], [ -98.700448, 29.732475 ], [ -98.700238, 29.732681 ], [ -98.700291, 29.733094 ], [ -98.70087, 29.734378 ], [ -98.700975, 29.734859 ], [ -98.701211, 29.735386 ], [ -98.701237, 29.735753 ], [ -98.701211, 29.736349 ], [ -98.70108, 29.736716 ], [ -98.701, 29.736813 ], [ -98.701143, 29.735724 ], [ -98.700041, 29.733497 ] ] ], [ [ [ -98.70909, 29.731753 ], [ -98.708355, 29.732199 ], [ -98.706858, 29.732681 ], [ -98.706728, 29.732703 ], [ -98.707797, 29.732377 ], [ -98.70909, 29.731753 ] ] ], [ [ [ -98.713047, 29.727861 ], [ -98.713616, 29.727352 ], [ -98.712215, 29.729059 ], [ -98.711348, 29.730089 ], [ -98.711075, 29.730333 ], [ -98.71286, 29.728214 ], [ -98.713047, 29.727861 ] ] ], [ [ [ -98.725328, 29.727808 ], [ -98.725731, 29.727746 ], [ -98.725451, 29.72791 ], [ -98.724902, 29.7284 ], [ -98.725113, 29.727924 ], [ -98.725328, 29.727808 ] ] ], [ [ [ -98.733717, 29.727905 ], [ -98.732022, 29.727014 ], [ -98.730685, 29.725843 ], [ -98.729694, 29.724127 ], [ -98.728969, 29.72328 ], [ -98.728824, 29.72246 ], [ -98.728962, 29.722311 ], [ -98.72927, 29.72222 ], [ -98.729179, 29.722315 ], [ -98.729179, 29.722888 ], [ -98.729678, 29.723919 ], [ -98.730361, 29.724722 ], [ -98.730414, 29.724882 ], [ -98.731623, 29.726097 ], [ -98.733117, 29.727335 ], [ -98.733199, 29.727403 ], [ -98.73425, 29.728112 ], [ -98.73446, 29.728571 ], [ -98.734434, 29.72896 ], [ -98.734224, 29.729258 ], [ -98.734204, 29.729268 ], [ -98.734342, 29.7289 ], [ -98.733717, 29.727905 ] ] ], [ [ [ -98.735794, 29.718513 ], [ -98.735708, 29.718666 ], [ -98.735711, 29.71859 ], [ -98.735794, 29.718513 ] ] ], [ [ [ -98.738214, 29.716579 ], [ -98.738089, 29.716616 ], [ -98.738168, 29.716581 ], [ -98.738214, 29.716579 ] ] ], [ [ [ -98.738602, 29.716583 ], [ -98.738517, 29.716566 ], [ -98.738559, 29.716564 ], [ -98.738602, 29.716583 ] ] ], [ [ [ -98.744445, 29.717324 ], [ -98.744411, 29.717061 ], [ -98.744447, 29.717162 ], [ -98.744445, 29.717324 ] ] ], [ [ [ -98.751551, 29.720262 ], [ -98.751763, 29.720263 ], [ -98.751417, 29.720565 ], [ -98.750934, 29.720793 ], [ -98.750927, 29.720793 ], [ -98.750947, 29.720785 ], [ -98.751551, 29.720262 ] ] ], [ [ [ -98.758856, 29.721437 ], [ -98.75856, 29.721485 ], [ -98.758544, 29.721491 ], [ -98.758573, 29.721459 ], [ -98.758856, 29.721437 ] ] ], [ [ [ -98.766127, 29.7198 ], [ -98.76523, 29.720731 ], [ -98.764984, 29.720838 ], [ -98.766125, 29.719801 ], [ -98.766127, 29.7198 ] ] ], [ [ [ -98.771571, 29.720455 ], [ -98.77148, 29.720527 ], [ -98.771296, 29.720847 ], [ -98.771184, 29.720922 ], [ -98.771526, 29.720463 ], [ -98.771571, 29.720455 ] ] ], [ [ [ -98.775289, 29.71974 ], [ -98.774793, 29.719786 ], [ -98.774917, 29.71971 ], [ -98.775289, 29.71974 ] ] ] ] } }
]
}
