{
"type": "FeatureCollection",
"name": "senate",
"crs": { "type": "name", "properties": { "name": "urn:ogc:def:crs:OGC:1.3:CRS84" } },
"xy_coordinate_resolution": 1e-06,
"features": [
{ "type": "Feature", "properties": { "OBJECTID_1": 19, "District": 19, "SENATOR": "Roland Gutierrez", "WEBSITE": "https://senate.texas.gov/member.php?d=19", "Shape__Area": 641793790252.65198, "Shape__Length": 8853008.4389021993, "OBJECTID_2": 1, "ID": 1, "FIPSSTCO": "48029", "NAME": "Bexar County", "ICOMAPATTR": "x", "SHAPESTArea": 35025204908.119141, "SHAPESTLength": 923728.01036523399 }, "geometry": { "type": "Polygon", "coordinates": [ [ [ -98.638518, 29.193779 ], [ -98.746704, 29.230722 ], [ -98.750308, 29.231844 ], [ -98.802118, 29.249611 ], [ -98.804771, 29.250698 ], [ -98.804739, 29.274961 ], [ -98.804865, 29.301409 ], [ -98.804907, 29.302004 ], [ -98.804995, 29.302258 ], [ -98.804994, 29.302696 ], [ -98.804993, 29.302841 ], [ -98.804992, 29.302919 ], [ -98.804911, 29.303 ], [ -98.804874, 29.303196 ], [ -98.804919, 29.310457 ], [ -98.804917, 29.310494 ], [ -98.804892, 29.312465 ], [ -98.80489, 29.312656 ], [ -98.804884, 29.313089 ], [ -98.804879, 29.313435 ], [ -98.804854, 29.315511 ], [ -98.804599, 29.32381 ], [ -98.80476, 29.365702 ], [ -98.804889, 29.37507 ], [ -98.80501, 29.429514 ], [ -98.805493, 29.500269 ], [ -98.805807, 29.572125 ], [ -98.801596, 29.572079 ], [ -98.799346, 29.571399 ], [ -98.796843, 29.569803 ], [ -98.796212, 29.569728 ], [ -98.795182, 29.569252 ], [ -98.792106, 29.566876 ], [ -98.790793, 29.56646 ], [ -98.788131, 29.572562 ], [ -98.78674, 29.576171 ], [ -98.791271, 29.577479 ], [ -98.792015, 29.575563 ], [ -98.799401, 29.578699 ], [ -98.799513, 29.593705 ], [ -98.799435, 29.595629 ], [ -98.795219, 29.594546 ], [ -98.789142, 29.595035 ], [ -98.788761, 29.595218 ], [ -98.783094, 29.58779 ], [ -98.784026, 29.58578 ], [ -98.78426, 29.584805 ], [ -98.785931, 29.580206 ], [ -98.786484, 29.578078 ], [ -98.780863, 29.576484 ], [ -98.779955, 29.578767 ], [ -98.776523, 29.577752 ], [ -98.775603, 29.575787 ], [ -98.773869, 29.575779 ], [ -98.773652, 29.596645 ], [ -98.774563, 29.597825 ], [ -98.76119, 29.605329 ], [ -98.757345, 29.602558 ], [ -98.756272, 29.601639 ], [ -98.752129, 29.605435 ], [ -98.753278, 29.606323 ], [ -98.748516, 29.611193 ], [ -98.748624, 29.611306 ], [ -98.744178, 29.615668 ], [ -98.741442, 29.612493 ], [ -98.740958, 29.611712 ], [ -98.73926, 29.608356 ], [ -98.737396, 29.606344 ], [ -98.739627, 29.605255 ], [ -98.737163, 29.6014 ], [ -98.734248, 29.603695 ], [ -98.733499, 29.603193 ], [ -98.732763, 29.60287 ], [ -98.731876, 29.60265 ], [ -98.731038, 29.602586 ], [ -98.730478, 29.602616 ], [ -98.730529, 29.602921 ], [ -98.726559, 29.603412 ], [ -98.725891, 29.603425 ], [ -98.724054, 29.604391 ], [ -98.723864, 29.604151 ], [ -98.723004, 29.604457 ], [ -98.722207, 29.604452 ], [ -98.72158, 29.604257 ], [ -98.720853, 29.603789 ], [ -98.721464, 29.603121 ], [ -98.722908, 29.600986 ], [ -98.722378, 29.60059 ], [ -98.721574, 29.599512 ], [ -98.720292, 29.598172 ], [ -98.720194, 29.597309 ], [ -98.719913, 29.596553 ], [ -98.719569, 29.596043 ], [ -98.719172, 29.59572 ], [ -98.718672, 29.594399 ], [ -98.719083, 29.593685 ], [ -98.719394, 29.592831 ], [ -98.719091, 29.592185 ], [ -98.720181, 29.590826 ], [ -98.719175, 29.590548 ], [ -98.718848, 29.591654 ], [ -98.716528, 29.587916 ], [ -98.710914, 29.587413 ], [ -98.709546, 29.585892 ], [ -98.70992, 29.585638 ], [ -98.709981, 29.58509 ], [ -98.71038, 29.584343 ], [ -98.710015, 29.583859 ], [ -98.710721, 29.582183 ], [ -98.710503, 29.58141 ], [ -98.709513, 29.5796 ], [ -98.704831, 29.579386 ], [ -98.702447, 29.57938 ], [ -98.7026, 29.580041 ], [ -98.702812, 29.580128 ], [ -98.702443, 29.58501 ], [ -98.697225, 29.582253 ], [ -98.694443, 29.583279 ], [ -98.694524, 29.583605 ], [ -98.694198, 29.583772 ], [ -98.692669, 29.58179 ], [ -98.687812, 29.58478 ], [ -98.687822, 29.585161 ], [ -98.688284, 29.586922 ], [ -98.688377, 29.588154 ], [ -98.68895, 29.589209 ], [ -98.689149, 29.589988 ], [ -98.688935, 29.594161 ], [ -98.689187, 29.595034 ], [ -98.689178, 29.59565 ], [ -98.685933, 29.601563 ], [ -98.685841, 29.602398 ], [ -98.686638, 29.604564 ], [ -98.686661, 29.605421 ], [ -98.686176, 29.60632 ], [ -98.684594, 29.608228 ], [ -98.684605, 29.609309 ], [ -98.683674, 29.609203 ], [ -98.683799, 29.608899 ], [ -98.682834, 29.608664 ], [ -98.683161, 29.608179 ], [ -98.683628, 29.606981 ], [ -98.682764, 29.607169 ], [ -98.682993, 29.607947 ], [ -98.681191, 29.608367 ], [ -98.681769, 29.60891 ], [ -98.681609, 29.609149 ], [ -98.680048, 29.609011 ], [ -98.67569, 29.608924 ], [ -98.675674, 29.608194 ], [ -98.674175, 29.60818 ], [ -98.673336, 29.608967 ], [ -98.672426, 29.60897 ], [ -98.672148, 29.61215 ], [ -98.671043, 29.612146 ], [ -98.671091, 29.618785 ], [ -98.669059, 29.618793 ], [ -98.669057, 29.620899 ], [ -98.666056, 29.620837 ], [ -98.661744, 29.620926 ], [ -98.658763, 29.620849 ], [ -98.658396, 29.620666 ], [ -98.654313, 29.620581 ], [ -98.650966, 29.620665 ], [ -98.647172, 29.620589 ], [ -98.644194, 29.62324 ], [ -98.64353, 29.622906 ], [ -98.642202, 29.622514 ], [ -98.641545, 29.623119 ], [ -98.640535, 29.624717 ], [ -98.640023, 29.625314 ], [ -98.634831, 29.629003 ], [ -98.634278, 29.629243 ], [ -98.632736, 29.629599 ], [ -98.62671, 29.632073 ], [ -98.625952, 29.632709 ], [ -98.625005, 29.633922 ], [ -98.624822, 29.634284 ], [ -98.624773, 29.646694 ], [ -98.62434, 29.647613 ], [ -98.624015, 29.647898 ], [ -98.622822, 29.648572 ], [ -98.614214, 29.635861 ], [ -98.61319, 29.633647 ], [ -98.606795, 29.616256 ], [ -98.605823, 29.614459 ], [ -98.604305, 29.612047 ], [ -98.603399, 29.609863 ], [ -98.600514, 29.601006 ], [ -98.599848, 29.598689 ], [ -98.5986, 29.590916 ], [ -98.631149, 29.587245 ], [ -98.631556, 29.585757 ], [ -98.631476, 29.583203 ], [ -98.632141, 29.581641 ], [ -98.632291, 29.58099 ], [ -98.631934, 29.579469 ], [ -98.631523, 29.572064 ], [ -98.620341, 29.572355 ], [ -98.60972, 29.572388 ], [ -98.594448, 29.572584 ], [ -98.593911, 29.572506 ], [ -98.591926, 29.565632 ], [ -98.591134, 29.563196 ], [ -98.591612, 29.563097 ], [ -98.613219, 29.563001 ], [ -98.614702, 29.562843 ], [ -98.614894, 29.562349 ], [ -98.615018, 29.561404 ], [ -98.614952, 29.552222 ], [ -98.617389, 29.552205 ], [ -98.618347, 29.551984 ], [ -98.618907, 29.551699 ], [ -98.619582, 29.551119 ], [ -98.61995, 29.550601 ], [ -98.620167, 29.550029 ], [ -98.617288, 29.550018 ], [ -98.617291, 29.54711 ], [ -98.627669, 29.547106 ], [ -98.627564, 29.546815 ], [ -98.627243, 29.546573 ], [ -98.627117, 29.546232 ], [ -98.627382, 29.545115 ], [ -98.627634, 29.54484 ], [ -98.627735, 29.544461 ], [ -98.626141, 29.544465 ], [ -98.627088, 29.543726 ], [ -98.629145, 29.541827 ], [ -98.629989, 29.541519 ], [ -98.631606, 29.541483 ], [ -98.631455, 29.54098 ], [ -98.631921, 29.540562 ], [ -98.632217, 29.539456 ], [ -98.633055, 29.53829 ], [ -98.634024, 29.537509 ], [ -98.635887, 29.53636 ], [ -98.636579, 29.536228 ], [ -98.648057, 29.536171 ], [ -98.646218, 29.533325 ], [ -98.645054, 29.531888 ], [ -98.645273, 29.531761 ], [ -98.666172, 29.53168 ], [ -98.670785, 29.531734 ], [ -98.671886, 29.532031 ], [ -98.674262, 29.533245 ], [ -98.682771, 29.536472 ], [ -98.683518, 29.534511 ], [ -98.684414, 29.530938 ], [ -98.685265, 29.52933 ], [ -98.685834, 29.528598 ], [ -98.689443, 29.525022 ], [ -98.690322, 29.523887 ], [ -98.6907, 29.524211 ], [ -98.691179, 29.523011 ], [ -98.69839, 29.508276 ], [ -98.702587, 29.499975 ], [ -98.703189, 29.498467 ], [ -98.705372, 29.494295 ], [ -98.699548, 29.492035 ], [ -98.696929, 29.490914 ], [ -98.69485, 29.489778 ], [ -98.693924, 29.489477 ], [ -98.693056, 29.489369 ], [ -98.692359, 29.489399 ], [ -98.685376, 29.490625 ], [ -98.684334, 29.490724 ], [ -98.683431, 29.490699 ], [ -98.68227, 29.490505 ], [ -98.678895, 29.489604 ], [ -98.67083, 29.487044 ], [ -98.667844, 29.485109 ], [ -98.662552, 29.482693 ], [ -98.659835, 29.480777 ], [ -98.657995, 29.479872 ], [ -98.658114, 29.479544 ], [ -98.658097, 29.479065 ], [ -98.657788, 29.478295 ], [ -98.654092, 29.474735 ], [ -98.652672, 29.47293 ], [ -98.651409, 29.470984 ], [ -98.650682, 29.470034 ], [ -98.658439, 29.469566 ], [ -98.667041, 29.468908 ], [ -98.664746, 29.464435 ], [ -98.665126, 29.464128 ], [ -98.665283, 29.464157 ], [ -98.668024, 29.461493 ], [ -98.668129, 29.460959 ], [ -98.66894, 29.460979 ], [ -98.6697, 29.460841 ], [ -98.671016, 29.460336 ], [ -98.671741, 29.459891 ], [ -98.669351, 29.456635 ], [ -98.668771, 29.455304 ], [ -98.66848, 29.453969 ], [ -98.66847, 29.452262 ], [ -98.669069, 29.449246 ], [ -98.669273, 29.448773 ], [ -98.669996, 29.447934 ], [ -98.670362, 29.447341 ], [ -98.670546, 29.446405 ], [ -98.672138, 29.446566 ], [ -98.676817, 29.44642 ], [ -98.678971, 29.44666 ], [ -98.680016, 29.446928 ], [ -98.681023, 29.447289 ], [ -98.68288, 29.448276 ], [ -98.68371, 29.448892 ], [ -98.684983, 29.450169 ], [ -98.686096, 29.449484 ], [ -98.686702, 29.449219 ], [ -98.688254, 29.448887 ], [ -98.689321, 29.448908 ], [ -98.693034, 29.44926 ], [ -98.694566, 29.449259 ], [ -98.696266, 29.449072 ], [ -98.701527, 29.448182 ], [ -98.7023, 29.448192 ], [ -98.703312, 29.448413 ], [ -98.704291, 29.44849 ], [ -98.706927, 29.448055 ], [ -98.710244, 29.448044 ], [ -98.710714, 29.441537 ], [ -98.710433, 29.43568 ], [ -98.711157, 29.435669 ], [ -98.711166, 29.42752 ], [ -98.710931, 29.42558 ], [ -98.709899, 29.422853 ], [ -98.709606, 29.421191 ], [ -98.709557, 29.408794 ], [ -98.709118, 29.407202 ], [ -98.70863, 29.406192 ], [ -98.703472, 29.398333 ], [ -98.702847, 29.396886 ], [ -98.702553, 29.395392 ], [ -98.700948, 29.382026 ], [ -98.674164, 29.388298 ], [ -98.671374, 29.389198 ], [ -98.652861, 29.396523 ], [ -98.631702, 29.401813 ], [ -98.606517, 29.406648 ], [ -98.603615, 29.407131 ], [ -98.599649, 29.407477 ], [ -98.593244, 29.40783 ], [ -98.590118, 29.407853 ], [ -98.587828, 29.407758 ], [ -98.587831, 29.407254 ], [ -98.585892, 29.407023 ], [ -98.584247, 29.406968 ], [ -98.584264, 29.404545 ], [ -98.58472, 29.402118 ], [ -98.584393, 29.401296 ], [ -98.583988, 29.400956 ], [ -98.573515, 29.399917 ], [ -98.573594, 29.399289 ], [ -98.570952, 29.399035 ], [ -98.570456, 29.39933 ], [ -98.567739, 29.399069 ], [ -98.567786, 29.398736 ], [ -98.566899, 29.398751 ], [ -98.566701, 29.399148 ], [ -98.562393, 29.398762 ], [ -98.562713, 29.397056 ], [ -98.56344, 29.391273 ], [ -98.563621, 29.391146 ], [ -98.563795, 29.389702 ], [ -98.560886, 29.389511 ], [ -98.561005, 29.388966 ], [ -98.56257, 29.389154 ], [ -98.562862, 29.38902 ], [ -98.563082, 29.38697 ], [ -98.563302, 29.385855 ], [ -98.56136, 29.385622 ], [ -98.561523, 29.384417 ], [ -98.559616, 29.384233 ], [ -98.559557, 29.384982 ], [ -98.557441, 29.384743 ], [ -98.556905, 29.384616 ], [ -98.556798, 29.384438 ], [ -98.553411, 29.385889 ], [ -98.552759, 29.386339 ], [ -98.550507, 29.387393 ], [ -98.551103, 29.383451 ], [ -98.54994, 29.383951 ], [ -98.549047, 29.384094 ], [ -98.544078, 29.383656 ], [ -98.543702, 29.383616 ], [ -98.54267, 29.38317 ], [ -98.542089, 29.382618 ], [ -98.541955, 29.382334 ], [ -98.533672, 29.381604 ], [ -98.533407, 29.383771 ], [ -98.528299, 29.383308 ], [ -98.52721, 29.38265 ], [ -98.527524, 29.382295 ], [ -98.504253, 29.382427 ], [ -98.504264, 29.381175 ], [ -98.501249, 29.381194 ], [ -98.501675, 29.382199 ], [ -98.498127, 29.382199 ], [ -98.498126, 29.383029 ], [ -98.496892, 29.383027 ], [ -98.496087, 29.383252 ], [ -98.494, 29.38182 ], [ -98.490865, 29.380011 ], [ -98.490123, 29.379797 ], [ -98.489457, 29.379779 ], [ -98.489648, 29.380414 ], [ -98.487903, 29.380438 ], [ -98.486903, 29.379638 ], [ -98.485602, 29.379339 ], [ -98.484942, 29.380217 ], [ -98.484627, 29.380857 ], [ -98.484373, 29.381063 ], [ -98.482898, 29.381756 ], [ -98.483551, 29.383221 ], [ -98.481081, 29.384223 ], [ -98.475498, 29.375287 ], [ -98.47505, 29.375493 ], [ -98.46125, 29.375398 ], [ -98.461374, 29.37116 ], [ -98.460773, 29.368675 ], [ -98.45509, 29.368695 ], [ -98.455089, 29.366425 ], [ -98.449985, 29.366463 ], [ -98.44902, 29.366164 ], [ -98.448243, 29.366292 ], [ -98.448386, 29.400411 ], [ -98.448541, 29.400569 ], [ -98.452375, 29.400569 ], [ -98.452381, 29.402521 ], [ -98.449932, 29.402537 ], [ -98.449287, 29.4026 ], [ -98.448424, 29.402853 ], [ -98.448447, 29.403131 ], [ -98.447561, 29.403571 ], [ -98.446678, 29.404313 ], [ -98.446402, 29.404721 ], [ -98.445388, 29.405691 ], [ -98.444475, 29.406946 ], [ -98.44362, 29.407401 ], [ -98.443268, 29.408397 ], [ -98.443111, 29.409427 ], [ -98.443099, 29.413383 ], [ -98.461247, 29.413394 ], [ -98.46125, 29.409164 ], [ -98.465393, 29.409154 ], [ -98.465389, 29.408718 ], [ -98.471774, 29.408745 ], [ -98.471776, 29.409398 ], [ -98.473259, 29.40939 ], [ -98.473254, 29.420488 ], [ -98.480864, 29.422216 ], [ -98.481676, 29.424931 ], [ -98.481737, 29.427644 ], [ -98.48062, 29.427622 ], [ -98.480627, 29.426935 ], [ -98.479208, 29.426935 ], [ -98.479207, 29.426366 ], [ -98.477558, 29.426325 ], [ -98.474747, 29.426332 ], [ -98.474751, 29.427575 ], [ -98.471784, 29.427575 ], [ -98.471783, 29.42507 ], [ -98.468017, 29.42506 ], [ -98.468017, 29.426861 ], [ -98.468733, 29.426861 ], [ -98.468733, 29.427585 ], [ -98.470259, 29.427583 ], [ -98.47026, 29.428956 ], [ -98.46566, 29.428968 ], [ -98.465664, 29.42939 ], [ -98.464061, 29.429403 ], [ -98.464057, 29.428968 ], [ -98.46256, 29.428976 ], [ -98.462559, 29.429403 ], [ -98.461049, 29.429405 ], [ -98.46097, 29.436235 ], [ -98.457202, 29.435937 ], [ -98.455519, 29.436069 ], [ -98.45454, 29.436246 ], [ -98.454016, 29.43603 ], [ -98.447725, 29.43556 ], [ -98.446627, 29.435761 ], [ -98.444197, 29.436713 ], [ -98.44362, 29.437269 ], [ -98.443582, 29.437505 ], [ -98.442037, 29.439649 ], [ -98.441776, 29.439729 ], [ -98.441141, 29.440895 ], [ -98.435138, 29.449657 ], [ -98.434006, 29.451133 ], [ -98.430277, 29.454989 ], [ -98.429336, 29.455664 ], [ -98.428037, 29.456406 ], [ -98.415598, 29.456488 ], [ -98.413244, 29.456436 ], [ -98.413822, 29.455632 ], [ -98.412997, 29.455506 ], [ -98.411949, 29.454863 ], [ -98.40405, 29.46009 ], [ -98.404051, 29.459731 ], [ -98.403705, 29.459945 ], [ -98.383614, 29.473432 ], [ -98.382458, 29.474053 ], [ -98.381212, 29.474521 ], [ -98.381225, 29.471035 ], [ -98.380277, 29.471743 ], [ -98.378802, 29.473093 ], [ -98.378081, 29.473343 ], [ -98.376213, 29.473767 ], [ -98.37528, 29.47413 ], [ -98.373197, 29.475037 ], [ -98.373051, 29.475171 ], [ -98.373001, 29.475469 ], [ -98.370141, 29.47624 ], [ -98.367866, 29.477175 ], [ -98.367336, 29.476263 ], [ -98.367267, 29.475885 ], [ -98.365742, 29.476576 ], [ -98.365087, 29.47599 ], [ -98.365521, 29.475694 ], [ -98.365531, 29.474302 ], [ -98.365791, 29.473722 ], [ -98.365327, 29.47353 ], [ -98.363967, 29.472562 ], [ -98.363593, 29.47243 ], [ -98.35943, 29.472412 ], [ -98.359408, 29.46306 ], [ -98.34754, 29.466456 ], [ -98.345772, 29.467045 ], [ -98.345969, 29.467526 ], [ -98.344908, 29.467889 ], [ -98.344342, 29.467949 ], [ -98.345129, 29.470635 ], [ -98.345334, 29.470989 ], [ -98.345568, 29.471122 ], [ -98.346261, 29.47112 ], [ -98.346638, 29.471214 ], [ -98.346987, 29.471105 ], [ -98.347364, 29.471511 ], [ -98.346485, 29.472221 ], [ -98.345964, 29.47296 ], [ -98.345662, 29.474061 ], [ -98.345754, 29.475091 ], [ -98.346445, 29.476489 ], [ -98.346941, 29.477047 ], [ -98.348026, 29.477842 ], [ -98.348369, 29.478351 ], [ -98.348521, 29.478938 ], [ -98.348462, 29.479524 ], [ -98.347329, 29.482745 ], [ -98.347156, 29.484391 ], [ -98.347252, 29.485732 ], [ -98.34512, 29.486163 ], [ -98.342947, 29.486981 ], [ -98.338238, 29.489583 ], [ -98.331451, 29.493082 ], [ -98.330753, 29.492071 ], [ -98.3301, 29.49154 ], [ -98.329458, 29.491305 ], [ -98.327261, 29.490941 ], [ -98.325906, 29.490273 ], [ -98.325261, 29.490111 ], [ -98.322245, 29.490176 ], [ -98.32166, 29.490098 ], [ -98.321137, 29.489884 ], [ -98.320698, 29.490461 ], [ -98.320292, 29.490765 ], [ -98.320027, 29.490528 ], [ -98.319612, 29.490345 ], [ -98.318352, 29.490034 ], [ -98.315531, 29.489035 ], [ -98.314749, 29.488906 ], [ -98.314344, 29.488721 ], [ -98.313842, 29.489114 ], [ -98.31267, 29.489693 ], [ -98.312156, 29.490225 ], [ -98.311185, 29.48997 ], [ -98.310208, 29.489927 ], [ -98.310289, 29.489357 ], [ -98.310681, 29.488104 ], [ -98.299268, 29.485255 ], [ -98.298872, 29.486482 ], [ -98.302977, 29.487506 ], [ -98.302218, 29.489756 ], [ -98.306758, 29.490896 ], [ -98.305911, 29.491893 ], [ -98.304723, 29.495472 ], [ -98.305747, 29.495517 ], [ -98.306237, 29.49566 ], [ -98.306388, 29.49588 ], [ -98.306457, 29.496315 ], [ -98.306287, 29.496557 ], [ -98.305904, 29.496656 ], [ -98.305438, 29.497046 ], [ -98.304923, 29.497266 ], [ -98.304797, 29.497475 ], [ -98.305457, 29.498169 ], [ -98.305677, 29.498163 ], [ -98.30652, 29.497778 ], [ -98.306897, 29.498213 ], [ -98.307394, 29.498521 ], [ -98.308388, 29.498796 ], [ -98.30879, 29.498592 ], [ -98.309255, 29.498967 ], [ -98.309468, 29.499329 ], [ -98.30881, 29.501375 ], [ -98.307049, 29.500937 ], [ -98.306699, 29.501948 ], [ -98.306374, 29.502219 ], [ -98.306102, 29.50228 ], [ -98.30573, 29.502219 ], [ -98.306205, 29.50076 ], [ -98.303352, 29.50005 ], [ -98.302985, 29.501534 ], [ -98.304017, 29.501794 ], [ -98.303514, 29.503363 ], [ -98.303625, 29.504142 ], [ -98.303034, 29.505984 ], [ -98.304341, 29.506309 ], [ -98.304708, 29.506819 ], [ -98.306051, 29.506257 ], [ -98.306902, 29.507299 ], [ -98.308296, 29.509449 ], [ -98.308186, 29.510732 ], [ -98.308379, 29.51395 ], [ -98.308034, 29.519853 ], [ -98.308814, 29.519891 ], [ -98.30901, 29.519979 ], [ -98.30957, 29.521481 ], [ -98.309953, 29.521756 ], [ -98.310047, 29.522058 ], [ -98.310287, 29.522064 ], [ -98.310632, 29.5219 ], [ -98.311387, 29.521184 ], [ -98.312426, 29.521635 ], [ -98.312388, 29.521883 ], [ -98.31213, 29.522323 ], [ -98.31228, 29.522703 ], [ -98.31245, 29.522851 ], [ -98.312377, 29.523026 ], [ -98.313322, 29.521501 ], [ -98.31369, 29.521683 ], [ -98.314251, 29.522304 ], [ -98.314835, 29.522733 ], [ -98.315519, 29.523086 ], [ -98.316269, 29.522126 ], [ -98.318787, 29.525019 ], [ -98.316069, 29.526204 ], [ -98.315749, 29.526411 ], [ -98.31476, 29.527428 ], [ -98.314061, 29.528573 ], [ -98.313709, 29.529976 ], [ -98.313363, 29.530432 ], [ -98.31359, 29.530651 ], [ -98.313577, 29.5308 ], [ -98.313936, 29.531324 ], [ -98.313878, 29.531483 ], [ -98.313633, 29.531642 ], [ -98.314779, 29.53183 ], [ -98.315577, 29.531097 ], [ -98.316068, 29.530872 ], [ -98.316401, 29.530872 ], [ -98.316697, 29.531098 ], [ -98.316804, 29.531499 ], [ -98.316955, 29.53167 ], [ -98.317446, 29.531879 ], [ -98.318484, 29.531934 ], [ -98.318843, 29.532346 ], [ -98.319213, 29.532545 ], [ -98.319944, 29.532412 ], [ -98.320635, 29.532462 ], [ -98.322363, 29.532773 ], [ -98.32296, 29.532445 ], [ -98.324187, 29.533196 ], [ -98.325968, 29.535618 ], [ -98.329972, 29.537952 ], [ -98.331681, 29.536359 ], [ -98.332226, 29.536657 ], [ -98.33295, 29.5369 ], [ -98.335484, 29.537385 ], [ -98.336468, 29.537896 ], [ -98.33715, 29.53864 ], [ -98.34492, 29.550297 ], [ -98.345498, 29.550934 ], [ -98.346272, 29.551316 ], [ -98.346106, 29.551938 ], [ -98.346301, 29.552497 ], [ -98.347675, 29.554163 ], [ -98.34886, 29.555877 ], [ -98.349708, 29.557534 ], [ -98.351699, 29.56074 ], [ -98.351967, 29.561341 ], [ -98.352418, 29.563495 ], [ -98.352771, 29.564399 ], [ -98.356436, 29.56989 ], [ -98.353243, 29.570361 ], [ -98.349877, 29.57099 ], [ -98.349168, 29.571198 ], [ -98.348063, 29.57175 ], [ -98.347229, 29.572372 ], [ -98.346323, 29.573356 ], [ -98.345573, 29.574913 ], [ -98.345192, 29.576738 ], [ -98.344627, 29.57747 ], [ -98.344269, 29.577724 ], [ -98.337428, 29.581204 ], [ -98.332794, 29.573991 ], [ -98.331681, 29.572604 ], [ -98.331361, 29.572433 ], [ -98.33158, 29.572155 ], [ -98.33101, 29.571743 ], [ -98.330144, 29.570876 ], [ -98.328471, 29.572253 ], [ -98.328431, 29.572174 ], [ -98.33004, 29.570783 ], [ -98.329717, 29.570495 ], [ -98.328545, 29.571503 ], [ -98.326903, 29.569754 ], [ -98.32606, 29.568381 ], [ -98.321977, 29.570447 ], [ -98.321363, 29.569532 ], [ -98.320733, 29.56984 ], [ -98.320202, 29.570117 ], [ -98.320451, 29.570496 ], [ -98.319848, 29.571429 ], [ -98.31854, 29.570974 ], [ -98.317801, 29.571619 ], [ -98.317213, 29.572705 ], [ -98.317178, 29.573095 ], [ -98.315851, 29.572745 ], [ -98.315542, 29.573299 ], [ -98.315342, 29.573477 ], [ -98.31524, 29.573864 ], [ -98.314966, 29.573954 ], [ -98.31492, 29.574608 ], [ -98.314829, 29.574703 ], [ -98.314652, 29.574455 ], [ -98.314012, 29.574777 ], [ -98.314362, 29.575235 ], [ -98.312026, 29.576416 ], [ -98.313532, 29.57884 ], [ -98.31289, 29.579075 ], [ -98.313811, 29.579725 ], [ -98.312303, 29.580269 ], [ -98.311835, 29.578882 ], [ -98.311371, 29.579007 ], [ -98.311082, 29.578366 ], [ -98.310121, 29.577141 ], [ -98.310137, 29.576792 ], [ -98.309705, 29.575776 ], [ -98.309593, 29.575177 ], [ -98.3082, 29.574787 ], [ -98.307504, 29.573955 ], [ -98.306438, 29.572928 ], [ -98.302911, 29.574659 ], [ -98.302779, 29.574346 ], [ -98.302688, 29.573159 ], [ -98.302678, 29.573009 ], [ -98.302942, 29.571972 ], [ -98.302923, 29.571588 ], [ -98.302545, 29.569893 ], [ -98.302031, 29.568983 ], [ -98.301788, 29.568359 ], [ -98.300088, 29.566859 ], [ -98.29943, 29.566347 ], [ -98.299108, 29.565772 ], [ -98.298658, 29.564067 ], [ -98.298634, 29.564021 ], [ -98.298888, 29.562159 ], [ -98.298688, 29.561159 ], [ -98.297851, 29.560936 ], [ -98.297795, 29.560882 ], [ -98.297405, 29.560815 ], [ -98.297402, 29.560816 ], [ -98.297188, 29.560759 ], [ -98.296788, 29.560853 ], [ -98.296669, 29.560728 ], [ -98.29634, 29.560959 ], [ -98.296205, 29.560991 ], [ -98.295725, 29.561057 ], [ -98.295541, 29.561147 ], [ -98.295488, 29.561159 ], [ -98.292888, 29.561159 ], [ -98.291713, 29.560672 ], [ -98.288788, 29.559459 ], [ -98.286388, 29.55766 ], [ -98.285715, 29.556434 ], [ -98.285784, 29.556379 ], [ -98.285803, 29.555983 ], [ -98.285538, 29.554768 ], [ -98.285079, 29.554112 ], [ -98.284186, 29.55326 ], [ -98.283607, 29.55315 ], [ -98.2833, 29.553028 ], [ -98.282988, 29.55276 ], [ -98.278787, 29.55086 ], [ -98.274987, 29.55106 ], [ -98.273287, 29.55056 ], [ -98.273087, 29.55046 ], [ -98.272807, 29.55029 ], [ -98.272551, 29.550124 ], [ -98.272351, 29.549966 ], [ -98.272039, 29.54975 ], [ -98.27181, 29.549522 ], [ -98.271751, 29.549464 ], [ -98.271527, 29.549082 ], [ -98.271447, 29.54876 ], [ -98.271319, 29.54832 ], [ -98.271287, 29.54796 ], [ -98.271199, 29.547776 ], [ -98.271119, 29.54719 ], [ -98.270967, 29.546524 ], [ -98.270743, 29.54584 ], [ -98.270239, 29.545016 ], [ -98.269975, 29.54482 ], [ -98.269663, 29.544584 ], [ -98.269463, 29.544368 ], [ -98.269175, 29.544288 ], [ -98.268767, 29.54413 ], [ -98.268455, 29.54407 ], [ -98.268119, 29.54401 ], [ -98.267887, 29.54386 ], [ -98.267591, 29.543518 ], [ -98.267207, 29.543458 ], [ -98.266559, 29.54357 ], [ -98.266127, 29.543652 ], [ -98.266087, 29.54366 ], [ -98.265263, 29.543798 ], [ -98.264815, 29.54368 ], [ -98.264175, 29.543344 ], [ -98.262967, 29.542848 ], [ -98.261991, 29.542432 ], [ -98.261007, 29.5419 ], [ -98.260679, 29.541566 ], [ -98.260287, 29.541132 ], [ -98.259967, 29.540936 ], [ -98.259391, 29.540738 ], [ -98.258647, 29.540538 ], [ -98.257983, 29.540496 ], [ -98.257247, 29.540296 ], [ -98.256191, 29.54029 ], [ -98.255543, 29.540346 ], [ -98.254815, 29.540438 ], [ -98.254671, 29.540568 ], [ -98.254444, 29.540657 ], [ -98.253783, 29.541114 ], [ -98.253072, 29.542582 ], [ -98.252964, 29.542989 ], [ -98.252995, 29.54317 ], [ -98.253266, 29.543528 ], [ -98.254064, 29.544315 ], [ -98.25516, 29.544684 ], [ -98.256147, 29.545356 ], [ -98.257285, 29.545775 ], [ -98.257682, 29.54567 ], [ -98.257814, 29.545719 ], [ -98.258977, 29.54687 ], [ -98.259378, 29.547492 ], [ -98.259593, 29.54825 ], [ -98.259821, 29.548588 ], [ -98.259882, 29.549401 ], [ -98.260127, 29.549818 ], [ -98.260083, 29.550166 ], [ -98.259799, 29.550446 ], [ -98.259698, 29.550925 ], [ -98.259748, 29.551706 ], [ -98.259629, 29.552452 ], [ -98.259628, 29.552455 ], [ -98.259305, 29.553062 ], [ -98.259146, 29.55391 ], [ -98.258983, 29.554298 ], [ -98.258599, 29.554676 ], [ -98.258207, 29.554732 ], [ -98.257431, 29.554718 ], [ -98.256767, 29.554618 ], [ -98.256663, 29.554558 ], [ -98.256167, 29.554428 ], [ -98.255719, 29.55426 ], [ -98.255455, 29.554024 ], [ -98.254935, 29.553358 ], [ -98.255033, 29.552548 ], [ -98.255369, 29.552337 ], [ -98.255299, 29.552199 ], [ -98.255335, 29.552158 ], [ -98.255463, 29.552012 ], [ -98.255679, 29.551632 ], [ -98.255743, 29.551466 ], [ -98.255655, 29.551182 ], [ -98.255375, 29.550848 ], [ -98.255279, 29.55073 ], [ -98.255271, 29.550574 ], [ -98.255187, 29.55036 ], [ -98.254815, 29.5503 ], [ -98.254463, 29.550188 ], [ -98.254039, 29.549982 ], [ -98.253671, 29.549784 ], [ -98.253263, 29.549704 ], [ -98.252815, 29.549636 ], [ -98.252375, 29.549642 ], [ -98.251607, 29.549696 ], [ -98.251167, 29.549762 ], [ -98.250887, 29.54976 ], [ -98.250503, 29.550038 ], [ -98.250281, 29.550238 ], [ -98.250173, 29.550282 ], [ -98.249553, 29.550695 ], [ -98.248937, 29.551399 ], [ -98.248906, 29.551751 ], [ -98.248963, 29.552042 ], [ -98.248887, 29.552414 ], [ -98.248831, 29.553152 ], [ -98.248895, 29.553542 ], [ -98.248919, 29.55406 ], [ -98.248871, 29.554512 ], [ -98.248687, 29.5547 ], [ -98.248287, 29.55526 ], [ -98.247623, 29.55555 ], [ -98.246885, 29.555967 ], [ -98.246183, 29.556049 ], [ -98.245479, 29.556302 ], [ -98.244995, 29.556605 ], [ -98.244194, 29.556803 ], [ -98.244014, 29.556814 ], [ -98.243558, 29.55686 ], [ -98.243286, 29.55686 ], [ -98.243054, 29.55683 ], [ -98.242118, 29.556808 ], [ -98.242032, 29.556802 ], [ -98.241188, 29.556486 ], [ -98.239717, 29.556556 ], [ -98.23963, 29.556544 ], [ -98.23855, 29.556376 ], [ -98.23829, 29.556321 ], [ -98.237752, 29.55608 ], [ -98.236632, 29.555899 ], [ -98.235756, 29.555577 ], [ -98.234878, 29.555148 ], [ -98.23387, 29.554648 ], [ -98.233069, 29.554056 ], [ -98.232966, 29.55398 ], [ -98.232286, 29.553094 ], [ -98.231686, 29.552294 ], [ -98.23131, 29.551534 ], [ -98.230986, 29.55056 ], [ -98.230886, 29.54956 ], [ -98.23095, 29.549208 ], [ -98.230894, 29.54855 ], [ -98.23079, 29.547924 ], [ -98.230606, 29.547342 ], [ -98.230478, 29.546968 ], [ -98.230118, 29.546662 ], [ -98.229766, 29.546506 ], [ -98.229302, 29.54652 ], [ -98.228286, 29.54666 ], [ -98.22787, 29.546742 ], [ -98.227526, 29.546864 ], [ -98.227339, 29.547021 ], [ -98.227303, 29.547052 ], [ -98.227203, 29.547072 ], [ -98.226894, 29.547512 ], [ -98.226812, 29.54883 ], [ -98.226694, 29.549004 ], [ -98.226438, 29.549256 ], [ -98.226186, 29.54946 ], [ -98.225934, 29.549528 ], [ -98.225634, 29.549552 ], [ -98.225406, 29.54957 ], [ -98.22507, 29.54948 ], [ -98.224786, 29.54936 ], [ -98.22455, 29.549338 ], [ -98.223918, 29.549182 ], [ -98.223414, 29.549004 ], [ -98.222886, 29.548732 ], [ -98.222342, 29.548342 ], [ -98.221926, 29.547868 ], [ -98.221486, 29.54706 ], [ -98.22147, 29.54657 ], [ -98.221358, 29.54624 ], [ -98.221186, 29.54596 ], [ -98.221214, 29.545534 ], [ -98.221222, 29.545086 ], [ -98.22123, 29.544748 ], [ -98.221318, 29.544404 ], [ -98.221364, 29.544365 ], [ -98.221791, 29.544323 ], [ -98.221916, 29.543822 ], [ -98.22225, 29.543729 ], [ -98.223691, 29.543673 ], [ -98.224521, 29.543447 ], [ -98.225075, 29.543541 ], [ -98.22537, 29.543695 ], [ -98.225337, 29.543835 ], [ -98.225988, 29.543923 ], [ -98.228193, 29.543838 ], [ -98.229062, 29.543441 ], [ -98.229463, 29.543406 ], [ -98.229749, 29.54294 ], [ -98.229701, 29.542785 ], [ -98.229806, 29.542696 ], [ -98.229606, 29.542186 ], [ -98.22943, 29.541822 ], [ -98.229078, 29.54144 ], [ -98.228774, 29.541236 ], [ -98.228414, 29.541084 ], [ -98.227846, 29.540912 ], [ -98.22739, 29.540884 ], [ -98.227054, 29.540742 ], [ -98.226638, 29.54066 ], [ -98.226222, 29.5406 ], [ -98.225806, 29.540452 ], [ -98.225566, 29.54032 ], [ -98.225246, 29.54031 ], [ -98.22487, 29.540144 ], [ -98.224582, 29.539856 ], [ -98.22431, 29.539522 ], [ -98.22395, 29.539298 ], [ -98.223886, 29.53926 ], [ -98.22359, 29.539094 ], [ -98.223222, 29.538652 ], [ -98.222878, 29.538206 ], [ -98.222662, 29.537984 ], [ -98.22255, 29.537712 ], [ -98.22255, 29.537452 ], [ -98.222486, 29.53736 ], [ -98.222518, 29.537186 ], [ -98.222574, 29.537072 ], [ -98.22279, 29.53689 ], [ -98.222886, 29.53686 ], [ -98.222902, 29.536716 ], [ -98.222886, 29.536581 ], [ -98.222886, 29.53636 ], [ -98.222839, 29.536266 ], [ -98.222786, 29.53616 ], [ -98.222686, 29.53576 ], [ -98.222586, 29.535261 ], [ -98.222222, 29.533891 ], [ -98.22207, 29.533431 ], [ -98.22177, 29.533002 ], [ -98.221391, 29.53205 ], [ -98.221365, 29.531665 ], [ -98.221111, 29.53117 ], [ -98.221198, 29.530977 ], [ -98.221254, 29.530853 ], [ -98.221294, 29.530549 ], [ -98.220942, 29.530223 ], [ -98.220574, 29.529985 ], [ -98.220374, 29.529833 ], [ -98.22023, 29.529685 ], [ -98.219786, 29.529361 ], [ -98.21978, 29.529354 ], [ -98.219873, 29.528974 ], [ -98.219395, 29.528595 ], [ -98.218923, 29.527682 ], [ -98.218758, 29.527205 ], [ -98.218766, 29.526529 ], [ -98.218878, 29.525931 ], [ -98.218966, 29.525685 ], [ -98.219334, 29.525319 ], [ -98.219518, 29.525003 ], [ -98.219494, 29.524643 ], [ -98.219318, 29.524219 ], [ -98.21917, 29.524061 ], [ -98.219155, 29.523935 ], [ -98.21884, 29.52355 ], [ -98.218475, 29.523374 ], [ -98.217947, 29.523583 ], [ -98.217519, 29.523561 ], [ -98.217104, 29.523672 ], [ -98.216444, 29.524299 ], [ -98.216136, 29.524359 ], [ -98.215431, 29.524073 ], [ -98.215173, 29.523804 ], [ -98.214808, 29.523617 ], [ -98.21438, 29.523045 ], [ -98.214147, 29.522929 ], [ -98.212701, 29.522891 ], [ -98.211449, 29.523271 ], [ -98.21055, 29.523398 ], [ -98.210071, 29.523381 ], [ -98.209134, 29.523013 ], [ -98.208411, 29.522534 ], [ -98.208096, 29.522435 ], [ -98.205542, 29.522304 ], [ -98.204787, 29.522155 ], [ -98.202888, 29.520406 ], [ -98.202523, 29.520384 ], [ -98.201447, 29.519713 ], [ -98.201434, 29.519635 ], [ -98.201717, 29.519391 ], [ -98.202117, 29.519165 ], [ -98.202565, 29.518627 ], [ -98.202677, 29.518387 ], [ -98.20243, 29.517927 ], [ -98.202541, 29.517782 ], [ -98.202082, 29.517017 ], [ -98.20151, 29.516748 ], [ -98.20034, 29.516775 ], [ -98.199478, 29.51726 ], [ -98.198579, 29.517331 ], [ -98.198409, 29.517194 ], [ -98.198277, 29.516759 ], [ -98.19749, 29.516396 ], [ -98.196896, 29.515652 ], [ -98.196869, 29.515549 ], [ -98.196901, 29.515375 ], [ -98.197093, 29.515113 ], [ -98.197453, 29.514945 ], [ -98.197925, 29.514847 ], [ -98.198285, 29.514753 ], [ -98.198741, 29.514719 ], [ -98.198957, 29.514581 ], [ -98.199029, 29.514509 ], [ -98.199341, 29.514271 ], [ -98.199517, 29.513971 ], [ -98.199525, 29.513751 ], [ -98.199544, 29.513723 ], [ -98.199698, 29.513601 ], [ -98.199725, 29.513465 ], [ -98.199733, 29.513453 ], [ -98.199837, 29.513207 ], [ -98.199837, 29.513065 ], [ -98.199989, 29.512691 ], [ -98.200133, 29.512499 ], [ -98.200165, 29.512295 ], [ -98.200237, 29.512071 ], [ -98.200253, 29.511777 ], [ -98.200261, 29.511431 ], [ -98.200228, 29.511357 ], [ -98.200144, 29.510894 ], [ -98.199795, 29.510113 ], [ -98.199401, 29.509666 ], [ -98.1991, 29.509477 ], [ -98.198581, 29.50937 ], [ -98.198009, 29.509369 ], [ -98.197902, 29.509401 ], [ -98.197924, 29.509574 ], [ -98.197704, 29.509701 ], [ -98.196421, 29.509915 ], [ -98.196339, 29.51002 ], [ -98.195899, 29.510108 ], [ -98.195919, 29.510275 ], [ -98.195683, 29.510415 ], [ -98.195523, 29.510654 ], [ -98.19549, 29.51106 ], [ -98.195301, 29.511115 ], [ -98.194961, 29.510944 ], [ -98.195065, 29.51072 ], [ -98.194099, 29.510247 ], [ -98.192549, 29.510145 ], [ -98.191823, 29.5098 ], [ -98.190955, 29.509556 ], [ -98.190921, 29.509206 ], [ -98.190751, 29.509048 ], [ -98.190618, 29.508659 ], [ -98.190773, 29.507886 ], [ -98.190713, 29.507546 ], [ -98.19032, 29.507069 ], [ -98.19024, 29.506457 ], [ -98.189908, 29.505724 ], [ -98.189616, 29.505342 ], [ -98.189421, 29.504982 ], [ -98.189256, 29.504871 ], [ -98.18886, 29.504352 ], [ -98.187666, 29.503507 ], [ -98.18693, 29.502681 ], [ -98.186551, 29.502047 ], [ -98.186501, 29.50193 ], [ -98.186486, 29.501771 ], [ -98.186485, 29.501762 ], [ -98.186525, 29.501596 ], [ -98.186585, 29.501462 ], [ -98.186585, 29.501162 ], [ -98.186685, 29.501062 ], [ -98.186885, 29.500772 ], [ -98.187229, 29.500404 ], [ -98.187581, 29.499986 ], [ -98.187861, 29.499728 ], [ -98.188077, 29.499452 ], [ -98.188245, 29.499302 ], [ -98.188445, 29.499036 ], [ -98.188581, 29.498744 ], [ -98.188861, 29.498362 ], [ -98.188997, 29.497942 ], [ -98.189237, 29.497574 ], [ -98.189405, 29.497366 ], [ -98.189493, 29.497074 ], [ -98.189733, 29.49641 ], [ -98.189821, 29.496118 ], [ -98.189877, 29.495844 ], [ -98.189869, 29.495168 ], [ -98.189933, 29.494786 ], [ -98.189981, 29.494358 ], [ -98.190045, 29.493842 ], [ -98.189985, 29.493362 ], [ -98.189989, 29.493288 ], [ -98.189861, 29.492948 ], [ -98.189653, 29.49259 ], [ -98.189405, 29.492136 ], [ -98.189173, 29.491802 ], [ -98.188877, 29.491464 ], [ -98.188637, 29.491108 ], [ -98.188485, 29.490588 ], [ -98.188389, 29.490244 ], [ -98.188229, 29.489886 ], [ -98.187949, 29.489514 ], [ -98.187837, 29.489112 ], [ -98.187477, 29.48849 ], [ -98.187165, 29.488156 ], [ -98.186693, 29.487662 ], [ -98.186093, 29.487094 ], [ -98.185309, 29.486672 ], [ -98.184985, 29.486462 ], [ -98.184781, 29.486336 ], [ -98.184261, 29.486116 ], [ -98.183685, 29.48577 ], [ -98.183205, 29.485438 ], [ -98.182717, 29.485246 ], [ -98.181901, 29.485086 ], [ -98.181317, 29.485042 ], [ -98.180909, 29.48501 ], [ -98.180333, 29.484876 ], [ -98.179637, 29.484834 ], [ -98.178693, 29.484848 ], [ -98.177716, 29.484875 ], [ -98.177669, 29.484876 ], [ -98.177277, 29.485004 ], [ -98.177085, 29.485262 ], [ -98.177045, 29.485346 ], [ -98.176717, 29.485954 ], [ -98.176933, 29.486526 ], [ -98.177141, 29.486994 ], [ -98.177413, 29.487426 ], [ -98.177805, 29.48783 ], [ -98.178429, 29.48801 ], [ -98.178773, 29.48839 ], [ -98.179045, 29.488772 ], [ -98.179269, 29.48914 ], [ -98.179541, 29.489624 ], [ -98.179589, 29.489926 ], [ -98.179285, 29.490462 ], [ -98.179181, 29.49072 ], [ -98.179005, 29.491064 ], [ -98.178973, 29.491396 ], [ -98.179093, 29.491628 ], [ -98.179213, 29.491806 ], [ -98.179429, 29.491972 ], [ -98.179573, 29.492056 ], [ -98.179925, 29.49247 ], [ -98.180077, 29.492716 ], [ -98.180245, 29.492952 ], [ -98.180517, 29.493146 ], [ -98.180797, 29.493288 ], [ -98.181157, 29.49327 ], [ -98.181461, 29.49316 ], [ -98.182109, 29.49309 ], [ -98.182541, 29.493158 ], [ -98.182909, 29.493084 ], [ -98.183389, 29.493002 ], [ -98.183941, 29.492958 ], [ -98.184309, 29.493124 ], [ -98.184445, 29.49341 ], [ -98.184573, 29.493792 ], [ -98.184469, 29.494328 ], [ -98.184229, 29.49484 ], [ -98.184149, 29.495268 ], [ -98.183925, 29.495874 ], [ -98.183749, 29.49633 ], [ -98.183405, 29.496768 ], [ -98.183005, 29.497014 ], [ -98.182653, 29.497134 ], [ -98.182181, 29.497268 ], [ -98.181485, 29.497566 ], [ -98.180933, 29.497494 ], [ -98.180117, 29.497504 ], [ -98.179245, 29.497678 ], [ -98.178541, 29.497738 ], [ -98.177325, 29.497516 ], [ -98.176605, 29.49727 ], [ -98.175989, 29.496936 ], [ -98.175309, 29.496864 ], [ -98.174277, 29.496822 ], [ -98.173461, 29.496766 ], [ -98.173085, 29.496032 ], [ -98.172933, 29.495172 ], [ -98.172237, 29.495166 ], [ -98.171589, 29.495996 ], [ -98.171405, 29.496836 ], [ -98.171125, 29.497458 ], [ -98.170261, 29.497926 ], [ -98.169309, 29.497742 ], [ -98.168877, 29.497504 ], [ -98.168453, 29.496952 ], [ -98.168221, 29.496448 ], [ -98.168133, 29.49574 ], [ -98.168197, 29.495306 ], [ -98.168197, 29.49472 ], [ -98.168085, 29.494216 ], [ -98.167997, 29.493504 ], [ -98.168061, 29.492702 ], [ -98.168133, 29.491802 ], [ -98.168061, 29.49141 ], [ -98.167893, 29.491216 ], [ -98.167437, 29.490926 ], [ -98.166893, 29.490606 ], [ -98.166725, 29.490262 ], [ -98.166837, 29.489796 ], [ -98.167069, 29.489304 ], [ -98.167317, 29.489008 ], [ -98.167581, 29.488584 ], [ -98.167837, 29.48822 ], [ -98.168061, 29.48785 ], [ -98.168309, 29.487462 ], [ -98.168557, 29.48688 ], [ -98.168573, 29.486396 ], [ -98.168461, 29.485796 ], [ -98.168237, 29.485374 ], [ -98.167965, 29.485058 ], [ -98.167709, 29.484788 ], [ -98.167565, 29.484668 ], [ -98.167385, 29.484463 ], [ -98.167349, 29.484339 ], [ -98.167285, 29.484027 ], [ -98.167221, 29.483779 ], [ -98.167101, 29.483413 ], [ -98.166989, 29.483243 ], [ -98.166885, 29.482797 ], [ -98.166853, 29.482517 ], [ -98.166853, 29.482243 ], [ -98.166799, 29.481955 ], [ -98.166781, 29.481859 ], [ -98.166837, 29.481651 ], [ -98.166901, 29.481473 ], [ -98.166757, 29.480983 ], [ -98.166709, 29.480607 ], [ -98.166661, 29.480349 ], [ -98.166581, 29.479939 ], [ -98.166381, 29.479735 ], [ -98.166085, 29.479279 ], [ -98.165716, 29.478965 ], [ -98.165284, 29.478679 ], [ -98.164759, 29.478429 ], [ -98.16462, 29.478363 ], [ -98.163996, 29.478233 ], [ -98.163412, 29.478313 ], [ -98.162812, 29.478353 ], [ -98.161996, 29.478245 ], [ -98.161108, 29.478129 ], [ -98.16022, 29.478061 ], [ -98.159692, 29.478249 ], [ -98.159268, 29.478473 ], [ -98.158916, 29.478935 ], [ -98.158652, 29.479109 ], [ -98.1585, 29.479155 ], [ -98.157644, 29.478977 ], [ -98.156868, 29.478789 ], [ -98.156124, 29.478547 ], [ -98.155324, 29.478237 ], [ -98.154652, 29.478105 ], [ -98.154036, 29.478293 ], [ -98.153484, 29.478479 ], [ -98.152764, 29.478713 ], [ -98.152316, 29.479071 ], [ -98.1519, 29.479601 ], [ -98.151404, 29.480329 ], [ -98.15114, 29.480793 ], [ -98.150876, 29.481087 ], [ -98.1505, 29.481067 ], [ -98.150284, 29.480917 ], [ -98.150252, 29.480833 ], [ -98.149964, 29.480583 ], [ -98.14994, 29.480273 ], [ -98.149932, 29.479941 ], [ -98.150004, 29.479693 ], [ -98.149964, 29.479519 ], [ -98.1501, 29.479073 ], [ -98.150316, 29.478707 ], [ -98.150436, 29.478411 ], [ -98.150396, 29.478233 ], [ -98.150356, 29.478091 ], [ -98.150345, 29.478028 ], [ -98.1503, 29.477761 ], [ -98.150276, 29.477269 ], [ -98.15038, 29.476985 ], [ -98.150372, 29.476489 ], [ -98.150052, 29.476345 ], [ -98.14918, 29.476411 ], [ -98.14822, 29.476695 ], [ -98.147556, 29.477053 ], [ -98.146612, 29.477505 ], [ -98.146004, 29.477855 ], [ -98.145796, 29.477935 ], [ -98.145276, 29.478115 ], [ -98.144884, 29.478263 ], [ -98.14446, 29.478463 ], [ -98.144156, 29.478583 ], [ -98.14382, 29.478755 ], [ -98.143596, 29.478933 ], [ -98.143284, 29.479151 ], [ -98.142972, 29.479487 ], [ -98.142796, 29.479783 ], [ -98.142692, 29.480033 ], [ -98.142548, 29.480283 ], [ -98.142596, 29.480557 ], [ -98.14254, 29.480979 ], [ -98.142388, 29.481463 ], [ -98.142332, 29.481887 ], [ -98.142356, 29.482097 ], [ -98.142356, 29.482325 ], [ -98.142508, 29.482761 ], [ -98.142692, 29.482893 ], [ -98.143116, 29.483129 ], [ -98.1433, 29.483191 ], [ -98.143556, 29.483231 ], [ -98.144124, 29.483411 ], [ -98.144548, 29.483973 ], [ -98.144348, 29.484369 ], [ -98.14402, 29.484579 ], [ -98.14342, 29.484677 ], [ -98.14298, 29.484655 ], [ -98.14258, 29.484885 ], [ -98.142484, 29.485229 ], [ -98.142436, 29.485437 ], [ -98.14254, 29.485707 ], [ -98.142716, 29.485917 ], [ -98.142784, 29.485963 ], [ -98.142884, 29.485977 ], [ -98.143076, 29.486145 ], [ -98.143252, 29.486231 ], [ -98.143284, 29.486405 ], [ -98.14318, 29.486589 ], [ -98.142932, 29.486759 ], [ -98.142484, 29.486995 ], [ -98.141916, 29.487183 ], [ -98.1413, 29.486969 ], [ -98.140404, 29.486775 ], [ -98.13986, 29.486487 ], [ -98.139276, 29.486131 ], [ -98.138996, 29.485789 ], [ -98.13894, 29.485437 ], [ -98.139068, 29.485097 ], [ -98.139348, 29.484813 ], [ -98.139796, 29.484675 ], [ -98.14006, 29.484545 ], [ -98.139972, 29.484299 ], [ -98.139708, 29.484179 ], [ -98.139532, 29.483969 ], [ -98.139468, 29.483753 ], [ -98.139396, 29.483589 ], [ -98.139228, 29.483337 ], [ -98.139092, 29.483185 ], [ -98.138732, 29.483273 ], [ -98.13834, 29.483617 ], [ -98.137868, 29.484109 ], [ -98.137428, 29.484525 ], [ -98.136972, 29.484759 ], [ -98.136468, 29.484987 ], [ -98.135828, 29.484995 ], [ -98.135324, 29.484769 ], [ -98.135044, 29.484485 ], [ -98.134956, 29.484115 ], [ -98.135068, 29.483767 ], [ -98.135412, 29.483449 ], [ -98.135772, 29.483281 ], [ -98.136204, 29.483131 ], [ -98.136708, 29.482921 ], [ -98.136844, 29.482555 ], [ -98.136876, 29.482103 ], [ -98.136876, 29.481993 ], [ -98.136812, 29.481657 ], [ -98.13674, 29.481323 ], [ -98.136628, 29.480945 ], [ -98.136508, 29.480659 ], [ -98.13634, 29.480351 ], [ -98.13614, 29.480147 ], [ -98.135876, 29.479859 ], [ -98.135308, 29.479535 ], [ -98.13494, 29.479397 ], [ -98.13466, 29.479307 ], [ -98.1343, 29.479315 ], [ -98.133924, 29.479559 ], [ -98.133612, 29.479901 ], [ -98.133276, 29.480183 ], [ -98.132812, 29.480309 ], [ -98.132188, 29.480619 ], [ -98.13166, 29.480927 ], [ -98.131276, 29.481219 ], [ -98.13078, 29.481761 ], [ -98.130332, 29.482303 ], [ -98.129764, 29.482673 ], [ -98.129492, 29.482909 ], [ -98.12894, 29.483145 ], [ -98.1283, 29.483269 ], [ -98.12774, 29.483309 ], [ -98.12722, 29.483167 ], [ -98.127012, 29.483109 ], [ -98.126852, 29.483103 ], [ -98.126584, 29.483063 ], [ -98.126132, 29.481785 ], [ -98.125884, 29.481563 ], [ -98.125668, 29.481299 ], [ -98.125548, 29.480983 ], [ -98.1253, 29.480577 ], [ -98.124996, 29.480155 ], [ -98.124428, 29.479657 ], [ -98.123907, 29.479169 ], [ -98.123555, 29.478825 ], [ -98.123107, 29.478421 ], [ -98.122755, 29.478089 ], [ -98.122435, 29.477783 ], [ -98.122267, 29.477465 ], [ -98.122131, 29.477149 ], [ -98.122067, 29.476901 ], [ -98.122035, 29.476661 ], [ -98.122115, 29.476439 ], [ -98.122331, 29.476199 ], [ -98.122627, 29.476065 ], [ -98.123035, 29.475993 ], [ -98.123323, 29.475985 ], [ -98.123619, 29.475991 ], [ -98.123843, 29.475965 ], [ -98.124147, 29.475915 ], [ -98.124395, 29.475837 ], [ -98.124532, 29.475571 ], [ -98.124556, 29.475261 ], [ -98.124211, 29.474539 ], [ -98.123987, 29.473979 ], [ -98.123619, 29.473391 ], [ -98.123283, 29.473019 ], [ -98.122955, 29.472713 ], [ -98.122587, 29.472595 ], [ -98.122187, 29.472673 ], [ -98.121875, 29.472841 ], [ -98.121603, 29.473037 ], [ -98.121299, 29.473125 ], [ -98.121067, 29.473157 ], [ -98.120827, 29.473061 ], [ -98.120667, 29.472873 ], [ -98.120707, 29.472583 ], [ -98.120787, 29.472145 ], [ -98.120763, 29.471845 ], [ -98.120611, 29.471307 ], [ -98.120379, 29.470743 ], [ -98.120019, 29.470177 ], [ -98.119675, 29.469809 ], [ -98.119331, 29.469371 ], [ -98.118963, 29.468973 ], [ -98.118507, 29.468187 ], [ -98.118155, 29.467459 ], [ -98.117835, 29.466643 ], [ -98.117627, 29.465859 ], [ -98.117323, 29.464901 ], [ -98.117187, 29.464477 ], [ -98.117067, 29.464027 ], [ -98.116923, 29.463561 ], [ -98.116811, 29.462839 ], [ -98.116835, 29.462184 ], [ -98.116923, 29.461634 ], [ -98.116947, 29.46127 ], [ -98.116923, 29.460882 ], [ -98.116923, 29.460654 ], [ -98.117011, 29.4604 ], [ -98.117403, 29.459926 ], [ -98.117571, 29.459742 ], [ -98.118027, 29.459388 ], [ -98.118307, 29.459254 ], [ -98.118579, 29.459066 ], [ -98.118811, 29.458768 ], [ -98.119035, 29.458514 ], [ -98.119235, 29.458208 ], [ -98.119539, 29.457872 ], [ -98.119811, 29.4576 ], [ -98.120139, 29.457316 ], [ -98.120387, 29.45716 ], [ -98.120739, 29.457018 ], [ -98.121035, 29.457014 ], [ -98.121531, 29.457122 ], [ -98.122083, 29.457232 ], [ -98.122603, 29.457274 ], [ -98.123243, 29.457358 ], [ -98.123715, 29.45737 ], [ -98.124299, 29.45748 ], [ -98.124675, 29.457566 ], [ -98.125155, 29.457766 ], [ -98.125715, 29.457868 ], [ -98.126123, 29.457752 ], [ -98.12642, 29.457578 ], [ -98.126636, 29.457398 ], [ -98.126784, 29.456864 ], [ -98.126988, 29.456572 ], [ -98.126984, 29.456264 ], [ -98.127004, 29.456112 ], [ -98.126784, 29.455564 ], [ -98.126644, 29.454534 ], [ -98.126483, 29.45426 ], [ -98.126283, 29.454072 ], [ -98.125963, 29.453848 ], [ -98.125595, 29.453642 ], [ -98.125291, 29.453436 ], [ -98.124963, 29.453132 ], [ -98.124475, 29.452798 ], [ -98.124123, 29.452598 ], [ -98.123955, 29.45243 ], [ -98.123827, 29.452178 ], [ -98.123648, 29.451893 ], [ -98.123587, 29.451796 ], [ -98.123083, 29.451164 ], [ -98.122715, 29.450872 ], [ -98.122515, 29.450532 ], [ -98.122275, 29.450178 ], [ -98.122035, 29.449922 ], [ -98.121611, 29.44983 ], [ -98.121379, 29.449842 ], [ -98.121115, 29.449866 ], [ -98.120827, 29.449874 ], [ -98.120635, 29.449772 ], [ -98.120507, 29.44948 ], [ -98.120555, 29.44922 ], [ -98.120771, 29.448828 ], [ -98.121027, 29.448514 ], [ -98.121195, 29.4482 ], [ -98.121291, 29.448024 ], [ -98.121353, 29.447903 ], [ -98.121435, 29.447742 ], [ -98.121459, 29.447586 ], [ -98.121419, 29.447354 ], [ -98.121259, 29.447244 ], [ -98.121043, 29.44718 ], [ -98.120787, 29.447078 ], [ -98.120683, 29.446708 ], [ -98.120859, 29.446472 ], [ -98.121219, 29.446224 ], [ -98.121595, 29.446066 ], [ -98.121995, 29.44589 ], [ -98.122331, 29.445808 ], [ -98.122723, 29.445788 ], [ -98.123123, 29.445794 ], [ -98.123603, 29.445864 ], [ -98.124355, 29.446076 ], [ -98.124803, 29.446148 ], [ -98.125187, 29.446116 ], [ -98.125619, 29.446 ], [ -98.126883, 29.445764 ], [ -98.127516, 29.446024 ], [ -98.127796, 29.446036 ], [ -98.12794, 29.445976 ], [ -98.128076, 29.445758 ], [ -98.12826, 29.445468 ], [ -98.128476, 29.445124 ], [ -98.12862, 29.444872 ], [ -98.128844, 29.444654 ], [ -98.129188, 29.44445 ], [ -98.129564, 29.444288 ], [ -98.129932, 29.444198 ], [ -98.130164, 29.444034 ], [ -98.13042, 29.443844 ], [ -98.130764, 29.443624 ], [ -98.131244, 29.443328 ], [ -98.131444, 29.443274 ], [ -98.131804, 29.443332 ], [ -98.132252, 29.443348 ], [ -98.132612, 29.443096 ], [ -98.1329, 29.442844 ], [ -98.133196, 29.442694 ], [ -98.133364, 29.442574 ], [ -98.1335, 29.44244 ], [ -98.133584, 29.442264 ], [ -98.136417, 29.440774 ], [ -98.137195, 29.440433 ], [ -98.137294, 29.440313 ], [ -98.137384, 29.440264 ], [ -98.140291, 29.436688 ], [ -98.142872, 29.433566 ], [ -98.146784, 29.428965 ], [ -98.147684, 29.427865 ], [ -98.147708, 29.427821 ], [ -98.153828, 29.420371 ], [ -98.153884, 29.420365 ], [ -98.158188, 29.415297 ], [ -98.160084, 29.413065 ], [ -98.160684, 29.412365 ], [ -98.161972, 29.410712 ], [ -98.162964, 29.409439 ], [ -98.164293, 29.407778 ], [ -98.166384, 29.405165 ], [ -98.167908, 29.403415 ], [ -98.17198, 29.398538 ], [ -98.175585, 29.394166 ], [ -98.175766, 29.393859 ], [ -98.176643, 29.392807 ], [ -98.178005, 29.391226 ], [ -98.180493, 29.388244 ], [ -98.182485, 29.385766 ], [ -98.184637, 29.383082 ], [ -98.186885, 29.380266 ], [ -98.187885, 29.378866 ], [ -98.188585, 29.378066 ], [ -98.190797, 29.37508 ], [ -98.197785, 29.366667 ], [ -98.204636, 29.35825 ], [ -98.227424, 29.363222 ], [ -98.227104, 29.364453 ], [ -98.226749, 29.365193 ], [ -98.224982, 29.371267 ], [ -98.220659, 29.38652 ], [ -98.213408, 29.384827 ], [ -98.212345, 29.388816 ], [ -98.224014, 29.393147 ], [ -98.225269, 29.393526 ], [ -98.230648, 29.394685 ], [ -98.231541, 29.394951 ], [ -98.233158, 29.395871 ], [ -98.235596, 29.397544 ], [ -98.236788, 29.398016 ], [ -98.244061, 29.399765 ], [ -98.245617, 29.399881 ], [ -98.246739, 29.399712 ], [ -98.250575, 29.398933 ], [ -98.258731, 29.397457 ], [ -98.261842, 29.397299 ], [ -98.264052, 29.397328 ], [ -98.264608, 29.395694 ], [ -98.270566, 29.397038 ], [ -98.2759, 29.397036 ], [ -98.276121, 29.396865 ], [ -98.276088, 29.396245 ], [ -98.276138, 29.396136 ], [ -98.276274, 29.39611 ], [ -98.280284, 29.397025 ], [ -98.283043, 29.397149 ], [ -98.286006, 29.397885 ], [ -98.287156, 29.398391 ], [ -98.292522, 29.401789 ], [ -98.293559, 29.402204 ], [ -98.296042, 29.402725 ], [ -98.297454, 29.402837 ], [ -98.298567, 29.40328 ], [ -98.302837, 29.40423 ], [ -98.303077, 29.403341 ], [ -98.303309, 29.403179 ], [ -98.307088, 29.403823 ], [ -98.309522, 29.395269 ], [ -98.309762, 29.395111 ], [ -98.311041, 29.395405 ], [ -98.311283, 29.39533 ], [ -98.312876, 29.389729 ], [ -98.321152, 29.391511 ], [ -98.321373, 29.391451 ], [ -98.323888, 29.382718 ], [ -98.327087, 29.383431 ], [ -98.327591, 29.382927 ], [ -98.327647, 29.382668 ], [ -98.327434, 29.382178 ], [ -98.32717, 29.382013 ], [ -98.327113, 29.381854 ], [ -98.327195, 29.381733 ], [ -98.327496, 29.381804 ], [ -98.32754, 29.381661 ], [ -98.327226, 29.381386 ], [ -98.326824, 29.381282 ], [ -98.326541, 29.381095 ], [ -98.326548, 29.380737 ], [ -98.326924, 29.380236 ], [ -98.326541, 29.380005 ], [ -98.326485, 29.379802 ], [ -98.326711, 29.37929 ], [ -98.326748, 29.378751 ], [ -98.32727, 29.377766 ], [ -98.327546, 29.377596 ], [ -98.328168, 29.377568 ], [ -98.328218, 29.377887 ], [ -98.328425, 29.377931 ], [ -98.328538, 29.377502 ], [ -98.328482, 29.377221 ], [ -98.328727, 29.377199 ], [ -98.328821, 29.377067 ], [ -98.328815, 29.376957 ], [ -98.328488, 29.376627 ], [ -98.328614, 29.376105 ], [ -98.32845, 29.375571 ], [ -98.328482, 29.37529 ], [ -98.328281, 29.375351 ], [ -98.328224, 29.375081 ], [ -98.328649, 29.374611 ], [ -98.328649, 29.373973 ], [ -98.329252, 29.373505 ], [ -98.329441, 29.373202 ], [ -98.33005, 29.37307 ], [ -98.330464, 29.372393 ], [ -98.33042, 29.37192 ], [ -98.330069, 29.37192 ], [ -98.330037, 29.372058 ], [ -98.329817, 29.372107 ], [ -98.329541, 29.371926 ], [ -98.329836, 29.371469 ], [ -98.330175, 29.371541 ], [ -98.330207, 29.371035 ], [ -98.330552, 29.370776 ], [ -98.330841, 29.370743 ], [ -98.33081, 29.370567 ], [ -98.33047, 29.370358 ], [ -98.330351, 29.369725 ], [ -98.330514, 29.369648 ], [ -98.330571, 29.369494 ], [ -98.332166, 29.37027 ], [ -98.332813, 29.369466 ], [ -98.333315, 29.369208 ], [ -98.333359, 29.368663 ], [ -98.333742, 29.367843 ], [ -98.333704, 29.366765 ], [ -98.333805, 29.366545 ], [ -98.3341, 29.36655 ], [ -98.334332, 29.366957 ], [ -98.334439, 29.366963 ], [ -98.334816, 29.366583 ], [ -98.335224, 29.366402 ], [ -98.335538, 29.366435 ], [ -98.336091, 29.366842 ], [ -98.336267, 29.366869 ], [ -98.336838, 29.366555 ], [ -98.337002, 29.366588 ], [ -98.337108, 29.366759 ], [ -98.337429, 29.366693 ], [ -98.33763, 29.366742 ], [ -98.338101, 29.366396 ], [ -98.338032, 29.366098 ], [ -98.338277, 29.365928 ], [ -98.338854, 29.366087 ], [ -98.339143, 29.366021 ], [ -98.339388, 29.365246 ], [ -98.340098, 29.364926 ], [ -98.340512, 29.364613 ], [ -98.340882, 29.363479 ], [ -98.341065, 29.363441 ], [ -98.341598, 29.363694 ], [ -98.342245, 29.363776 ], [ -98.342377, 29.364139 ], [ -98.342559, 29.36415 ], [ -98.342792, 29.363743 ], [ -98.342949, 29.362879 ], [ -98.34325, 29.362037 ], [ -98.343363, 29.361091 ], [ -98.343689, 29.360486 ], [ -98.343645, 29.360205 ], [ -98.34335, 29.359903 ], [ -98.343274, 29.359336 ], [ -98.343088, 29.358859 ], [ -98.331417, 29.356495 ], [ -98.318427, 29.353737 ], [ -98.314753, 29.352923 ], [ -98.314815, 29.352718 ], [ -98.331368, 29.356333 ], [ -98.338096, 29.357599 ], [ -98.338148, 29.357427 ], [ -98.338218, 29.357569 ], [ -98.343384, 29.358699 ], [ -98.34404, 29.358494 ], [ -98.344586, 29.358125 ], [ -98.344963, 29.358032 ], [ -98.345302, 29.358235 ], [ -98.34561, 29.358257 ], [ -98.345842, 29.358037 ], [ -98.346301, 29.357822 ], [ -98.346426, 29.357476 ], [ -98.346263, 29.357228 ], [ -98.346671, 29.35698 ], [ -98.347042, 29.356986 ], [ -98.347437, 29.356826 ], [ -98.347751, 29.357063 ], [ -98.348781, 29.357029 ], [ -98.349026, 29.356947 ], [ -98.348863, 29.356628 ], [ -98.348982, 29.356457 ], [ -98.349673, 29.356446 ], [ -98.350395, 29.356253 ], [ -98.35096, 29.356391 ], [ -98.351236, 29.356363 ], [ -98.351657, 29.355351 ], [ -98.352241, 29.355081 ], [ -98.352737, 29.354635 ], [ -98.352774, 29.354421 ], [ -98.352623, 29.353793 ], [ -98.35268, 29.353595 ], [ -98.352799, 29.353524 ], [ -98.352994, 29.353513 ], [ -98.353283, 29.353689 ], [ -98.354036, 29.353474 ], [ -98.354313, 29.353672 ], [ -98.355016, 29.353699 ], [ -98.355104, 29.353567 ], [ -98.354859, 29.3531 ], [ -98.354978, 29.353 ], [ -98.355261, 29.352989 ], [ -98.355512, 29.353088 ], [ -98.355688, 29.353011 ], [ -98.356052, 29.353143 ], [ -98.357069, 29.35306 ], [ -98.357069, 29.352917 ], [ -98.356918, 29.352824 ], [ -98.3569, 29.352516 ], [ -98.356742, 29.352439 ], [ -98.356698, 29.352109 ], [ -98.356196, 29.352059 ], [ -98.356077, 29.351779 ], [ -98.356196, 29.351619 ], [ -98.356095, 29.351454 ], [ -98.35612, 29.351273 ], [ -98.356284, 29.351289 ], [ -98.356617, 29.351515 ], [ -98.356805, 29.351443 ], [ -98.356641, 29.351025 ], [ -98.356346, 29.350843 ], [ -98.356409, 29.350656 ], [ -98.357445, 29.350221 ], [ -98.357169, 29.350018 ], [ -98.357281, 29.349528 ], [ -98.357602, 29.349567 ], [ -98.357928, 29.350018 ], [ -98.359077, 29.349176 ], [ -98.359046, 29.349104 ], [ -98.358688, 29.34906 ], [ -98.358129, 29.348829 ], [ -98.357708, 29.348846 ], [ -98.357224, 29.347988 ], [ -98.357664, 29.34796 ], [ -98.35838, 29.347745 ], [ -98.358857, 29.347729 ], [ -98.359033, 29.347602 ], [ -98.359114, 29.347211 ], [ -98.359641, 29.34725 ], [ -98.358661, 29.34615 ], [ -98.358718, 29.345624 ], [ -98.357032, 29.345297 ], [ -98.356162, 29.344866 ], [ -98.351441, 29.341261 ], [ -98.351102, 29.340846 ], [ -98.350997, 29.340552 ], [ -98.350941, 29.321423 ], [ -98.351027, 29.32064 ], [ -98.351228, 29.32012 ], [ -98.351743, 29.319382 ], [ -98.357705, 29.312198 ], [ -98.35838, 29.311661 ], [ -98.359169, 29.311277 ], [ -98.361841, 29.310765 ], [ -98.362502, 29.310515 ], [ -98.363215, 29.31006 ], [ -98.373917, 29.298512 ], [ -98.375579, 29.299644 ], [ -98.380314, 29.302126 ], [ -98.384884, 29.296635 ], [ -98.376106, 29.286048 ], [ -98.370793, 29.281766 ], [ -98.37003, 29.28083 ], [ -98.377979, 29.273993 ], [ -98.378695, 29.273438 ], [ -98.378751, 29.273475 ], [ -98.378755, 29.27314 ], [ -98.384212, 29.263232 ], [ -98.385006, 29.262844 ], [ -98.385161, 29.262555 ], [ -98.387852, 29.268178 ], [ -98.388071, 29.268448 ], [ -98.388444, 29.268688 ], [ -98.390765, 29.269439 ], [ -98.395227, 29.271947 ], [ -98.395616, 29.272051 ], [ -98.394405, 29.25284 ], [ -98.394496, 29.251212 ], [ -98.394783, 29.249623 ], [ -98.395197, 29.248223 ], [ -98.395858, 29.246752 ], [ -98.393811, 29.245946 ], [ -98.395427, 29.243097 ], [ -98.393772, 29.242378 ], [ -98.394069, 29.241788 ], [ -98.393199, 29.241411 ], [ -98.391316, 29.245174 ], [ -98.388781, 29.243967 ], [ -98.389087, 29.24334 ], [ -98.387412, 29.242395 ], [ -98.390132, 29.236194 ], [ -98.390336, 29.236175 ], [ -98.39053, 29.236565 ], [ -98.390775, 29.236709 ], [ -98.390954, 29.237116 ], [ -98.391276, 29.237096 ], [ -98.391558, 29.236992 ], [ -98.39184, 29.236747 ], [ -98.392081, 29.236224 ], [ -98.392373, 29.236101 ], [ -98.393322, 29.236165 ], [ -98.393905, 29.235824 ], [ -98.394087, 29.235609 ], [ -98.394112, 29.235417 ], [ -98.393944, 29.234085 ], [ -98.393536, 29.233667 ], [ -98.393059, 29.233601 ], [ -98.392877, 29.233496 ], [ -98.392746, 29.233227 ], [ -98.39271, 29.229799 ], [ -98.392283, 29.229392 ], [ -98.391387, 29.229116 ], [ -98.390992, 29.228594 ], [ -98.390277, 29.228395 ], [ -98.3898, 29.228065 ], [ -98.389493, 29.227564 ], [ -98.389469, 29.226502 ], [ -98.389287, 29.225985 ], [ -98.389638, 29.225512 ], [ -98.390096, 29.225133 ], [ -98.390686, 29.224841 ], [ -98.391991, 29.224346 ], [ -98.393252, 29.224039 ], [ -98.393572, 29.224066 ], [ -98.394368, 29.224421 ], [ -98.395499, 29.224545 ], [ -98.396133, 29.224917 ], [ -98.396676, 29.224342 ], [ -98.397474, 29.223732 ], [ -98.398767, 29.223481 ], [ -98.399539, 29.223523 ], [ -98.399795, 29.223632 ], [ -98.400404, 29.224642 ], [ -98.400848, 29.226014 ], [ -98.400882, 29.227513 ], [ -98.40108, 29.228972 ], [ -98.401338, 29.229874 ], [ -98.402432, 29.231431 ], [ -98.402946, 29.232787 ], [ -98.402846, 29.233281 ], [ -98.402234, 29.234369 ], [ -98.402512, 29.235184 ], [ -98.403014, 29.235704 ], [ -98.404351, 29.233169 ], [ -98.411463, 29.220851 ], [ -98.412666, 29.218238 ], [ -98.425098, 29.186941 ], [ -98.425563, 29.185563 ], [ -98.42592, 29.184088 ], [ -98.428274, 29.169655 ], [ -98.428358, 29.167966 ], [ -98.428222, 29.148214 ], [ -98.429099, 29.140318 ], [ -98.431306, 29.122512 ], [ -98.414068, 29.116715 ], [ -98.410704, 29.11551 ], [ -98.407375, 29.11445 ], [ -98.407533, 29.114266 ], [ -98.410851, 29.11532 ], [ -98.414257, 29.116541 ], [ -98.418416, 29.117895 ], [ -98.426436, 29.120644 ], [ -98.427605, 29.121032 ], [ -98.431058, 29.122177 ], [ -98.431496, 29.122338 ], [ -98.435796, 29.123919 ], [ -98.437833, 29.124616 ], [ -98.439173, 29.125074 ], [ -98.441544, 29.125889 ], [ -98.44884, 29.128399 ], [ -98.456262, 29.130953 ], [ -98.473847, 29.137002 ], [ -98.48402, 29.140502 ], [ -98.494112, 29.143973 ], [ -98.494366, 29.144061 ], [ -98.495756, 29.144559 ], [ -98.496044, 29.144658 ], [ -98.49768, 29.145222 ], [ -98.50049, 29.146157 ], [ -98.500618, 29.146201 ], [ -98.50091, 29.146303 ], [ -98.50442, 29.147525 ], [ -98.50464, 29.147602 ], [ -98.506498, 29.14825 ], [ -98.506755, 29.148339 ], [ -98.507968, 29.148763 ], [ -98.512143, 29.150143 ], [ -98.513676, 29.150668 ], [ -98.513933, 29.150756 ], [ -98.51616, 29.151519 ], [ -98.516341, 29.151581 ], [ -98.517229, 29.151885 ], [ -98.521138, 29.153224 ], [ -98.52311, 29.153899 ], [ -98.523277, 29.153957 ], [ -98.524062, 29.154226 ], [ -98.52421, 29.154277 ], [ -98.524412, 29.154346 ], [ -98.525686, 29.154782 ], [ -98.527099, 29.155266 ], [ -98.530479, 29.156423 ], [ -98.540873, 29.159982 ], [ -98.544788, 29.161323 ], [ -98.54627, 29.161831 ], [ -98.547206, 29.162152 ], [ -98.547693, 29.162319 ], [ -98.55308, 29.164163 ], [ -98.557544, 29.165692 ], [ -98.559454, 29.166346 ], [ -98.566877, 29.168888 ], [ -98.574124, 29.17137 ], [ -98.574993, 29.171668 ], [ -98.575614, 29.171881 ], [ -98.585239, 29.175176 ], [ -98.5853, 29.175197 ], [ -98.585465, 29.175254 ], [ -98.585589, 29.175297 ], [ -98.58646, 29.175596 ], [ -98.588462, 29.176282 ], [ -98.594877, 29.178492 ], [ -98.599679, 29.180137 ], [ -98.600282, 29.180343 ], [ -98.600721, 29.180494 ], [ -98.60198, 29.180925 ], [ -98.602897, 29.18124 ], [ -98.605882, 29.182262 ], [ -98.606834, 29.182589 ], [ -98.61279, 29.184629 ], [ -98.613536, 29.184885 ], [ -98.618622, 29.186628 ], [ -98.621695, 29.187681 ], [ -98.625494, 29.189098 ], [ -98.626673, 29.1895 ], [ -98.637143, 29.193074 ], [ -98.638463, 29.193524 ], [ -98.638514, 29.193541 ], [ -98.638518, 29.193779 ] ] ] } },
{ "type": "Feature", "properties": { "OBJECTID_1": 21, "District": 21, "SENATOR": "Judith Zaffirini", "WEBSITE": "https://senate.texas.gov/member.php?d=21", "Shape__Area": 465344014881.14301, "Shape__Length": 5722266.6372349896, "OBJECTID_2": 1, "ID": 1, "FIPSSTCO": "48029", "NAME": "Bexar County", "ICOMAPATTR": "x", "SHAPESTArea": 35025204908.119141, "SHAPESTLength": 923728.01036523399 }, "geometry": { "type": "MultiPolygon", "coordinates": [ [ [ [ -98.410704, 29.11551 ], [ -98.414068, 29.116715 ], [ -98.431306, 29.122512 ], [ -98.429099, 29.140318 ], [ -98.428222, 29.148214 ], [ -98.428358, 29.167966 ], [ -98.428274, 29.169655 ], [ -98.42592, 29.184088 ], [ -98.425563, 29.185563 ], [ -98.425098, 29.186941 ], [ -98.412666, 29.218238 ], [ -98.411463, 29.220851 ], [ -98.404351, 29.233169 ], [ -98.403014, 29.235704 ], [ -98.402512, 29.235184 ], [ -98.402234, 29.234369 ], [ -98.402846, 29.233281 ], [ -98.402946, 29.232787 ], [ -98.402432, 29.231431 ], [ -98.401338, 29.229874 ], [ -98.40108, 29.228972 ], [ -98.400882, 29.227513 ], [ -98.400848, 29.226014 ], [ -98.400404, 29.224642 ], [ -98.399795, 29.223632 ], [ -98.399539, 29.223523 ], [ -98.398767, 29.223481 ], [ -98.397474, 29.223732 ], [ -98.396676, 29.224342 ], [ -98.396133, 29.224917 ], [ -98.395499, 29.224545 ], [ -98.394368, 29.224421 ], [ -98.393572, 29.224066 ], [ -98.393252, 29.224039 ], [ -98.391991, 29.224346 ], [ -98.390686, 29.224841 ], [ -98.390096, 29.225133 ], [ -98.389638, 29.225512 ], [ -98.389287, 29.225985 ], [ -98.389469, 29.226502 ], [ -98.389493, 29.227564 ], [ -98.3898, 29.228065 ], [ -98.390277, 29.228395 ], [ -98.390992, 29.228594 ], [ -98.391387, 29.229116 ], [ -98.392283, 29.229392 ], [ -98.39271, 29.229799 ], [ -98.392746, 29.233227 ], [ -98.392877, 29.233496 ], [ -98.393059, 29.233601 ], [ -98.393536, 29.233667 ], [ -98.393944, 29.234085 ], [ -98.394112, 29.235417 ], [ -98.394087, 29.235609 ], [ -98.393905, 29.235824 ], [ -98.393322, 29.236165 ], [ -98.392373, 29.236101 ], [ -98.392081, 29.236224 ], [ -98.39184, 29.236747 ], [ -98.391558, 29.236992 ], [ -98.391276, 29.237096 ], [ -98.390954, 29.237116 ], [ -98.390775, 29.236709 ], [ -98.39053, 29.236565 ], [ -98.390336, 29.236175 ], [ -98.390132, 29.236194 ], [ -98.387412, 29.242395 ], [ -98.389087, 29.24334 ], [ -98.388781, 29.243967 ], [ -98.391316, 29.245174 ], [ -98.393199, 29.241411 ], [ -98.394069, 29.241788 ], [ -98.393772, 29.242378 ], [ -98.395427, 29.243097 ], [ -98.393811, 29.245946 ], [ -98.395858, 29.246752 ], [ -98.395197, 29.248223 ], [ -98.394783, 29.249623 ], [ -98.394496, 29.251212 ], [ -98.394405, 29.25284 ], [ -98.395616, 29.272051 ], [ -98.395227, 29.271947 ], [ -98.390765, 29.269439 ], [ -98.388601, 29.268744 ], [ -98.388177, 29.268534 ], [ -98.387852, 29.268178 ], [ -98.385161, 29.262555 ], [ -98.385006, 29.262844 ], [ -98.384212, 29.263232 ], [ -98.378755, 29.27314 ], [ -98.378751, 29.273475 ], [ -98.378695, 29.273438 ], [ -98.377979, 29.273993 ], [ -98.37003, 29.28083 ], [ -98.370793, 29.281766 ], [ -98.376106, 29.286048 ], [ -98.384884, 29.296635 ], [ -98.380314, 29.302126 ], [ -98.375579, 29.299644 ], [ -98.373917, 29.298512 ], [ -98.363215, 29.31006 ], [ -98.362502, 29.310515 ], [ -98.361841, 29.310765 ], [ -98.359169, 29.311277 ], [ -98.35838, 29.311661 ], [ -98.357705, 29.312198 ], [ -98.351743, 29.319382 ], [ -98.351161, 29.320258 ], [ -98.351001, 29.32076 ], [ -98.350941, 29.321423 ], [ -98.350997, 29.340552 ], [ -98.351102, 29.340846 ], [ -98.351441, 29.341261 ], [ -98.356162, 29.344866 ], [ -98.357032, 29.345297 ], [ -98.358718, 29.345624 ], [ -98.358661, 29.34615 ], [ -98.359641, 29.34725 ], [ -98.359114, 29.347211 ], [ -98.359033, 29.347602 ], [ -98.358857, 29.347729 ], [ -98.35838, 29.347745 ], [ -98.357664, 29.34796 ], [ -98.357224, 29.347988 ], [ -98.357708, 29.348846 ], [ -98.358129, 29.348829 ], [ -98.358688, 29.34906 ], [ -98.359046, 29.349104 ], [ -98.359077, 29.349176 ], [ -98.357928, 29.350018 ], [ -98.357602, 29.349567 ], [ -98.357281, 29.349528 ], [ -98.357169, 29.350018 ], [ -98.357445, 29.350221 ], [ -98.356409, 29.350656 ], [ -98.356346, 29.350843 ], [ -98.356641, 29.351025 ], [ -98.356805, 29.351443 ], [ -98.356617, 29.351515 ], [ -98.356284, 29.351289 ], [ -98.35612, 29.351273 ], [ -98.356095, 29.351454 ], [ -98.356196, 29.351619 ], [ -98.356077, 29.351779 ], [ -98.356196, 29.352059 ], [ -98.356698, 29.352109 ], [ -98.356742, 29.352439 ], [ -98.3569, 29.352516 ], [ -98.356918, 29.352824 ], [ -98.357101, 29.353033 ], [ -98.356052, 29.353143 ], [ -98.355688, 29.353011 ], [ -98.355512, 29.353088 ], [ -98.355261, 29.352989 ], [ -98.354978, 29.353 ], [ -98.354859, 29.3531 ], [ -98.355104, 29.353567 ], [ -98.355016, 29.353699 ], [ -98.354313, 29.353672 ], [ -98.354036, 29.353474 ], [ -98.353283, 29.353689 ], [ -98.352994, 29.353513 ], [ -98.352799, 29.353524 ], [ -98.35268, 29.353595 ], [ -98.352623, 29.353793 ], [ -98.352774, 29.354421 ], [ -98.352737, 29.354635 ], [ -98.352241, 29.355081 ], [ -98.351657, 29.355351 ], [ -98.351236, 29.356363 ], [ -98.35096, 29.356391 ], [ -98.350395, 29.356253 ], [ -98.349673, 29.356446 ], [ -98.348982, 29.356457 ], [ -98.348863, 29.356628 ], [ -98.349026, 29.356947 ], [ -98.348781, 29.357029 ], [ -98.347751, 29.357063 ], [ -98.347437, 29.356826 ], [ -98.347042, 29.356986 ], [ -98.346671, 29.35698 ], [ -98.346263, 29.357228 ], [ -98.346426, 29.357476 ], [ -98.346301, 29.357822 ], [ -98.345842, 29.358037 ], [ -98.34561, 29.358257 ], [ -98.345302, 29.358235 ], [ -98.344963, 29.358032 ], [ -98.344586, 29.358125 ], [ -98.34404, 29.358494 ], [ -98.343384, 29.358699 ], [ -98.338218, 29.357569 ], [ -98.338148, 29.357427 ], [ -98.338096, 29.357599 ], [ -98.331368, 29.356333 ], [ -98.314815, 29.352718 ], [ -98.314753, 29.352923 ], [ -98.318427, 29.353737 ], [ -98.331417, 29.356495 ], [ -98.343088, 29.358859 ], [ -98.343274, 29.359336 ], [ -98.34335, 29.359903 ], [ -98.343645, 29.360205 ], [ -98.343689, 29.360486 ], [ -98.343363, 29.361091 ], [ -98.34325, 29.362037 ], [ -98.342949, 29.362879 ], [ -98.342792, 29.363743 ], [ -98.342559, 29.36415 ], [ -98.342377, 29.364139 ], [ -98.342245, 29.363776 ], [ -98.341598, 29.363694 ], [ -98.341065, 29.363441 ], [ -98.340882, 29.363479 ], [ -98.340512, 29.364613 ], [ -98.340098, 29.364926 ], [ -98.339388, 29.365246 ], [ -98.339143, 29.366021 ], [ -98.338854, 29.366087 ], [ -98.338277, 29.365928 ], [ -98.338032, 29.366098 ], [ -98.338101, 29.366396 ], [ -98.33763, 29.366742 ], [ -98.337429, 29.366693 ], [ -98.337108, 29.366759 ], [ -98.337002, 29.366588 ], [ -98.336838, 29.366555 ], [ -98.336267, 29.366869 ], [ -98.336091, 29.366842 ], [ -98.335538, 29.366435 ], [ -98.335224, 29.366402 ], [ -98.334816, 29.366583 ], [ -98.334439, 29.366963 ], [ -98.334332, 29.366957 ], [ -98.3341, 29.36655 ], [ -98.333805, 29.366545 ], [ -98.333704, 29.366765 ], [ -98.333742, 29.367843 ], [ -98.333359, 29.368663 ], [ -98.333315, 29.369208 ], [ -98.332813, 29.369466 ], [ -98.332166, 29.37027 ], [ -98.330571, 29.369494 ], [ -98.330514, 29.369648 ], [ -98.330351, 29.369725 ], [ -98.33047, 29.370358 ], [ -98.33081, 29.370567 ], [ -98.330841, 29.370743 ], [ -98.330552, 29.370776 ], [ -98.330207, 29.371035 ], [ -98.330175, 29.371541 ], [ -98.329836, 29.371469 ], [ -98.329541, 29.371926 ], [ -98.329817, 29.372107 ], [ -98.330037, 29.372058 ], [ -98.330069, 29.37192 ], [ -98.33042, 29.37192 ], [ -98.330464, 29.372393 ], [ -98.33005, 29.37307 ], [ -98.329441, 29.373202 ], [ -98.329252, 29.373505 ], [ -98.328649, 29.373973 ], [ -98.328649, 29.374611 ], [ -98.328224, 29.375081 ], [ -98.328281, 29.375351 ], [ -98.328482, 29.37529 ], [ -98.32845, 29.375571 ], [ -98.328614, 29.376105 ], [ -98.328488, 29.376627 ], [ -98.328815, 29.376957 ], [ -98.328821, 29.377067 ], [ -98.328727, 29.377199 ], [ -98.328482, 29.377221 ], [ -98.328538, 29.377502 ], [ -98.328425, 29.377931 ], [ -98.328218, 29.377887 ], [ -98.328168, 29.377568 ], [ -98.327546, 29.377596 ], [ -98.32727, 29.377766 ], [ -98.326748, 29.378751 ], [ -98.326711, 29.37929 ], [ -98.326485, 29.379802 ], [ -98.326541, 29.380005 ], [ -98.326924, 29.380236 ], [ -98.326548, 29.380737 ], [ -98.326541, 29.381095 ], [ -98.326824, 29.381282 ], [ -98.327226, 29.381386 ], [ -98.32754, 29.381661 ], [ -98.327496, 29.381804 ], [ -98.327195, 29.381733 ], [ -98.327113, 29.381854 ], [ -98.32717, 29.382013 ], [ -98.327434, 29.382178 ], [ -98.327647, 29.382668 ], [ -98.327591, 29.382927 ], [ -98.327087, 29.383431 ], [ -98.323888, 29.382718 ], [ -98.321373, 29.391451 ], [ -98.321152, 29.391511 ], [ -98.312876, 29.389729 ], [ -98.311283, 29.39533 ], [ -98.311041, 29.395405 ], [ -98.309762, 29.395111 ], [ -98.309522, 29.395269 ], [ -98.307088, 29.403823 ], [ -98.303309, 29.403179 ], [ -98.303077, 29.403341 ], [ -98.302837, 29.40423 ], [ -98.298567, 29.40328 ], [ -98.297454, 29.402837 ], [ -98.296042, 29.402725 ], [ -98.293559, 29.402204 ], [ -98.292522, 29.401789 ], [ -98.287156, 29.398391 ], [ -98.286006, 29.397885 ], [ -98.283043, 29.397149 ], [ -98.280284, 29.397025 ], [ -98.276274, 29.39611 ], [ -98.276138, 29.396136 ], [ -98.276088, 29.396245 ], [ -98.276121, 29.396865 ], [ -98.2759, 29.397036 ], [ -98.270566, 29.397038 ], [ -98.264608, 29.395694 ], [ -98.264052, 29.397328 ], [ -98.261842, 29.397299 ], [ -98.258731, 29.397457 ], [ -98.250575, 29.398933 ], [ -98.246739, 29.399712 ], [ -98.245617, 29.399881 ], [ -98.244061, 29.399765 ], [ -98.236788, 29.398016 ], [ -98.235596, 29.397544 ], [ -98.233158, 29.395871 ], [ -98.231541, 29.394951 ], [ -98.230648, 29.394685 ], [ -98.225269, 29.393526 ], [ -98.224014, 29.393147 ], [ -98.212345, 29.388816 ], [ -98.213408, 29.384827 ], [ -98.220659, 29.38652 ], [ -98.224982, 29.371267 ], [ -98.226749, 29.365193 ], [ -98.227104, 29.364453 ], [ -98.227424, 29.363222 ], [ -98.204636, 29.35825 ], [ -98.204785, 29.358067 ], [ -98.205697, 29.356972 ], [ -98.206181, 29.356391 ], [ -98.211785, 29.349667 ], [ -98.221986, 29.337268 ], [ -98.222186, 29.337068 ], [ -98.224324, 29.334443 ], [ -98.228318, 29.329539 ], [ -98.230086, 29.327368 ], [ -98.233886, 29.322768 ], [ -98.235286, 29.321068 ], [ -98.238185, 29.317568 ], [ -98.240525, 29.314679 ], [ -98.242885, 29.311769 ], [ -98.243685, 29.310769 ], [ -98.248861, 29.304523 ], [ -98.249485, 29.303769 ], [ -98.250229, 29.302839 ], [ -98.250285, 29.302769 ], [ -98.250413, 29.302597 ], [ -98.250445, 29.302561 ], [ -98.254685, 29.297269 ], [ -98.255685, 29.296169 ], [ -98.258085, 29.293169 ], [ -98.26569, 29.283959 ], [ -98.267085, 29.28227 ], [ -98.267147, 29.282188 ], [ -98.267933, 29.28114 ], [ -98.267985, 29.28107 ], [ -98.272986, 29.27497 ], [ -98.274202, 29.273484 ], [ -98.280186, 29.26617 ], [ -98.281251, 29.264821 ], [ -98.281686, 29.26427 ], [ -98.283486, 29.26207 ], [ -98.287286, 29.25737 ], [ -98.293503, 29.250071 ], [ -98.296152, 29.24715 ], [ -98.296696, 29.246497 ], [ -98.300476, 29.241959 ], [ -98.300709, 29.241681 ], [ -98.300851, 29.241512 ], [ -98.30138, 29.240879 ], [ -98.301675, 29.240526 ], [ -98.301931, 29.240221 ], [ -98.303356, 29.238513 ], [ -98.304756, 29.236834 ], [ -98.305095, 29.236429 ], [ -98.306819, 29.234361 ], [ -98.309627, 29.230994 ], [ -98.310539, 29.229902 ], [ -98.319963, 29.218604 ], [ -98.323433, 29.214441 ], [ -98.324, 29.213763 ], [ -98.324601, 29.213044 ], [ -98.327355, 29.209744 ], [ -98.327877, 29.209118 ], [ -98.330541, 29.205925 ], [ -98.338172, 29.196778 ], [ -98.339848, 29.194798 ], [ -98.34128, 29.193109 ], [ -98.34209, 29.192146 ], [ -98.343016, 29.191054 ], [ -98.345358, 29.188251 ], [ -98.351863, 29.180475 ], [ -98.354611, 29.177186 ], [ -98.360656, 29.169952 ], [ -98.361393, 29.169071 ], [ -98.362526, 29.167716 ], [ -98.367786, 29.161421 ], [ -98.371225, 29.157306 ], [ -98.375488, 29.152132 ], [ -98.376037, 29.151465 ], [ -98.380065, 29.146575 ], [ -98.381792, 29.144478 ], [ -98.385743, 29.139665 ], [ -98.395255, 29.128137 ], [ -98.397782, 29.125075 ], [ -98.407334, 29.114497 ], [ -98.407375, 29.11445 ], [ -98.410704, 29.11551 ] ] ], [ [ [ -98.175766, 29.393859 ], [ -98.175829, 29.393752 ], [ -98.176643, 29.392807 ], [ -98.175766, 29.393859 ] ] ], [ [ [ -98.140291, 29.436688 ], [ -98.141884, 29.434728 ], [ -98.142872, 29.433566 ], [ -98.140291, 29.436688 ] ] ], [ [ [ -98.137195, 29.440433 ], [ -98.136417, 29.440774 ], [ -98.137276, 29.440322 ], [ -98.137294, 29.440313 ], [ -98.137195, 29.440433 ] ] ] ] } },
{ "type": "Feature", "properties": { "OBJECTID_1": 24, "District": 24, "SENATOR": "TX State Senate 24", "WEBSITE": "https://senate.texas.gov/member.php?d=24", "Shape__Area": 341993327298.38898, "Shape__Length": 5343140.3093519397, "OBJECTID_2": 1, "ID": 1, "FIPSSTCO": "48029", "NAME": "Bexar County", "ICOMAPATTR": "x", "SHAPESTArea": 35025204908.119141, "SHAPESTLength": 923728.01036523399 }, "geometry": { "type": "MultiPolygon", "coordinates": [ [ [ [ -98.790959, 29.707276 ], [ -98.800409, 29.697429 ], [ -98.80656, 29.690714 ], [ -98.806329, 29.667502 ], [ -98.805911, 29.643157 ], [ -98.805969, 29.616867 ], [ -98.805861, 29.581862 ], [ -98.805493, 29.500269 ], [ -98.80501, 29.429514 ], [ -98.804889, 29.37507 ], [ -98.80476, 29.365702 ], [ -98.804599, 29.322524 ], [ -98.80486, 29.315051 ], [ -98.804785, 29.321452 ], [ -98.804788, 29.322349 ], [ -98.80479, 29.322976 ], [ -98.804791, 29.323487 ], [ -98.804794, 29.324342 ], [ -98.804795, 29.324842 ], [ -98.80482, 29.331628 ], [ -98.804859, 29.341577 ], [ -98.804915, 29.356404 ], [ -98.80495, 29.365484 ], [ -98.804991, 29.371429 ], [ -98.805079, 29.375064 ], [ -98.805087, 29.379115 ], [ -98.805113, 29.39127 ], [ -98.805129, 29.39833 ], [ -98.805141, 29.403719 ], [ -98.805144, 29.404868 ], [ -98.805162, 29.41297 ], [ -98.805173, 29.417775 ], [ -98.805199, 29.429319 ], [ -98.805232, 29.43588 ], [ -98.805249, 29.43918 ], [ -98.805289, 29.447214 ], [ -98.805334, 29.455983 ], [ -98.805347, 29.458604 ], [ -98.805369, 29.462784 ], [ -98.80553, 29.482006 ], [ -98.805682, 29.50006 ], [ -98.805685, 29.50082 ], [ -98.8057, 29.504618 ], [ -98.805775, 29.522478 ], [ -98.8058, 29.528326 ], [ -98.80583, 29.535445 ], [ -98.805841, 29.537875 ], [ -98.80585, 29.539977 ], [ -98.805865, 29.543369 ], [ -98.805879, 29.546629 ], [ -98.805911, 29.554183 ], [ -98.805961, 29.565747 ], [ -98.805963, 29.566015 ], [ -98.80605, 29.581691 ], [ -98.806047, 29.58186 ], [ -98.806026, 29.582902 ], [ -98.80603, 29.584023 ], [ -98.80604, 29.586628 ], [ -98.806059, 29.591462 ], [ -98.806083, 29.597414 ], [ -98.806111, 29.604783 ], [ -98.806115, 29.605635 ], [ -98.806129, 29.609173 ], [ -98.806146, 29.613802 ], [ -98.806154, 29.615878 ], [ -98.806158, 29.616693 ], [ -98.80616, 29.625057 ], [ -98.80614, 29.630684 ], [ -98.806139, 29.631002 ], [ -98.806138, 29.631398 ], [ -98.806131, 29.633509 ], [ -98.806114, 29.638572 ], [ -98.806102, 29.642288 ], [ -98.806101, 29.642804 ], [ -98.8061, 29.642983 ], [ -98.806256, 29.653024 ], [ -98.806518, 29.667328 ], [ -98.806604, 29.674904 ], [ -98.806625, 29.676805 ], [ -98.80667, 29.68174 ], [ -98.806749, 29.69054 ], [ -98.800598, 29.697255 ], [ -98.792537, 29.705656 ], [ -98.791214, 29.707036 ], [ -98.779157, 29.719808 ], [ -98.779131, 29.71981 ], [ -98.790959, 29.707276 ] ] ], [ [ [ -98.804874, 29.303196 ], [ -98.804911, 29.303 ], [ -98.804992, 29.302919 ], [ -98.804989, 29.30368 ], [ -98.804979, 29.306627 ], [ -98.804969, 29.309509 ], [ -98.804919, 29.310457 ], [ -98.804874, 29.303196 ] ] ], [ [ [ -98.804907, 29.302004 ], [ -98.804865, 29.301409 ], [ -98.804739, 29.274961 ], [ -98.804771, 29.250698 ], [ -98.802118, 29.249611 ], [ -98.750308, 29.231844 ], [ -98.746704, 29.230722 ], [ -98.638518, 29.193779 ], [ -98.638514, 29.193541 ], [ -98.640411, 29.194189 ], [ -98.647966, 29.196768 ], [ -98.655053, 29.199187 ], [ -98.658501, 29.200364 ], [ -98.65912, 29.200576 ], [ -98.660099, 29.200911 ], [ -98.668444, 29.20376 ], [ -98.676276, 29.206433 ], [ -98.677909, 29.206991 ], [ -98.682099, 29.208422 ], [ -98.688521, 29.210615 ], [ -98.68966, 29.211004 ], [ -98.695874, 29.213126 ], [ -98.69692, 29.213483 ], [ -98.698695, 29.214089 ], [ -98.699912, 29.214505 ], [ -98.704339, 29.216017 ], [ -98.711192, 29.218357 ], [ -98.719302, 29.221126 ], [ -98.727834, 29.22404 ], [ -98.735645, 29.226707 ], [ -98.746893, 29.230548 ], [ -98.750498, 29.231668 ], [ -98.760696, 29.235169 ], [ -98.769137, 29.238067 ], [ -98.772597, 29.239255 ], [ -98.775059, 29.240101 ], [ -98.77592, 29.240397 ], [ -98.77699, 29.240765 ], [ -98.777467, 29.240929 ], [ -98.777571, 29.240965 ], [ -98.778093, 29.241144 ], [ -98.78001, 29.241789 ], [ -98.780557, 29.241977 ], [ -98.788191, 29.244595 ], [ -98.792227, 29.24598 ], [ -98.793143, 29.246294 ], [ -98.799672, 29.248532 ], [ -98.802307, 29.249436 ], [ -98.803968, 29.250067 ], [ -98.804654, 29.250381 ], [ -98.804922, 29.250503 ], [ -98.804922, 29.25098 ], [ -98.804922, 29.253819 ], [ -98.804921, 29.256536 ], [ -98.804921, 29.258336 ], [ -98.804921, 29.258616 ], [ -98.804921, 29.258926 ], [ -98.804921, 29.261847 ], [ -98.804947, 29.262443 ], [ -98.80492, 29.265951 ], [ -98.80492, 29.269367 ], [ -98.804972, 29.27872 ], [ -98.804907, 29.281379 ], [ -98.804893, 29.281975 ], [ -98.804971, 29.290022 ], [ -98.80497, 29.295455 ], [ -98.804994, 29.30167 ], [ -98.804996, 29.302035 ], [ -98.804995, 29.302258 ], [ -98.804907, 29.302004 ] ] ] ] } },
{ "type": "Feature", "properties": { "OBJECTID_1": 25, "District": 25, "SENATOR": "Donna Campbell", "WEBSITE": "https://senate.texas.gov/member.php?d=25", "Shape__Area": 90010257012.111298, "Shape__Length": 2118521.6732717701, "OBJECTID_2": 1, "ID": 1, "FIPSSTCO": "48029", "NAME": "Bexar County", "ICOMAPATTR": "x", "SHAPESTArea": 35025204908.119141, "SHAPESTLength": 923728.01036523399 }, "geometry": { "type": "MultiPolygon", "coordinates": [ [ [ [ -98.492222, 29.480336 ], [ -98.484233, 29.494783 ], [ -98.484359, 29.496068 ], [ -98.484239, 29.496681 ], [ -98.483898, 29.497436 ], [ -98.481956, 29.500707 ], [ -98.481627, 29.499516 ], [ -98.477039, 29.507732 ], [ -98.4709, 29.50726 ], [ -98.466212, 29.507242 ], [ -98.46619, 29.512142 ], [ -98.465994, 29.513653 ], [ -98.465373, 29.515091 ], [ -98.464269, 29.516997 ], [ -98.465388, 29.517256 ], [ -98.467776, 29.517992 ], [ -98.469076, 29.518274 ], [ -98.469597, 29.517634 ], [ -98.470053, 29.517644 ], [ -98.469813, 29.517779 ], [ -98.469303, 29.518323 ], [ -98.475885, 29.519815 ], [ -98.47802, 29.520214 ], [ -98.480011, 29.520382 ], [ -98.484092, 29.520442 ], [ -98.485026, 29.525149 ], [ -98.488164, 29.525167 ], [ -98.488143, 29.526028 ], [ -98.488515, 29.526032 ], [ -98.488503, 29.529017 ], [ -98.488233, 29.529481 ], [ -98.486954, 29.530679 ], [ -98.488893, 29.532262 ], [ -98.488969, 29.532192 ], [ -98.489902, 29.53297 ], [ -98.489265, 29.533543 ], [ -98.490585, 29.534796 ], [ -98.491357, 29.535364 ], [ -98.494601, 29.532171 ], [ -98.49517, 29.53259 ], [ -98.495939, 29.532875 ], [ -98.49508, 29.534957 ], [ -98.495326, 29.535043 ], [ -98.494434, 29.537048 ], [ -98.493852, 29.538185 ], [ -98.493675, 29.538119 ], [ -98.491862, 29.54146 ], [ -98.490305, 29.544968 ], [ -98.49009, 29.544928 ], [ -98.488298, 29.549003 ], [ -98.488463, 29.549135 ], [ -98.485623, 29.555696 ], [ -98.483742, 29.560869 ], [ -98.48307, 29.560851 ], [ -98.482544, 29.560677 ], [ -98.482092, 29.560662 ], [ -98.481523, 29.56087 ], [ -98.48115, 29.561298 ], [ -98.480613, 29.562807 ], [ -98.480254, 29.563245 ], [ -98.486763, 29.568219 ], [ -98.498113, 29.556992 ], [ -98.499811, 29.557202 ], [ -98.501425, 29.557257 ], [ -98.50186, 29.557378 ], [ -98.503369, 29.558617 ], [ -98.50391, 29.559349 ], [ -98.504053, 29.562987 ], [ -98.506143, 29.564727 ], [ -98.506615, 29.565647 ], [ -98.507854, 29.566148 ], [ -98.508574, 29.568219 ], [ -98.508498, 29.569061 ], [ -98.508334, 29.569369 ], [ -98.507063, 29.569523 ], [ -98.506333, 29.569731 ], [ -98.505445, 29.571249 ], [ -98.504959, 29.572311 ], [ -98.504802, 29.572889 ], [ -98.504852, 29.573076 ], [ -98.505494, 29.573692 ], [ -98.50567, 29.57427 ], [ -98.506431, 29.574782 ], [ -98.507343, 29.574854 ], [ -98.507459, 29.575028 ], [ -98.507822, 29.575256 ], [ -98.507903, 29.575564 ], [ -98.508085, 29.575773 ], [ -98.508419, 29.575866 ], [ -98.508268, 29.575965 ], [ -98.508148, 29.576279 ], [ -98.508179, 29.576851 ], [ -98.508865, 29.577792 ], [ -98.509223, 29.578056 ], [ -98.509733, 29.578079 ], [ -98.510287, 29.578304 ], [ -98.51065, 29.57856 ], [ -98.511567, 29.578598 ], [ -98.513021, 29.579117 ], [ -98.515375, 29.579147 ], [ -98.516206, 29.579292 ], [ -98.517216, 29.579718 ], [ -98.518769, 29.580917 ], [ -98.519329, 29.581467 ], [ -98.519776, 29.582308 ], [ -98.520215, 29.585188 ], [ -98.520588, 29.586502 ], [ -98.521253, 29.587918 ], [ -98.522148, 29.589256 ], [ -98.52349, 29.59066 ], [ -98.524989, 29.591817 ], [ -98.526005, 29.592467 ], [ -98.527969, 29.593392 ], [ -98.529503, 29.588331 ], [ -98.530048, 29.587388 ], [ -98.530969, 29.586616 ], [ -98.534263, 29.584992 ], [ -98.538, 29.582387 ], [ -98.538465, 29.582946 ], [ -98.541035, 29.580463 ], [ -98.5408, 29.580232 ], [ -98.545316, 29.575689 ], [ -98.545904, 29.576394 ], [ -98.551488, 29.570773 ], [ -98.552622, 29.56994 ], [ -98.55414, 29.568574 ], [ -98.558224, 29.564484 ], [ -98.562908, 29.56887 ], [ -98.56372, 29.569962 ], [ -98.564007, 29.570783 ], [ -98.564109, 29.57166 ], [ -98.56367, 29.573945 ], [ -98.563652, 29.574689 ], [ -98.563955, 29.575909 ], [ -98.564404, 29.576681 ], [ -98.564682, 29.57701 ], [ -98.565628, 29.576375 ], [ -98.576886, 29.59174 ], [ -98.576452, 29.591718 ], [ -98.576694, 29.59205 ], [ -98.576421, 29.592078 ], [ -98.570082, 29.591959 ], [ -98.57008, 29.596238 ], [ -98.568758, 29.596814 ], [ -98.568943, 29.597352 ], [ -98.575085, 29.594543 ], [ -98.577403, 29.593719 ], [ -98.580424, 29.593059 ], [ -98.587864, 29.592165 ], [ -98.58798, 29.593451 ], [ -98.58815, 29.594043 ], [ -98.588505, 29.594787 ], [ -98.589041, 29.595493 ], [ -98.589724, 29.596025 ], [ -98.594262, 29.598619 ], [ -98.595775, 29.599689 ], [ -98.598929, 29.602308 ], [ -98.599664, 29.603235 ], [ -98.600121, 29.604163 ], [ -98.601446, 29.603844 ], [ -98.603733, 29.610824 ], [ -98.604305, 29.612047 ], [ -98.605823, 29.614459 ], [ -98.606795, 29.616256 ], [ -98.60972, 29.624082 ], [ -98.612127, 29.630924 ], [ -98.613728, 29.634922 ], [ -98.614214, 29.635861 ], [ -98.615122, 29.637241 ], [ -98.622822, 29.648572 ], [ -98.624015, 29.647898 ], [ -98.62434, 29.647613 ], [ -98.624773, 29.646694 ], [ -98.624822, 29.634284 ], [ -98.625005, 29.633922 ], [ -98.625952, 29.632709 ], [ -98.62671, 29.632073 ], [ -98.632736, 29.629599 ], [ -98.634278, 29.629243 ], [ -98.634831, 29.629003 ], [ -98.640023, 29.625314 ], [ -98.640535, 29.624717 ], [ -98.641545, 29.623119 ], [ -98.642202, 29.622514 ], [ -98.64353, 29.622906 ], [ -98.644194, 29.62324 ], [ -98.647172, 29.620589 ], [ -98.650966, 29.620665 ], [ -98.654313, 29.620581 ], [ -98.658396, 29.620666 ], [ -98.658763, 29.620849 ], [ -98.661744, 29.620926 ], [ -98.666056, 29.620837 ], [ -98.669057, 29.620899 ], [ -98.669059, 29.618793 ], [ -98.671091, 29.618785 ], [ -98.671043, 29.612146 ], [ -98.672148, 29.61215 ], [ -98.672426, 29.60897 ], [ -98.673336, 29.608967 ], [ -98.674175, 29.60818 ], [ -98.675674, 29.608194 ], [ -98.67569, 29.608924 ], [ -98.680048, 29.609011 ], [ -98.681609, 29.609149 ], [ -98.681769, 29.60891 ], [ -98.681191, 29.608367 ], [ -98.682993, 29.607947 ], [ -98.682764, 29.607169 ], [ -98.683628, 29.606981 ], [ -98.683161, 29.608179 ], [ -98.682834, 29.608664 ], [ -98.683799, 29.608899 ], [ -98.683674, 29.609203 ], [ -98.684605, 29.609309 ], [ -98.684594, 29.608228 ], [ -98.686176, 29.60632 ], [ -98.686661, 29.605421 ], [ -98.686638, 29.604564 ], [ -98.685841, 29.602398 ], [ -98.685933, 29.601563 ], [ -98.689178, 29.59565 ], [ -98.689187, 29.595034 ], [ -98.688935, 29.594161 ], [ -98.689149, 29.589988 ], [ -98.68895, 29.589209 ], [ -98.688377, 29.588154 ], [ -98.688284, 29.586922 ], [ -98.687822, 29.585161 ], [ -98.687812, 29.58478 ], [ -98.692669, 29.58179 ], [ -98.694198, 29.583772 ], [ -98.694524, 29.583605 ], [ -98.694443, 29.583279 ], [ -98.697225, 29.582253 ], [ -98.702443, 29.58501 ], [ -98.702812, 29.580128 ], [ -98.7026, 29.580041 ], [ -98.702447, 29.57938 ], [ -98.704831, 29.579386 ], [ -98.709513, 29.5796 ], [ -98.710503, 29.58141 ], [ -98.710721, 29.582183 ], [ -98.710015, 29.583859 ], [ -98.71038, 29.584343 ], [ -98.709981, 29.58509 ], [ -98.70992, 29.585638 ], [ -98.709546, 29.585892 ], [ -98.710914, 29.587413 ], [ -98.716528, 29.587916 ], [ -98.718848, 29.591654 ], [ -98.719175, 29.590548 ], [ -98.720181, 29.590826 ], [ -98.719091, 29.592185 ], [ -98.719394, 29.592831 ], [ -98.719083, 29.593685 ], [ -98.718672, 29.594399 ], [ -98.719172, 29.59572 ], [ -98.719569, 29.596043 ], [ -98.719913, 29.596553 ], [ -98.720194, 29.597309 ], [ -98.720292, 29.598172 ], [ -98.721574, 29.599512 ], [ -98.722378, 29.60059 ], [ -98.722908, 29.600986 ], [ -98.721464, 29.603121 ], [ -98.720853, 29.603789 ], [ -98.72158, 29.604257 ], [ -98.722207, 29.604452 ], [ -98.723004, 29.604457 ], [ -98.723864, 29.604151 ], [ -98.724054, 29.604391 ], [ -98.725891, 29.603425 ], [ -98.726559, 29.603412 ], [ -98.730529, 29.602921 ], [ -98.730478, 29.602616 ], [ -98.731038, 29.602586 ], [ -98.731876, 29.60265 ], [ -98.732763, 29.60287 ], [ -98.733499, 29.603193 ], [ -98.734248, 29.603695 ], [ -98.737163, 29.6014 ], [ -98.739627, 29.605255 ], [ -98.737396, 29.606344 ], [ -98.73926, 29.608356 ], [ -98.740958, 29.611712 ], [ -98.741442, 29.612493 ], [ -98.744178, 29.615668 ], [ -98.748624, 29.611306 ], [ -98.748516, 29.611193 ], [ -98.753278, 29.606323 ], [ -98.752129, 29.605435 ], [ -98.756272, 29.601639 ], [ -98.757345, 29.602558 ], [ -98.76119, 29.605329 ], [ -98.774563, 29.597825 ], [ -98.773652, 29.596645 ], [ -98.773869, 29.575779 ], [ -98.775603, 29.575787 ], [ -98.776523, 29.577752 ], [ -98.779955, 29.578767 ], [ -98.780863, 29.576484 ], [ -98.786484, 29.578078 ], [ -98.785931, 29.580206 ], [ -98.78426, 29.584805 ], [ -98.784026, 29.58578 ], [ -98.783094, 29.58779 ], [ -98.788761, 29.595218 ], [ -98.789142, 29.595035 ], [ -98.795219, 29.594546 ], [ -98.799435, 29.595629 ], [ -98.799513, 29.593705 ], [ -98.799401, 29.578699 ], [ -98.792015, 29.575563 ], [ -98.791271, 29.577479 ], [ -98.78674, 29.576171 ], [ -98.788131, 29.572562 ], [ -98.790793, 29.56646 ], [ -98.792106, 29.566876 ], [ -98.795182, 29.569252 ], [ -98.796212, 29.569728 ], [ -98.796843, 29.569803 ], [ -98.799346, 29.571399 ], [ -98.801596, 29.572079 ], [ -98.805807, 29.572125 ], [ -98.805969, 29.616867 ], [ -98.805911, 29.643157 ], [ -98.806329, 29.667502 ], [ -98.80656, 29.690714 ], [ -98.800409, 29.697429 ], [ -98.790959, 29.707276 ], [ -98.779131, 29.71981 ], [ -98.779034, 29.719821 ], [ -98.777548, 29.719978 ], [ -98.776011, 29.719692 ], [ -98.775946, 29.71968 ], [ -98.774711, 29.719794 ], [ -98.774107, 29.719954 ], [ -98.773135, 29.72 ], [ -98.771743, 29.72032 ], [ -98.77148, 29.720527 ], [ -98.771296, 29.720847 ], [ -98.770955, 29.721077 ], [ -98.770351, 29.721191 ], [ -98.769011, 29.721007 ], [ -98.767909, 29.720594 ], [ -98.76762, 29.71986 ], [ -98.767489, 29.719654 ], [ -98.767148, 29.719471 ], [ -98.766465, 29.719585 ], [ -98.766202, 29.719722 ], [ -98.76523, 29.720731 ], [ -98.764915, 29.720868 ], [ -98.76434, 29.721043 ], [ -98.763707, 29.721235 ], [ -98.76242, 29.721784 ], [ -98.761554, 29.721692 ], [ -98.760976, 29.721761 ], [ -98.760267, 29.722058 ], [ -98.759899, 29.722012 ], [ -98.759584, 29.721875 ], [ -98.759138, 29.721393 ], [ -98.75856, 29.721485 ], [ -98.757903, 29.721737 ], [ -98.757326, 29.721736 ], [ -98.75533, 29.721437 ], [ -98.75449, 29.721139 ], [ -98.753465, 29.721047 ], [ -98.752888, 29.720565 ], [ -98.752573, 29.720267 ], [ -98.752284, 29.720129 ], [ -98.752139, 29.720151 ], [ -98.751838, 29.720198 ], [ -98.751417, 29.720565 ], [ -98.750934, 29.720793 ], [ -98.750501, 29.720828 ], [ -98.749742, 29.720817 ], [ -98.748297, 29.720336 ], [ -98.747032, 29.719776 ], [ -98.746642, 29.719603 ], [ -98.74546, 29.718847 ], [ -98.74454, 29.718068 ], [ -98.744356, 29.716624 ], [ -98.744224, 29.716418 ], [ -98.744041, 29.716326 ], [ -98.743568, 29.716327 ], [ -98.743148, 29.716556 ], [ -98.742701, 29.716694 ], [ -98.741782, 29.716809 ], [ -98.740757, 29.716832 ], [ -98.739365, 29.716741 ], [ -98.738796, 29.716624 ], [ -98.738367, 29.716535 ], [ -98.737658, 29.716742 ], [ -98.737186, 29.71704 ], [ -98.735874, 29.71837 ], [ -98.735427, 29.719172 ], [ -98.735409, 29.719263 ], [ -98.735244, 29.720089 ], [ -98.734929, 29.720571 ], [ -98.734588, 29.720869 ], [ -98.734089, 29.721098 ], [ -98.733012, 29.721374 ], [ -98.73015, 29.721742 ], [ -98.729467, 29.722017 ], [ -98.729179, 29.722315 ], [ -98.729179, 29.722888 ], [ -98.729678, 29.723919 ], [ -98.730361, 29.724722 ], [ -98.730414, 29.724882 ], [ -98.731623, 29.726097 ], [ -98.733117, 29.727335 ], [ -98.733199, 29.727403 ], [ -98.73425, 29.728112 ], [ -98.73446, 29.728571 ], [ -98.734434, 29.72896 ], [ -98.734224, 29.729258 ], [ -98.733961, 29.729396 ], [ -98.732963, 29.729396 ], [ -98.731098, 29.729076 ], [ -98.729756, 29.728642 ], [ -98.727342, 29.727863 ], [ -98.726397, 29.727611 ], [ -98.725845, 29.72768 ], [ -98.725451, 29.72791 ], [ -98.724322, 29.728918 ], [ -98.723797, 29.729193 ], [ -98.723482, 29.729262 ], [ -98.722642, 29.729101 ], [ -98.721459, 29.728232 ], [ -98.720391, 29.727288 ], [ -98.719489, 29.72649 ], [ -98.718177, 29.725486 ], [ -98.717992, 29.725344 ], [ -98.717598, 29.725183 ], [ -98.716626, 29.725367 ], [ -98.715943, 29.725596 ], [ -98.714919, 29.72617 ], [ -98.713948, 29.726949 ], [ -98.712215, 29.729059 ], [ -98.711348, 29.730089 ], [ -98.710324, 29.731007 ], [ -98.708355, 29.732199 ], [ -98.706858, 29.732681 ], [ -98.705124, 29.732979 ], [ -98.704074, 29.732956 ], [ -98.70377, 29.732907 ], [ -98.703365, 29.732841 ], [ -98.701999, 29.732337 ], [ -98.700921, 29.73236 ], [ -98.700448, 29.732475 ], [ -98.700238, 29.732681 ], [ -98.700291, 29.733094 ], [ -98.70087, 29.734378 ], [ -98.700975, 29.734859 ], [ -98.701211, 29.735386 ], [ -98.701237, 29.735753 ], [ -98.701211, 29.736349 ], [ -98.70108, 29.736716 ], [ -98.700817, 29.737037 ], [ -98.700213, 29.737266 ], [ -98.699845, 29.737266 ], [ -98.698531, 29.737014 ], [ -98.6927, 29.735158 ], [ -98.691833, 29.735387 ], [ -98.691124, 29.736097 ], [ -98.689969, 29.737335 ], [ -98.688865, 29.738184 ], [ -98.688355, 29.73844 ], [ -98.687999, 29.738619 ], [ -98.687724, 29.738708 ], [ -98.687, 29.73894 ], [ -98.6869, 29.738954 ], [ -98.685556, 29.739146 ], [ -98.683533, 29.739238 ], [ -98.682929, 29.739146 ], [ -98.682299, 29.738825 ], [ -98.682246, 29.738734 ], [ -98.681012, 29.738046 ], [ -98.679462, 29.737656 ], [ -98.677755, 29.737449 ], [ -98.676757, 29.737174 ], [ -98.6761, 29.737289 ], [ -98.675642, 29.737556 ], [ -98.675155, 29.737839 ], [ -98.674866, 29.73816 ], [ -98.674682, 29.738779 ], [ -98.67455, 29.740429 ], [ -98.674208, 29.741667 ], [ -98.673552, 29.742263 ], [ -98.670793, 29.743157 ], [ -98.669769, 29.74334 ], [ -98.668666, 29.74334 ], [ -98.667668, 29.743133 ], [ -98.666407, 29.74256 ], [ -98.665409, 29.741941 ], [ -98.664674, 29.74162 ], [ -98.664148, 29.741253 ], [ -98.663912, 29.740978 ], [ -98.663254, 29.740794 ], [ -98.66223, 29.740886 ], [ -98.660628, 29.741252 ], [ -98.660128, 29.741504 ], [ -98.659839, 29.741779 ], [ -98.659839, 29.742467 ], [ -98.660075, 29.74288 ], [ -98.661047, 29.743682 ], [ -98.662229, 29.744302 ], [ -98.662834, 29.744714 ], [ -98.663596, 29.744944 ], [ -98.663858, 29.745379 ], [ -98.663833, 29.74614 ], [ -98.663832, 29.746159 ], [ -98.662439, 29.748153 ], [ -98.661624, 29.74884 ], [ -98.661151, 29.748978 ], [ -98.659759, 29.74884 ], [ -98.65955, 29.748852 ], [ -98.659465, 29.748857 ], [ -98.658981, 29.748886 ], [ -98.658603, 29.748908 ], [ -98.658261, 29.748679 ], [ -98.658078, 29.748152 ], [ -98.657894, 29.747877 ], [ -98.657237, 29.747647 ], [ -98.65677, 29.747681 ], [ -98.655424, 29.747778 ], [ -98.655346, 29.747784 ], [ -98.65512, 29.747857 ], [ -98.654426, 29.748082 ], [ -98.653664, 29.748426 ], [ -98.653113, 29.74877 ], [ -98.652745, 29.749251 ], [ -98.652797, 29.749688 ], [ -98.652876, 29.750052 ], [ -98.653218, 29.750645 ], [ -98.653323, 29.751287 ], [ -98.653401, 29.751379 ], [ -98.653427, 29.751975 ], [ -98.653021, 29.752838 ], [ -98.653007, 29.752869 ], [ -98.652481, 29.75335 ], [ -98.651614, 29.753716 ], [ -98.650826, 29.753739 ], [ -98.650064, 29.753418 ], [ -98.649408, 29.752845 ], [ -98.649093, 29.75234 ], [ -98.648883, 29.75163 ], [ -98.648804, 29.751584 ], [ -98.648778, 29.751263 ], [ -98.648734, 29.75116 ], [ -98.648437, 29.750472 ], [ -98.648148, 29.750052 ], [ -98.647543, 29.749479 ], [ -98.647018, 29.749135 ], [ -98.646992, 29.749043 ], [ -98.646198, 29.748391 ], [ -98.646099, 29.748309 ], [ -98.64581, 29.747919 ], [ -98.645787, 29.747784 ], [ -98.645705, 29.7473 ], [ -98.646336, 29.745925 ], [ -98.646327, 29.745129 ], [ -98.646241, 29.744426 ], [ -98.646206, 29.744137 ], [ -98.645865, 29.742509 ], [ -98.645445, 29.741684 ], [ -98.644911, 29.741171 ], [ -98.644657, 29.740927 ], [ -98.643843, 29.740331 ], [ -98.642793, 29.740101 ], [ -98.641453, 29.740055 ], [ -98.639562, 29.740398 ], [ -98.637592, 29.740626 ], [ -98.636384, 29.740855 ], [ -98.63486, 29.741359 ], [ -98.633145, 29.741769 ], [ -98.632942, 29.741817 ], [ -98.632662, 29.74196 ], [ -98.631155, 29.742733 ], [ -98.631076, 29.74287 ], [ -98.630551, 29.743053 ], [ -98.629106, 29.743878 ], [ -98.628449, 29.744084 ], [ -98.627556, 29.744175 ], [ -98.625497, 29.744156 ], [ -98.625301, 29.744181 ], [ -98.625153, 29.7442 ], [ -98.624361, 29.74414 ], [ -98.623597, 29.743973 ], [ -98.623597, 29.743952 ], [ -98.622777, 29.74386 ], [ -98.622305, 29.743752 ], [ -98.621793, 29.743718 ], [ -98.620801, 29.744114 ], [ -98.620273, 29.744114 ], [ -98.618617, 29.744062 ], [ -98.617841, 29.743786 ], [ -98.617385, 29.742978 ], [ -98.617249, 29.74205 ], [ -98.617193, 29.741096 ], [ -98.617209, 29.740482 ], [ -98.617569, 29.739936 ], [ -98.617577, 29.73942 ], [ -98.616785, 29.738738 ], [ -98.616017, 29.738414 ], [ -98.615329, 29.73781 ], [ -98.614713, 29.737498 ], [ -98.614089, 29.7378 ], [ -98.613385, 29.737994 ], [ -98.612849, 29.73856 ], [ -98.612513, 29.739362 ], [ -98.612337, 29.73986 ], [ -98.611797, 29.739952 ], [ -98.611265, 29.74 ], [ -98.610129, 29.740222 ], [ -98.609209, 29.740332 ], [ -98.608329, 29.740344 ], [ -98.607449, 29.740214 ], [ -98.606265, 29.740026 ], [ -98.604321, 29.739822 ], [ -98.603537, 29.739836 ], [ -98.602833, 29.74006 ], [ -98.602209, 29.74034 ], [ -98.601641, 29.740764 ], [ -98.601209, 29.741214 ], [ -98.600849, 29.741834 ], [ -98.600569, 29.742468 ], [ -98.600545, 29.742964 ], [ -98.600577, 29.7435 ], [ -98.600753, 29.743954 ], [ -98.601097, 29.744364 ], [ -98.601705, 29.744946 ], [ -98.602465, 29.745542 ], [ -98.604617, 29.74682 ], [ -98.604825, 29.747032 ], [ -98.604809, 29.747244 ], [ -98.604729, 29.747512 ], [ -98.604497, 29.74795 ], [ -98.604169, 29.74864 ], [ -98.603801, 29.749078 ], [ -98.602793, 29.749598 ], [ -98.602097, 29.749752 ], [ -98.601409, 29.74989 ], [ -98.601089, 29.749862 ], [ -98.600545, 29.749788 ], [ -98.599977, 29.74959 ], [ -98.599397, 29.749152 ], [ -98.598553, 29.748342 ], [ -98.597833, 29.747906 ], [ -98.597041, 29.747228 ], [ -98.596081, 29.746704 ], [ -98.594297, 29.745984 ], [ -98.593553, 29.74564 ], [ -98.592937, 29.746038 ], [ -98.592321, 29.746896 ], [ -98.591168, 29.747056 ], [ -98.590408, 29.747232 ], [ -98.589336, 29.747776 ], [ -98.588608, 29.747478 ], [ -98.58788, 29.74651 ], [ -98.587504, 29.745298 ], [ -98.587048, 29.744016 ], [ -98.586808, 29.74349 ], [ -98.586968, 29.742904 ], [ -98.58656, 29.742126 ], [ -98.584792, 29.741534 ], [ -98.583688, 29.741118 ], [ -98.58296, 29.741162 ], [ -98.582512, 29.74149 ], [ -98.5824, 29.741882 ], [ -98.581688, 29.742552 ], [ -98.580968, 29.74295 ], [ -98.580352, 29.743032 ], [ -98.579552, 29.74327 ], [ -98.578944, 29.74405 ], [ -98.578864, 29.744802 ], [ -98.579272, 29.74546 ], [ -98.57852, 29.745846 ], [ -98.577376, 29.74648 ], [ -98.57652, 29.746984 ], [ -98.576432, 29.747106 ], [ -98.576096, 29.748652 ], [ -98.575931, 29.749112 ], [ -98.575093, 29.750052 ], [ -98.574949, 29.750394 ], [ -98.574723, 29.750408 ], [ -98.574581, 29.750417 ], [ -98.574344, 29.750383 ], [ -98.573896, 29.750052 ], [ -98.572275, 29.749625 ], [ -98.571821, 29.749482 ], [ -98.571728, 29.749394 ], [ -98.571152, 29.748978 ], [ -98.57068, 29.748532 ], [ -98.569824, 29.748116 ], [ -98.569196, 29.748152 ], [ -98.569008, 29.748098 ], [ -98.568752, 29.74824 ], [ -98.568184, 29.74954 ], [ -98.567759, 29.750052 ], [ -98.566727, 29.752026 ], [ -98.566149, 29.752347 ], [ -98.565387, 29.752347 ], [ -98.56318, 29.752117 ], [ -98.562786, 29.751567 ], [ -98.562471, 29.751315 ], [ -98.562156, 29.751246 ], [ -98.561, 29.751338 ], [ -98.559912, 29.751355 ], [ -98.559529, 29.751361 ], [ -98.558898, 29.751613 ], [ -98.558483, 29.751874 ], [ -98.558242, 29.752026 ], [ -98.557988, 29.752265 ], [ -98.556951, 29.753237 ], [ -98.556849, 29.753332 ], [ -98.555641, 29.754616 ], [ -98.555305, 29.755279 ], [ -98.555141, 29.755602 ], [ -98.555273, 29.756473 ], [ -98.55543, 29.757046 ], [ -98.55543, 29.757871 ], [ -98.555246, 29.758788 ], [ -98.555062, 29.759063 ], [ -98.554695, 29.759338 ], [ -98.553145, 29.760072 ], [ -98.552015, 29.760392 ], [ -98.551332, 29.760461 ], [ -98.550355, 29.760359 ], [ -98.548914, 29.760209 ], [ -98.548126, 29.759911 ], [ -98.54739, 29.759223 ], [ -98.547206, 29.758902 ], [ -98.546944, 29.758054 ], [ -98.547049, 29.756908 ], [ -98.547049, 29.756885 ], [ -98.547075, 29.756724 ], [ -98.547837, 29.755693 ], [ -98.548017, 29.755282 ], [ -98.548048, 29.755211 ], [ -98.548048, 29.755158 ], [ -98.548048, 29.754742 ], [ -98.548048, 29.754432 ], [ -98.547943, 29.754157 ], [ -98.547102, 29.753354 ], [ -98.546419, 29.752987 ], [ -98.542768, 29.751726 ], [ -98.541218, 29.751451 ], [ -98.540351, 29.751565 ], [ -98.539905, 29.751703 ], [ -98.539826, 29.751772 ], [ -98.539437, 29.751771 ], [ -98.536947, 29.752665 ], [ -98.535884, 29.752871 ], [ -98.535262, 29.752733 ], [ -98.534227, 29.752091 ], [ -98.533861, 29.751106 ], [ -98.53376, 29.750053 ], [ -98.533618, 29.749903 ], [ -98.533623, 29.749236 ], [ -98.533647, 29.748722 ], [ -98.533795, 29.748452 ], [ -98.533863, 29.748 ], [ -98.534143, 29.74746 ], [ -98.534335, 29.746896 ], [ -98.533807, 29.746286 ], [ -98.532911, 29.745986 ], [ -98.531671, 29.745454 ], [ -98.530863, 29.744926 ], [ -98.529727, 29.744406 ], [ -98.528871, 29.744054 ], [ -98.528263, 29.743042 ], [ -98.528175, 29.741986 ], [ -98.527951, 29.74114 ], [ -98.527671, 29.740656 ], [ -98.527231, 29.740302 ], [ -98.526719, 29.740021 ], [ -98.525767, 29.739955 ], [ -98.525695, 29.740053 ], [ -98.525327, 29.74032 ], [ -98.525239, 29.741018 ], [ -98.525607, 29.741688 ], [ -98.526103, 29.742512 ], [ -98.526111, 29.743198 ], [ -98.525455, 29.743804 ], [ -98.524687, 29.744182 ], [ -98.524039, 29.744644 ], [ -98.523463, 29.74485 ], [ -98.522655, 29.744784 ], [ -98.521703, 29.74469 ], [ -98.521195, 29.744652 ], [ -98.519782, 29.744512 ], [ -98.51875, 29.744078 ], [ -98.517758, 29.743568 ], [ -98.516814, 29.743206 ], [ -98.51591, 29.742718 ], [ -98.515254, 29.742568 ], [ -98.514494, 29.742352 ], [ -98.513422, 29.742036 ], [ -98.512118, 29.741638 ], [ -98.511302, 29.74131 ], [ -98.509606, 29.740621 ], [ -98.50891, 29.740239 ], [ -98.508294, 29.740119 ], [ -98.50783, 29.739749 ], [ -98.507398, 29.739327 ], [ -98.506382, 29.739217 ], [ -98.505606, 29.738871 ], [ -98.50511, 29.738275 ], [ -98.503702, 29.737749 ], [ -98.50239, 29.737677 ], [ -98.50103, 29.737627 ], [ -98.500374, 29.737927 ], [ -98.499422, 29.738081 ], [ -98.499094, 29.738153 ], [ -98.498622, 29.738155 ], [ -98.497457, 29.738107 ], [ -98.49727, 29.738099 ], [ -98.496398, 29.737927 ], [ -98.495014, 29.737259 ], [ -98.494482, 29.737075 ], [ -98.49415, 29.736961 ], [ -98.493334, 29.736767 ], [ -98.493094, 29.736553 ], [ -98.492566, 29.735929 ], [ -98.492086, 29.735471 ], [ -98.490686, 29.735107 ], [ -98.489254, 29.735237 ], [ -98.48819, 29.735573 ], [ -98.486934, 29.735599 ], [ -98.485445, 29.735435 ], [ -98.484141, 29.735227 ], [ -98.483793, 29.735053 ], [ -98.483077, 29.734939 ], [ -98.482517, 29.734893 ], [ -98.481925, 29.734995 ], [ -98.481437, 29.735051 ], [ -98.480797, 29.734963 ], [ -98.480141, 29.734799 ], [ -98.479445, 29.734531 ], [ -98.478661, 29.734305 ], [ -98.477797, 29.734139 ], [ -98.477013, 29.734179 ], [ -98.476061, 29.734291 ], [ -98.475325, 29.734501 ], [ -98.474541, 29.734959 ], [ -98.473893, 29.735577 ], [ -98.473341, 29.736113 ], [ -98.472749, 29.736597 ], [ -98.472077, 29.736995 ], [ -98.471197, 29.737335 ], [ -98.470469, 29.737613 ], [ -98.469437, 29.738035 ], [ -98.467749, 29.738529 ], [ -98.467077, 29.738721 ], [ -98.466349, 29.738771 ], [ -98.465661, 29.738571 ], [ -98.465069, 29.737931 ], [ -98.464581, 29.737249 ], [ -98.463997, 29.736347 ], [ -98.463645, 29.735597 ], [ -98.463317, 29.734797 ], [ -98.462781, 29.734239 ], [ -98.462693, 29.734253 ], [ -98.461693, 29.733721 ], [ -98.460741, 29.733111 ], [ -98.459733, 29.732457 ], [ -98.458789, 29.732249 ], [ -98.458397, 29.732197 ], [ -98.457629, 29.732317 ], [ -98.456661, 29.732511 ], [ -98.455877, 29.732537 ], [ -98.454805, 29.732759 ], [ -98.453773, 29.733157 ], [ -98.453293, 29.733653 ], [ -98.452957, 29.734035 ], [ -98.451829, 29.734837 ], [ -98.450316, 29.735571 ], [ -98.449084, 29.735979 ], [ -98.447516, 29.736247 ], [ -98.446204, 29.735967 ], [ -98.445236, 29.735535 ], [ -98.444236, 29.734665 ], [ -98.443902, 29.734081 ], [ -98.443588, 29.733533 ], [ -98.443188, 29.732565 ], [ -98.443356, 29.731335 ], [ -98.443852, 29.729847 ], [ -98.444364, 29.728473 ], [ -98.444748, 29.727539 ], [ -98.444948, 29.726801 ], [ -98.4451, 29.725737 ], [ -98.445212, 29.724441 ], [ -98.445076, 29.723435 ], [ -98.44502, 29.722277 ], [ -98.444908, 29.721571 ], [ -98.4447, 29.720795 ], [ -98.444508, 29.719787 ], [ -98.444292, 29.719453 ], [ -98.444188, 29.719117 ], [ -98.443596, 29.718596 ], [ -98.442692, 29.717754 ], [ -98.441596, 29.716802 ], [ -98.439852, 29.71623 ], [ -98.437692, 29.715978 ], [ -98.435812, 29.716212 ], [ -98.433908, 29.716088 ], [ -98.43206, 29.715706 ], [ -98.43046, 29.716006 ], [ -98.42918, 29.716584 ], [ -98.428012, 29.717252 ], [ -98.427452, 29.718526 ], [ -98.428212, 29.720278 ], [ -98.42926, 29.721335 ], [ -98.430292, 29.722411 ], [ -98.430628, 29.723393 ], [ -98.430244, 29.724195 ], [ -98.429308, 29.724723 ], [ -98.42838, 29.725635 ], [ -98.42726, 29.726619 ], [ -98.426404, 29.727027 ], [ -98.425124, 29.727705 ], [ -98.423884, 29.728187 ], [ -98.421372, 29.728991 ], [ -98.420516, 29.729259 ], [ -98.419236, 29.729541 ], [ -98.41818, 29.730427 ], [ -98.417788, 29.731393 ], [ -98.417788, 29.732381 ], [ -98.418156, 29.733033 ], [ -98.418916, 29.733311 ], [ -98.420012, 29.733371 ], [ -98.421028, 29.733965 ], [ -98.42138, 29.734635 ], [ -98.42146, 29.735539 ], [ -98.421684, 29.737291 ], [ -98.422028, 29.738739 ], [ -98.422292, 29.739953 ], [ -98.422228, 29.740517 ], [ -98.422204, 29.741487 ], [ -98.422052, 29.742413 ], [ -98.421812, 29.743003 ], [ -98.421228, 29.743571 ], [ -98.420852, 29.743849 ], [ -98.420392, 29.744253 ], [ -98.420172, 29.744523 ], [ -98.419452, 29.745257 ], [ -98.418676, 29.745777 ], [ -98.417644, 29.746171 ], [ -98.41757, 29.74621 ], [ -98.4169, 29.746561 ], [ -98.416228, 29.747029 ], [ -98.415172, 29.747419 ], [ -98.414188, 29.747721 ], [ -98.413531, 29.747807 ], [ -98.412403, 29.747713 ], [ -98.411435, 29.747945 ], [ -98.411358, 29.747975 ], [ -98.410683, 29.748241 ], [ -98.409763, 29.748345 ], [ -98.409179, 29.748551 ], [ -98.408491, 29.748953 ], [ -98.407459, 29.749187 ], [ -98.406451, 29.749187 ], [ -98.405547, 29.749147 ], [ -98.404603, 29.749385 ], [ -98.403915, 29.749431 ], [ -98.403379, 29.749251 ], [ -98.403027, 29.748869 ], [ -98.402739, 29.747937 ], [ -98.402451, 29.747155 ], [ -98.401971, 29.746597 ], [ -98.401395, 29.746061 ], [ -98.400611, 29.745261 ], [ -98.399299, 29.743819 ], [ -98.398755, 29.742935 ], [ -98.398747, 29.741831 ], [ -98.399635, 29.740663 ], [ -98.400091, 29.739781 ], [ -98.400091, 29.738817 ], [ -98.399075, 29.738215 ], [ -98.397891, 29.737719 ], [ -98.396627, 29.737469 ], [ -98.395379, 29.737465 ], [ -98.394299, 29.736911 ], [ -98.393467, 29.736795 ], [ -98.392043, 29.736595 ], [ -98.391411, 29.736475 ], [ -98.390675, 29.736019 ], [ -98.390051, 29.735421 ], [ -98.389003, 29.734361 ], [ -98.388331, 29.734063 ], [ -98.387187, 29.734247 ], [ -98.386195, 29.734879 ], [ -98.385391, 29.735053 ], [ -98.384595, 29.735251 ], [ -98.383936, 29.735248 ], [ -98.383587, 29.735247 ], [ -98.382603, 29.734947 ], [ -98.382027, 29.734491 ], [ -98.379843, 29.733705 ], [ -98.378938, 29.733353 ], [ -98.378098, 29.733125 ], [ -98.377082, 29.732755 ], [ -98.376322, 29.732423 ], [ -98.375274, 29.731941 ], [ -98.374658, 29.731585 ], [ -98.374186, 29.730713 ], [ -98.37385, 29.729605 ], [ -98.373714, 29.728831 ], [ -98.373594, 29.727687 ], [ -98.37381, 29.726423 ], [ -98.374394, 29.725524 ], [ -98.375122, 29.724848 ], [ -98.375746, 29.724146 ], [ -98.37589, 29.723854 ], [ -98.376122, 29.723334 ], [ -98.376266, 29.722556 ], [ -98.37633, 29.72176 ], [ -98.376234, 29.721196 ], [ -98.375954, 29.720512 ], [ -98.375642, 29.720218 ], [ -98.375218, 29.720124 ], [ -98.374474, 29.72028 ], [ -98.373466, 29.720568 ], [ -98.372178, 29.720466 ], [ -98.371698, 29.720582 ], [ -98.370858, 29.720724 ], [ -98.369714, 29.721326 ], [ -98.36897, 29.721812 ], [ -98.367754, 29.722524 ], [ -98.366674, 29.723288 ], [ -98.365242, 29.724582 ], [ -98.364082, 29.725626 ], [ -98.362849, 29.726683 ], [ -98.36277, 29.72675 ], [ -98.36169, 29.727745 ], [ -98.360418, 29.728791 ], [ -98.359858, 29.729367 ], [ -98.35909, 29.730253 ], [ -98.358138, 29.731717 ], [ -98.357674, 29.732251 ], [ -98.357354, 29.732667 ], [ -98.35719, 29.732953 ], [ -98.357018, 29.733241 ], [ -98.356634, 29.733861 ], [ -98.355794, 29.734407 ], [ -98.354834, 29.734601 ], [ -98.354106, 29.734577 ], [ -98.35329, 29.734453 ], [ -98.353258, 29.734477 ], [ -98.352914, 29.734201 ], [ -98.35273, 29.733139 ], [ -98.35261, 29.731977 ], [ -98.351874, 29.730601 ], [ -98.351018, 29.729453 ], [ -98.35049, 29.728853 ], [ -98.349974, 29.728071 ], [ -98.349922, 29.727992 ], [ -98.348482, 29.727214 ], [ -98.346778, 29.726804 ], [ -98.345242, 29.72608 ], [ -98.344145, 29.724954 ], [ -98.343065, 29.724062 ], [ -98.341729, 29.723226 ], [ -98.340361, 29.722344 ], [ -98.339489, 29.721832 ], [ -98.338753, 29.720558 ], [ -98.338745, 29.719016 ], [ -98.339017, 29.717576 ], [ -98.339841, 29.716532 ], [ -98.340809, 29.715718 ], [ -98.340929, 29.71489 ], [ -98.340657, 29.713246 ], [ -98.341041, 29.711222 ], [ -98.342281, 29.709378 ], [ -98.343873, 29.708122 ], [ -98.346026, 29.707052 ], [ -98.348354, 29.706488 ], [ -98.350082, 29.705486 ], [ -98.351714, 29.70477 ], [ -98.353818, 29.70385 ], [ -98.355434, 29.703742 ], [ -98.356826, 29.703592 ], [ -98.358842, 29.703898 ], [ -98.361258, 29.705446 ], [ -98.36237, 29.705784 ], [ -98.366762, 29.70541 ], [ -98.37033, 29.704582 ], [ -98.37229, 29.705086 ], [ -98.37499, 29.706054 ], [ -98.377282, 29.705268 ], [ -98.379634, 29.703506 ], [ -98.38073, 29.702108 ], [ -98.38073, 29.69968 ], [ -98.38069, 29.699054 ], [ -98.38061, 29.698172 ], [ -98.38081, 29.696472 ], [ -98.380442, 29.694499 ], [ -98.379682, 29.692937 ], [ -98.378498, 29.691653 ], [ -98.377386, 29.690129 ], [ -98.376482, 29.688321 ], [ -98.376138, 29.687339 ], [ -98.37609, 29.686955 ], [ -98.37589, 29.686045 ], [ -98.37599, 29.684755 ], [ -98.376018, 29.684487 ], [ -98.376754, 29.682361 ], [ -98.37699, 29.682155 ], [ -98.37833, 29.681113 ], [ -98.37939, 29.680655 ], [ -98.379946, 29.680329 ], [ -98.382634, 29.679423 ], [ -98.382962, 29.679277 ], [ -98.383242, 29.679045 ], [ -98.383594, 29.678833 ], [ -98.383898, 29.678619 ], [ -98.384154, 29.678407 ], [ -98.384426, 29.678041 ], [ -98.384531, 29.677675 ], [ -98.384546, 29.677239 ], [ -98.384691, 29.676355 ], [ -98.384282, 29.676175 ], [ -98.38419, 29.675655 ], [ -98.383546, 29.675067 ], [ -98.383274, 29.674673 ], [ -98.382962, 29.674369 ], [ -98.382871, 29.674334 ], [ -98.382626, 29.674239 ], [ -98.382106, 29.674231 ], [ -98.381666, 29.674085 ], [ -98.381642, 29.673793 ], [ -98.381578, 29.673571 ], [ -98.381482, 29.673241 ], [ -98.381146, 29.672373 ], [ -98.38101, 29.671567 ], [ -98.381066, 29.670913 ], [ -98.381082, 29.670379 ], [ -98.380962, 29.669547 ], [ -98.380778, 29.668949 ], [ -98.380586, 29.668265 ], [ -98.38037, 29.667617 ], [ -98.380202, 29.667193 ], [ -98.379978, 29.666837 ], [ -98.37985, 29.66645 ], [ -98.379818, 29.665794 ], [ -98.379826, 29.66526 ], [ -98.37977, 29.664768 ], [ -98.379634, 29.664196 ], [ -98.37941, 29.66363 ], [ -98.379274, 29.663228 ], [ -98.379202, 29.66275 ], [ -98.378914, 29.66243 ], [ -98.37861, 29.662336 ], [ -98.378218, 29.66242 ], [ -98.377802, 29.662488 ], [ -98.377282, 29.662462 ], [ -98.37453, 29.663144 ], [ -98.372626, 29.663564 ], [ -98.372138, 29.663713 ], [ -98.371106, 29.664028 ], [ -98.369802, 29.664678 ], [ -98.36793, 29.665382 ], [ -98.366442, 29.665824 ], [ -98.365002, 29.666318 ], [ -98.364362, 29.666492 ], [ -98.36385, 29.66643 ], [ -98.36297, 29.666064 ], [ -98.361586, 29.665408 ], [ -98.361194, 29.665144 ], [ -98.360882, 29.664772 ], [ -98.360474, 29.664026 ], [ -98.360082, 29.662904 ], [ -98.359546, 29.66172 ], [ -98.357458, 29.65876 ], [ -98.356978, 29.658388 ], [ -98.356306, 29.657936 ], [ -98.356058, 29.657848 ], [ -98.35119, 29.656356 ], [ -98.344745, 29.65435 ], [ -98.344137, 29.653982 ], [ -98.343649, 29.653654 ], [ -98.343385, 29.653418 ], [ -98.343281, 29.653296 ], [ -98.343185, 29.653146 ], [ -98.343065, 29.652884 ], [ -98.343025, 29.652602 ], [ -98.343033, 29.65236 ], [ -98.343177, 29.651908 ], [ -98.343841, 29.650308 ], [ -98.347569, 29.644796 ], [ -98.347857, 29.6443 ], [ -98.347905, 29.643798 ], [ -98.347889, 29.643458 ], [ -98.347801, 29.643026 ], [ -98.346881, 29.640683 ], [ -98.346265, 29.639187 ], [ -98.34625, 29.639149 ], [ -98.346231, 29.639103 ], [ -98.346089, 29.638757 ], [ -98.345641, 29.637733 ], [ -98.345457, 29.637381 ], [ -98.345217, 29.637105 ], [ -98.344969, 29.636865 ], [ -98.344601, 29.636365 ], [ -98.343406, 29.634584 ], [ -98.343398, 29.634572 ], [ -98.343376, 29.63454 ], [ -98.342633, 29.633433 ], [ -98.342369, 29.632791 ], [ -98.342081, 29.632275 ], [ -98.341785, 29.631629 ], [ -98.341441, 29.630919 ], [ -98.341177, 29.630297 ], [ -98.340857, 29.629501 ], [ -98.340721, 29.628135 ], [ -98.340777, 29.627671 ], [ -98.341009, 29.627105 ], [ -98.341409, 29.626353 ], [ -98.341945, 29.625753 ], [ -98.342233, 29.625319 ], [ -98.342433, 29.624961 ], [ -98.342689, 29.624581 ], [ -98.342777, 29.624083 ], [ -98.342625, 29.623757 ], [ -98.342617, 29.623293 ], [ -98.343081, 29.621837 ], [ -98.343329, 29.621499 ], [ -98.343673, 29.621263 ], [ -98.344529, 29.620923 ], [ -98.345001, 29.620525 ], [ -98.345329, 29.620235 ], [ -98.345681, 29.619595 ], [ -98.345689, 29.619221 ], [ -98.345697, 29.618911 ], [ -98.345657, 29.618629 ], [ -98.345553, 29.618435 ], [ -98.345189, 29.617957 ], [ -98.344729, 29.617667 ], [ -98.343969, 29.617321 ], [ -98.343385, 29.617147 ], [ -98.342881, 29.617113 ], [ -98.341705, 29.616023 ], [ -98.341521, 29.615577 ], [ -98.341161, 29.614765 ], [ -98.340881, 29.614481 ], [ -98.340329, 29.613827 ], [ -98.339713, 29.613269 ], [ -98.339401, 29.612857 ], [ -98.339177, 29.612587 ], [ -98.338289, 29.612148 ], [ -98.337481, 29.611682 ], [ -98.336785, 29.611446 ], [ -98.336185, 29.611286 ], [ -98.335569, 29.61113 ], [ -98.334865, 29.61102 ], [ -98.334137, 29.610972 ], [ -98.333529, 29.610864 ], [ -98.332937, 29.610748 ], [ -98.332345, 29.610562 ], [ -98.331641, 29.610582 ], [ -98.330993, 29.610566 ], [ -98.330321, 29.610488 ], [ -98.329897, 29.610454 ], [ -98.329393, 29.610294 ], [ -98.329113, 29.61019 ], [ -98.328745, 29.609852 ], [ -98.328761, 29.609518 ], [ -98.328881, 29.609128 ], [ -98.328801, 29.608756 ], [ -98.328697, 29.608484 ], [ -98.328817, 29.608174 ], [ -98.328889, 29.608058 ], [ -98.328865, 29.607942 ], [ -98.328713, 29.607566 ], [ -98.328417, 29.6073 ], [ -98.328161, 29.60682 ], [ -98.328185, 29.606558 ], [ -98.328169, 29.606292 ], [ -98.328097, 29.605992 ], [ -98.327889, 29.605748 ], [ -98.327633, 29.60551 ], [ -98.327589, 29.605458 ], [ -98.327289, 29.605158 ], [ -98.324689, 29.603858 ], [ -98.317689, 29.601858 ], [ -98.313388, 29.602158 ], [ -98.311088, 29.597458 ], [ -98.310968, 29.594792 ], [ -98.310988, 29.594458 ], [ -98.310988, 29.594358 ], [ -98.310976, 29.59291 ], [ -98.311168, 29.591142 ], [ -98.311488, 29.589758 ], [ -98.309488, 29.588458 ], [ -98.305888, 29.585859 ], [ -98.304888, 29.585659 ], [ -98.304788, 29.585559 ], [ -98.304288, 29.585059 ], [ -98.304188, 29.584659 ], [ -98.303788, 29.583559 ], [ -98.305888, 29.579359 ], [ -98.306064, 29.578741 ], [ -98.305888, 29.577959 ], [ -98.30572, 29.577239 ], [ -98.305388, 29.576559 ], [ -98.304988, 29.576359 ], [ -98.30388, 29.575655 ], [ -98.302888, 29.574759 ], [ -98.302788, 29.574459 ], [ -98.302779, 29.574346 ], [ -98.302911, 29.574659 ], [ -98.306438, 29.572928 ], [ -98.307504, 29.573955 ], [ -98.3082, 29.574787 ], [ -98.309593, 29.575177 ], [ -98.309705, 29.575776 ], [ -98.310137, 29.576792 ], [ -98.310121, 29.577141 ], [ -98.311082, 29.578366 ], [ -98.311371, 29.579007 ], [ -98.311835, 29.578882 ], [ -98.312303, 29.580269 ], [ -98.313811, 29.579725 ], [ -98.31289, 29.579075 ], [ -98.313532, 29.57884 ], [ -98.312026, 29.576416 ], [ -98.314362, 29.575235 ], [ -98.314012, 29.574777 ], [ -98.314652, 29.574455 ], [ -98.314829, 29.574703 ], [ -98.31492, 29.574608 ], [ -98.314966, 29.573954 ], [ -98.31524, 29.573864 ], [ -98.315342, 29.573477 ], [ -98.315542, 29.573299 ], [ -98.315851, 29.572745 ], [ -98.317178, 29.573095 ], [ -98.317213, 29.572705 ], [ -98.317801, 29.571619 ], [ -98.31854, 29.570974 ], [ -98.319848, 29.571429 ], [ -98.320451, 29.570496 ], [ -98.320202, 29.570117 ], [ -98.320733, 29.56984 ], [ -98.321363, 29.569532 ], [ -98.321977, 29.570447 ], [ -98.32606, 29.568381 ], [ -98.326903, 29.569754 ], [ -98.328545, 29.571503 ], [ -98.329717, 29.570495 ], [ -98.33004, 29.570783 ], [ -98.328431, 29.572174 ], [ -98.328471, 29.572253 ], [ -98.330144, 29.570876 ], [ -98.33101, 29.571743 ], [ -98.33158, 29.572155 ], [ -98.331361, 29.572433 ], [ -98.331681, 29.572604 ], [ -98.332794, 29.573991 ], [ -98.337428, 29.581204 ], [ -98.338383, 29.580708 ], [ -98.338519, 29.580851 ], [ -98.341759, 29.58578 ], [ -98.343186, 29.584658 ], [ -98.344073, 29.583507 ], [ -98.34449, 29.582596 ], [ -98.344795, 29.581223 ], [ -98.351954, 29.59174 ], [ -98.35571, 29.589875 ], [ -98.357102, 29.589051 ], [ -98.370147, 29.579959 ], [ -98.373944, 29.57714 ], [ -98.401528, 29.554926 ], [ -98.406396, 29.551541 ], [ -98.407379, 29.550525 ], [ -98.407903, 29.550775 ], [ -98.408124, 29.550406 ], [ -98.416483, 29.54481 ], [ -98.417358, 29.544615 ], [ -98.422455, 29.539537 ], [ -98.419311, 29.536831 ], [ -98.416794, 29.533996 ], [ -98.415755, 29.533098 ], [ -98.414449, 29.532405 ], [ -98.412543, 29.531565 ], [ -98.41106, 29.531323 ], [ -98.410934, 29.518443 ], [ -98.411074, 29.516075 ], [ -98.417744, 29.516117 ], [ -98.4175, 29.515584 ], [ -98.417211, 29.515232 ], [ -98.416934, 29.513802 ], [ -98.416048, 29.511326 ], [ -98.416259, 29.510278 ], [ -98.415381, 29.510288 ], [ -98.415186, 29.509917 ], [ -98.41591, 29.508828 ], [ -98.416011, 29.508344 ], [ -98.415841, 29.507964 ], [ -98.415917, 29.507629 ], [ -98.415363, 29.50688 ], [ -98.41537, 29.506347 ], [ -98.416187, 29.505461 ], [ -98.41703, 29.505032 ], [ -98.418496, 29.503409 ], [ -98.42032, 29.502034 ], [ -98.420786, 29.501402 ], [ -98.421186, 29.50037 ], [ -98.425364, 29.497731 ], [ -98.426534, 29.497091 ], [ -98.430504, 29.495247 ], [ -98.428978, 29.492571 ], [ -98.429068, 29.492 ], [ -98.429328, 29.491617 ], [ -98.431569, 29.490553 ], [ -98.433585, 29.493815 ], [ -98.442155, 29.489792 ], [ -98.442198, 29.484657 ], [ -98.431202, 29.484677 ], [ -98.430382, 29.484759 ], [ -98.431281, 29.482699 ], [ -98.432894, 29.47963 ], [ -98.437619, 29.471136 ], [ -98.438302, 29.470786 ], [ -98.440383, 29.469992 ], [ -98.442367, 29.47015 ], [ -98.442786, 29.470088 ], [ -98.443965, 29.469085 ], [ -98.44458, 29.468694 ], [ -98.444977, 29.468641 ], [ -98.448613, 29.468621 ], [ -98.449509, 29.468268 ], [ -98.449871, 29.468208 ], [ -98.463635, 29.468206 ], [ -98.46756, 29.468417 ], [ -98.468838, 29.469157 ], [ -98.468853, 29.469617 ], [ -98.469197, 29.470146 ], [ -98.469362, 29.470224 ], [ -98.469813, 29.470224 ], [ -98.471019, 29.471477 ], [ -98.471836, 29.472148 ], [ -98.472846, 29.472584 ], [ -98.474171, 29.473516 ], [ -98.477187, 29.470595 ], [ -98.476719, 29.469788 ], [ -98.47674, 29.468154 ], [ -98.492278, 29.468217 ], [ -98.492222, 29.480336 ] ] ], [ [ [ -98.18693, 29.502681 ], [ -98.187666, 29.503507 ], [ -98.18886, 29.504352 ], [ -98.189256, 29.504871 ], [ -98.189045, 29.504728 ], [ -98.188509, 29.504424 ], [ -98.187893, 29.504004 ], [ -98.187437, 29.503768 ], [ -98.187085, 29.503384 ], [ -98.186765, 29.502708 ], [ -98.186637, 29.50225 ], [ -98.186551, 29.502047 ], [ -98.18693, 29.502681 ] ] ], [ [ [ -98.189908, 29.505724 ], [ -98.19024, 29.506457 ], [ -98.19032, 29.507069 ], [ -98.190713, 29.507546 ], [ -98.190773, 29.507886 ], [ -98.190618, 29.508659 ], [ -98.190751, 29.509048 ], [ -98.190921, 29.509206 ], [ -98.190955, 29.509556 ], [ -98.191823, 29.5098 ], [ -98.192549, 29.510145 ], [ -98.194099, 29.510247 ], [ -98.195065, 29.51072 ], [ -98.194961, 29.510944 ], [ -98.195301, 29.511115 ], [ -98.19549, 29.51106 ], [ -98.195523, 29.510654 ], [ -98.195683, 29.510415 ], [ -98.195919, 29.510275 ], [ -98.195899, 29.510108 ], [ -98.196339, 29.51002 ], [ -98.196421, 29.509915 ], [ -98.197704, 29.509701 ], [ -98.197924, 29.509574 ], [ -98.197902, 29.509401 ], [ -98.198009, 29.509369 ], [ -98.198581, 29.50937 ], [ -98.1991, 29.509477 ], [ -98.199401, 29.509666 ], [ -98.199795, 29.510113 ], [ -98.200144, 29.510894 ], [ -98.200228, 29.511357 ], [ -98.200185, 29.511261 ], [ -98.200173, 29.511067 ], [ -98.200061, 29.510787 ], [ -98.199821, 29.510539 ], [ -98.199629, 29.510413 ], [ -98.199325, 29.510089 ], [ -98.198885, 29.509863 ], [ -98.198413, 29.509689 ], [ -98.197845, 29.509707 ], [ -98.197245, 29.509843 ], [ -98.196741, 29.510061 ], [ -98.196461, 29.510279 ], [ -98.195885, 29.510643 ], [ -98.195685, 29.511003 ], [ -98.195453, 29.511345 ], [ -98.195101, 29.511483 ], [ -98.194909, 29.51145 ], [ -98.194645, 29.511405 ], [ -98.194069, 29.511183 ], [ -98.193653, 29.510849 ], [ -98.193301, 29.510595 ], [ -98.192909, 29.510453 ], [ -98.192613, 29.510383 ], [ -98.191845, 29.510527 ], [ -98.191413, 29.510391 ], [ -98.190821, 29.510297 ], [ -98.190309, 29.510123 ], [ -98.190093, 29.509848 ], [ -98.190205, 29.509172 ], [ -98.190373, 29.508638 ], [ -98.190485, 29.508262 ], [ -98.190605, 29.5081 ], [ -98.190509, 29.507774 ], [ -98.190253, 29.507164 ], [ -98.190077, 29.506576 ], [ -98.189853, 29.505948 ], [ -98.189653, 29.50541 ], [ -98.189616, 29.505342 ], [ -98.189908, 29.505724 ] ] ], [ [ [ -98.199698, 29.513601 ], [ -98.199544, 29.513723 ], [ -98.199725, 29.513465 ], [ -98.199698, 29.513601 ] ] ], [ [ [ -98.19749, 29.516396 ], [ -98.198277, 29.516759 ], [ -98.198409, 29.517194 ], [ -98.198579, 29.517331 ], [ -98.199478, 29.51726 ], [ -98.20034, 29.516775 ], [ -98.20151, 29.516748 ], [ -98.202082, 29.517017 ], [ -98.202541, 29.517782 ], [ -98.20243, 29.517927 ], [ -98.202381, 29.517835 ], [ -98.202013, 29.517549 ], [ -98.201669, 29.517291 ], [ -98.201277, 29.517179 ], [ -98.200669, 29.517143 ], [ -98.200037, 29.517275 ], [ -98.199813, 29.517401 ], [ -98.199413, 29.517621 ], [ -98.199029, 29.517649 ], [ -98.198605, 29.517625 ], [ -98.198365, 29.517509 ], [ -98.197917, 29.517073 ], [ -98.197485, 29.516899 ], [ -98.197133, 29.516591 ], [ -98.197029, 29.516279 ], [ -98.197013, 29.515955 ], [ -98.196925, 29.515699 ], [ -98.196909, 29.515699 ], [ -98.196896, 29.515652 ], [ -98.19749, 29.516396 ] ] ], [ [ [ -98.201447, 29.519713 ], [ -98.202523, 29.520384 ], [ -98.202888, 29.520406 ], [ -98.204787, 29.522155 ], [ -98.205542, 29.522304 ], [ -98.208096, 29.522435 ], [ -98.208411, 29.522534 ], [ -98.209134, 29.523013 ], [ -98.210071, 29.523381 ], [ -98.21055, 29.523398 ], [ -98.211449, 29.523271 ], [ -98.212701, 29.522891 ], [ -98.214147, 29.522929 ], [ -98.21438, 29.523045 ], [ -98.214808, 29.523617 ], [ -98.215173, 29.523804 ], [ -98.215431, 29.524073 ], [ -98.216136, 29.524359 ], [ -98.216444, 29.524299 ], [ -98.217104, 29.523672 ], [ -98.217519, 29.523561 ], [ -98.217947, 29.523583 ], [ -98.218475, 29.523374 ], [ -98.21884, 29.52355 ], [ -98.219155, 29.523935 ], [ -98.21917, 29.524061 ], [ -98.218982, 29.523859 ], [ -98.218406, 29.523881 ], [ -98.217726, 29.524019 ], [ -98.217678, 29.524019 ], [ -98.217186, 29.524161 ], [ -98.216758, 29.524401 ], [ -98.216302, 29.524659 ], [ -98.215694, 29.524585 ], [ -98.21503, 29.524193 ], [ -98.214406, 29.523671 ], [ -98.214206, 29.523529 ], [ -98.21335, 29.523395 ], [ -98.212686, 29.523519 ], [ -98.212254, 29.523587 ], [ -98.211366, 29.523731 ], [ -98.21059, 29.523925 ], [ -98.210062, 29.523879 ], [ -98.20947, 29.523713 ], [ -98.20907, 29.523509 ], [ -98.208886, 29.523417 ], [ -98.208586, 29.523061 ], [ -98.208446, 29.522899 ], [ -98.208118, 29.522893 ], [ -98.20767, 29.522777 ], [ -98.207158, 29.522811 ], [ -98.206574, 29.522719 ], [ -98.205878, 29.522723 ], [ -98.205406, 29.522695 ], [ -98.205006, 29.522727 ], [ -98.204638, 29.522489 ], [ -98.204149, 29.522257 ], [ -98.204093, 29.522167 ], [ -98.203685, 29.521797 ], [ -98.203389, 29.521453 ], [ -98.203029, 29.521183 ], [ -98.202717, 29.520907 ], [ -98.202357, 29.520653 ], [ -98.201981, 29.520457 ], [ -98.201709, 29.520283 ], [ -98.201501, 29.520139 ], [ -98.201373, 29.519969 ], [ -98.201413, 29.519653 ], [ -98.201434, 29.519635 ], [ -98.201447, 29.519713 ] ] ], [ [ [ -98.218923, 29.527682 ], [ -98.219395, 29.528595 ], [ -98.219873, 29.528974 ], [ -98.21978, 29.529354 ], [ -98.219675, 29.52922 ], [ -98.219406, 29.528879 ], [ -98.21911, 29.528451 ], [ -98.21887, 29.527923 ], [ -98.218758, 29.527243 ], [ -98.218758, 29.527205 ], [ -98.218923, 29.527682 ] ] ], [ [ [ -98.221365, 29.531665 ], [ -98.221391, 29.53205 ], [ -98.22177, 29.533002 ], [ -98.22171, 29.532917 ], [ -98.221414, 29.532415 ], [ -98.221166, 29.531699 ], [ -98.221086, 29.531225 ], [ -98.221111, 29.53117 ], [ -98.221365, 29.531665 ] ] ], [ [ [ -98.229749, 29.54294 ], [ -98.229463, 29.543406 ], [ -98.229062, 29.543441 ], [ -98.228193, 29.543838 ], [ -98.225988, 29.543923 ], [ -98.225337, 29.543835 ], [ -98.22537, 29.543695 ], [ -98.225075, 29.543541 ], [ -98.224521, 29.543447 ], [ -98.223691, 29.543673 ], [ -98.22225, 29.543729 ], [ -98.221916, 29.543822 ], [ -98.221791, 29.544323 ], [ -98.221364, 29.544365 ], [ -98.221486, 29.54426 ], [ -98.221675, 29.543955 ], [ -98.221782, 29.543782 ], [ -98.222206, 29.543502 ], [ -98.22267, 29.543352 ], [ -98.223686, 29.54313 ], [ -98.22415, 29.543154 ], [ -98.224586, 29.54326 ], [ -98.224782, 29.543236 ], [ -98.225286, 29.54326 ], [ -98.225542, 29.543272 ], [ -98.226646, 29.543362 ], [ -98.227446, 29.543358 ], [ -98.22815, 29.54341 ], [ -98.228854, 29.543312 ], [ -98.229414, 29.54303 ], [ -98.229701, 29.542785 ], [ -98.229749, 29.54294 ] ] ], [ [ [ -98.226894, 29.547512 ], [ -98.227203, 29.547072 ], [ -98.227303, 29.547052 ], [ -98.227286, 29.547066 ], [ -98.227186, 29.54726 ], [ -98.227094, 29.547606 ], [ -98.227046, 29.547968 ], [ -98.226998, 29.548418 ], [ -98.22691, 29.548686 ], [ -98.226812, 29.54883 ], [ -98.226894, 29.547512 ] ] ], [ [ [ -98.236632, 29.555899 ], [ -98.237752, 29.55608 ], [ -98.23829, 29.556321 ], [ -98.238055, 29.55627 ], [ -98.237094, 29.556064 ], [ -98.236686, 29.55596 ], [ -98.23611, 29.55575 ], [ -98.235756, 29.555577 ], [ -98.236632, 29.555899 ] ] ], [ [ [ -98.241188, 29.556486 ], [ -98.242032, 29.556802 ], [ -98.241006, 29.556728 ], [ -98.239717, 29.556556 ], [ -98.241188, 29.556486 ] ] ], [ [ [ -98.244995, 29.556605 ], [ -98.245479, 29.556302 ], [ -98.246183, 29.556049 ], [ -98.246885, 29.555967 ], [ -98.246791, 29.55602 ], [ -98.245887, 29.55646 ], [ -98.245727, 29.556552 ], [ -98.245439, 29.556626 ], [ -98.244639, 29.556776 ], [ -98.244194, 29.556803 ], [ -98.244995, 29.556605 ] ] ], [ [ [ -98.248906, 29.551751 ], [ -98.248937, 29.551399 ], [ -98.249553, 29.550695 ], [ -98.250173, 29.550282 ], [ -98.250281, 29.550238 ], [ -98.250151, 29.550354 ], [ -98.249831, 29.550746 ], [ -98.249415, 29.551218 ], [ -98.249207, 29.551518 ], [ -98.248991, 29.551904 ], [ -98.248963, 29.552042 ], [ -98.248906, 29.551751 ] ] ], [ [ [ -98.255369, 29.552337 ], [ -98.255033, 29.552548 ], [ -98.255039, 29.552498 ], [ -98.255299, 29.552199 ], [ -98.255369, 29.552337 ] ] ], [ [ [ -98.259305, 29.553062 ], [ -98.259628, 29.552455 ], [ -98.259383, 29.553342 ], [ -98.259146, 29.55391 ], [ -98.259305, 29.553062 ] ] ], [ [ [ -98.259748, 29.551706 ], [ -98.259698, 29.550925 ], [ -98.259799, 29.550446 ], [ -98.260083, 29.550166 ], [ -98.260127, 29.549818 ], [ -98.259882, 29.549401 ], [ -98.259821, 29.548588 ], [ -98.259593, 29.54825 ], [ -98.259378, 29.547492 ], [ -98.258977, 29.54687 ], [ -98.257814, 29.545719 ], [ -98.257682, 29.54567 ], [ -98.257285, 29.545775 ], [ -98.256147, 29.545356 ], [ -98.25516, 29.544684 ], [ -98.254064, 29.544315 ], [ -98.253266, 29.543528 ], [ -98.252995, 29.54317 ], [ -98.252964, 29.542989 ], [ -98.253072, 29.542582 ], [ -98.253783, 29.541114 ], [ -98.254444, 29.540657 ], [ -98.254671, 29.540568 ], [ -98.254407, 29.540806 ], [ -98.254159, 29.541374 ], [ -98.254039, 29.541918 ], [ -98.253815, 29.542366 ], [ -98.253787, 29.54276 ], [ -98.253895, 29.543052 ], [ -98.254031, 29.543346 ], [ -98.254319, 29.543758 ], [ -98.254759, 29.54417 ], [ -98.255479, 29.544466 ], [ -98.256095, 29.5449 ], [ -98.257087, 29.54496 ], [ -98.257255, 29.544946 ], [ -98.257775, 29.545242 ], [ -98.258527, 29.545696 ], [ -98.258967, 29.546186 ], [ -98.259319, 29.546832 ], [ -98.259495, 29.547282 ], [ -98.259791, 29.547772 ], [ -98.259983, 29.548204 ], [ -98.260271, 29.548654 ], [ -98.260587, 29.54926 ], [ -98.260383, 29.549568 ], [ -98.260357, 29.5497 ], [ -98.260311, 29.54993 ], [ -98.260258, 29.550131 ], [ -98.260135, 29.550602 ], [ -98.260066, 29.550842 ], [ -98.259895, 29.55144 ], [ -98.259845, 29.551632 ], [ -98.259655, 29.552358 ], [ -98.259629, 29.552452 ], [ -98.259748, 29.551706 ] ] ], [ [ [ -98.283607, 29.55315 ], [ -98.284186, 29.55326 ], [ -98.285079, 29.554112 ], [ -98.285538, 29.554768 ], [ -98.285803, 29.555983 ], [ -98.285784, 29.556379 ], [ -98.285715, 29.556434 ], [ -98.284688, 29.55456 ], [ -98.284388, 29.55396 ], [ -98.2833, 29.553028 ], [ -98.283607, 29.55315 ] ] ], [ [ [ -98.295725, 29.561057 ], [ -98.296205, 29.560991 ], [ -98.295541, 29.561147 ], [ -98.295725, 29.561057 ] ] ], [ [ [ -98.296669, 29.560728 ], [ -98.296788, 29.560853 ], [ -98.29634, 29.560959 ], [ -98.296669, 29.560728 ] ] ], [ [ [ -98.297405, 29.560815 ], [ -98.297795, 29.560882 ], [ -98.297851, 29.560936 ], [ -98.297402, 29.560816 ], [ -98.297405, 29.560815 ] ] ], [ [ [ -98.298658, 29.564067 ], [ -98.299108, 29.565772 ], [ -98.29943, 29.566347 ], [ -98.299188, 29.566159 ], [ -98.298588, 29.564359 ], [ -98.298634, 29.564021 ], [ -98.298658, 29.564067 ] ] ], [ [ [ -98.302545, 29.569893 ], [ -98.302923, 29.571588 ], [ -98.302942, 29.571972 ], [ -98.302678, 29.573009 ], [ -98.302488, 29.570159 ], [ -98.302191, 29.569395 ], [ -98.302031, 29.568983 ], [ -98.302545, 29.569893 ] ] ] ] } },
{ "type": "Feature", "properties": { "OBJECTID_1": 26, "District": 26, "SENATOR": "José Menéndez", "WEBSITE": "https://senate.texas.gov/member.php?d=26", "Shape__Area": 5633154012.0019503, "Shape__Length": 693351.46125055302, "OBJECTID_2": 1, "ID": 1, "FIPSSTCO": "48029", "NAME": "Bexar County", "ICOMAPATTR": "x", "SHAPESTArea": 35025204908.119141, "SHAPESTLength": 923728.01036523399 }, "geometry": { "type": "Polygon", "coordinates": [ [ [ -98.449985, 29.366463 ], [ -98.455089, 29.366425 ], [ -98.45509, 29.368695 ], [ -98.460773, 29.368675 ], [ -98.461374, 29.37116 ], [ -98.46125, 29.375398 ], [ -98.47505, 29.375493 ], [ -98.475498, 29.375287 ], [ -98.481081, 29.384223 ], [ -98.483551, 29.383221 ], [ -98.482898, 29.381756 ], [ -98.484373, 29.381063 ], [ -98.484627, 29.380857 ], [ -98.484942, 29.380217 ], [ -98.485602, 29.379339 ], [ -98.486903, 29.379638 ], [ -98.487903, 29.380438 ], [ -98.489648, 29.380414 ], [ -98.489457, 29.379779 ], [ -98.490123, 29.379797 ], [ -98.490865, 29.380011 ], [ -98.494, 29.38182 ], [ -98.496087, 29.383252 ], [ -98.496892, 29.383027 ], [ -98.498126, 29.383029 ], [ -98.498127, 29.382199 ], [ -98.501675, 29.382199 ], [ -98.501249, 29.381194 ], [ -98.504264, 29.381175 ], [ -98.504253, 29.382427 ], [ -98.527524, 29.382295 ], [ -98.52721, 29.38265 ], [ -98.528299, 29.383308 ], [ -98.533407, 29.383771 ], [ -98.533672, 29.381604 ], [ -98.541955, 29.382334 ], [ -98.542089, 29.382618 ], [ -98.54267, 29.38317 ], [ -98.543702, 29.383616 ], [ -98.544078, 29.383656 ], [ -98.549047, 29.384094 ], [ -98.54994, 29.383951 ], [ -98.551103, 29.383451 ], [ -98.550507, 29.387393 ], [ -98.552759, 29.386339 ], [ -98.553411, 29.385889 ], [ -98.556798, 29.384438 ], [ -98.556905, 29.384616 ], [ -98.557441, 29.384743 ], [ -98.559557, 29.384982 ], [ -98.559616, 29.384233 ], [ -98.561523, 29.384417 ], [ -98.56136, 29.385622 ], [ -98.563302, 29.385855 ], [ -98.563082, 29.38697 ], [ -98.562862, 29.38902 ], [ -98.56257, 29.389154 ], [ -98.561005, 29.388966 ], [ -98.560886, 29.389511 ], [ -98.563795, 29.389702 ], [ -98.563621, 29.391146 ], [ -98.56344, 29.391273 ], [ -98.562713, 29.397056 ], [ -98.562393, 29.398762 ], [ -98.566701, 29.399148 ], [ -98.566899, 29.398751 ], [ -98.567786, 29.398736 ], [ -98.567739, 29.399069 ], [ -98.570456, 29.39933 ], [ -98.570952, 29.399035 ], [ -98.573594, 29.399289 ], [ -98.573515, 29.399917 ], [ -98.583988, 29.400956 ], [ -98.584393, 29.401296 ], [ -98.58472, 29.402118 ], [ -98.584264, 29.404545 ], [ -98.584247, 29.406968 ], [ -98.585892, 29.407023 ], [ -98.587831, 29.407254 ], [ -98.587828, 29.407758 ], [ -98.590118, 29.407853 ], [ -98.593244, 29.40783 ], [ -98.599649, 29.407477 ], [ -98.603615, 29.407131 ], [ -98.606517, 29.406648 ], [ -98.631702, 29.401813 ], [ -98.652861, 29.396523 ], [ -98.671374, 29.389198 ], [ -98.674164, 29.388298 ], [ -98.700948, 29.382026 ], [ -98.702553, 29.395392 ], [ -98.702847, 29.396886 ], [ -98.703472, 29.398333 ], [ -98.70863, 29.406192 ], [ -98.709118, 29.407202 ], [ -98.709557, 29.408794 ], [ -98.709606, 29.421191 ], [ -98.709899, 29.422853 ], [ -98.710931, 29.42558 ], [ -98.711166, 29.42752 ], [ -98.711157, 29.435669 ], [ -98.710433, 29.43568 ], [ -98.710714, 29.441537 ], [ -98.710244, 29.448044 ], [ -98.706927, 29.448055 ], [ -98.704291, 29.44849 ], [ -98.703312, 29.448413 ], [ -98.7023, 29.448192 ], [ -98.701527, 29.448182 ], [ -98.696266, 29.449072 ], [ -98.694566, 29.449259 ], [ -98.693034, 29.44926 ], [ -98.689321, 29.448908 ], [ -98.688254, 29.448887 ], [ -98.686702, 29.449219 ], [ -98.686096, 29.449484 ], [ -98.684983, 29.450169 ], [ -98.68371, 29.448892 ], [ -98.68288, 29.448276 ], [ -98.681023, 29.447289 ], [ -98.680016, 29.446928 ], [ -98.678971, 29.44666 ], [ -98.676817, 29.44642 ], [ -98.672138, 29.446566 ], [ -98.670546, 29.446405 ], [ -98.670362, 29.447341 ], [ -98.669996, 29.447934 ], [ -98.669273, 29.448773 ], [ -98.669069, 29.449246 ], [ -98.66847, 29.452262 ], [ -98.66848, 29.453969 ], [ -98.668771, 29.455304 ], [ -98.669351, 29.456635 ], [ -98.671741, 29.459891 ], [ -98.671016, 29.460336 ], [ -98.6697, 29.460841 ], [ -98.66894, 29.460979 ], [ -98.668129, 29.460959 ], [ -98.668024, 29.461493 ], [ -98.665283, 29.464157 ], [ -98.665126, 29.464128 ], [ -98.664746, 29.464435 ], [ -98.667041, 29.468908 ], [ -98.658439, 29.469566 ], [ -98.650682, 29.470034 ], [ -98.651409, 29.470984 ], [ -98.652672, 29.47293 ], [ -98.654092, 29.474735 ], [ -98.657788, 29.478295 ], [ -98.658097, 29.479065 ], [ -98.658114, 29.479544 ], [ -98.657995, 29.479872 ], [ -98.659835, 29.480777 ], [ -98.662552, 29.482693 ], [ -98.667844, 29.485109 ], [ -98.67083, 29.487044 ], [ -98.678895, 29.489604 ], [ -98.68227, 29.490505 ], [ -98.683431, 29.490699 ], [ -98.684334, 29.490724 ], [ -98.685376, 29.490625 ], [ -98.692359, 29.489399 ], [ -98.693056, 29.489369 ], [ -98.693924, 29.489477 ], [ -98.69485, 29.489778 ], [ -98.696929, 29.490914 ], [ -98.699548, 29.492035 ], [ -98.705372, 29.494295 ], [ -98.703189, 29.498467 ], [ -98.702587, 29.499975 ], [ -98.69839, 29.508276 ], [ -98.691179, 29.523011 ], [ -98.6907, 29.524211 ], [ -98.690322, 29.523887 ], [ -98.689836, 29.524584 ], [ -98.688964, 29.525533 ], [ -98.685834, 29.528598 ], [ -98.685265, 29.52933 ], [ -98.684684, 29.530297 ], [ -98.684199, 29.531592 ], [ -98.683518, 29.534511 ], [ -98.682771, 29.536472 ], [ -98.674262, 29.533245 ], [ -98.671886, 29.532031 ], [ -98.670785, 29.531734 ], [ -98.666172, 29.53168 ], [ -98.645273, 29.531761 ], [ -98.645054, 29.531888 ], [ -98.646218, 29.533325 ], [ -98.648057, 29.536171 ], [ -98.636579, 29.536228 ], [ -98.635887, 29.53636 ], [ -98.634024, 29.537509 ], [ -98.633055, 29.53829 ], [ -98.632217, 29.539456 ], [ -98.631921, 29.540562 ], [ -98.631455, 29.54098 ], [ -98.631606, 29.541483 ], [ -98.629989, 29.541519 ], [ -98.629145, 29.541827 ], [ -98.627088, 29.543726 ], [ -98.626141, 29.544465 ], [ -98.627735, 29.544461 ], [ -98.627634, 29.54484 ], [ -98.627382, 29.545115 ], [ -98.627117, 29.546232 ], [ -98.627243, 29.546573 ], [ -98.627564, 29.546815 ], [ -98.627669, 29.547106 ], [ -98.617291, 29.54711 ], [ -98.617288, 29.550018 ], [ -98.620167, 29.550029 ], [ -98.61995, 29.550601 ], [ -98.619582, 29.551119 ], [ -98.618907, 29.551699 ], [ -98.618347, 29.551984 ], [ -98.617389, 29.552205 ], [ -98.614952, 29.552222 ], [ -98.615018, 29.561404 ], [ -98.614894, 29.562349 ], [ -98.614702, 29.562843 ], [ -98.613219, 29.563001 ], [ -98.591612, 29.563097 ], [ -98.591134, 29.563196 ], [ -98.591926, 29.565632 ], [ -98.593911, 29.572506 ], [ -98.594448, 29.572584 ], [ -98.60972, 29.572388 ], [ -98.620341, 29.572355 ], [ -98.631523, 29.572064 ], [ -98.631934, 29.579469 ], [ -98.632291, 29.58099 ], [ -98.632141, 29.581641 ], [ -98.631476, 29.583203 ], [ -98.631556, 29.585757 ], [ -98.631149, 29.587245 ], [ -98.5986, 29.590916 ], [ -98.599848, 29.598689 ], [ -98.601446, 29.603844 ], [ -98.600121, 29.604163 ], [ -98.599664, 29.603235 ], [ -98.598929, 29.602308 ], [ -98.595775, 29.599689 ], [ -98.594262, 29.598619 ], [ -98.589724, 29.596025 ], [ -98.589041, 29.595493 ], [ -98.588505, 29.594787 ], [ -98.58815, 29.594043 ], [ -98.58798, 29.593451 ], [ -98.587864, 29.592165 ], [ -98.580424, 29.593059 ], [ -98.577403, 29.593719 ], [ -98.575085, 29.594543 ], [ -98.568943, 29.597352 ], [ -98.568758, 29.596814 ], [ -98.57008, 29.596238 ], [ -98.570082, 29.591959 ], [ -98.576421, 29.592078 ], [ -98.576694, 29.59205 ], [ -98.576452, 29.591718 ], [ -98.576886, 29.59174 ], [ -98.565628, 29.576375 ], [ -98.564682, 29.57701 ], [ -98.564404, 29.576681 ], [ -98.563955, 29.575909 ], [ -98.563652, 29.574689 ], [ -98.56367, 29.573945 ], [ -98.564109, 29.57166 ], [ -98.564007, 29.570783 ], [ -98.56372, 29.569962 ], [ -98.562908, 29.56887 ], [ -98.558224, 29.564484 ], [ -98.55414, 29.568574 ], [ -98.552622, 29.56994 ], [ -98.551488, 29.570773 ], [ -98.545904, 29.576394 ], [ -98.545316, 29.575689 ], [ -98.5408, 29.580232 ], [ -98.541035, 29.580463 ], [ -98.538465, 29.582946 ], [ -98.538, 29.582387 ], [ -98.534263, 29.584992 ], [ -98.530969, 29.586616 ], [ -98.530048, 29.587388 ], [ -98.529503, 29.588331 ], [ -98.527969, 29.593392 ], [ -98.526005, 29.592467 ], [ -98.524989, 29.591817 ], [ -98.52349, 29.59066 ], [ -98.522148, 29.589256 ], [ -98.521253, 29.587918 ], [ -98.520588, 29.586502 ], [ -98.520215, 29.585188 ], [ -98.519776, 29.582308 ], [ -98.519329, 29.581467 ], [ -98.518769, 29.580917 ], [ -98.517216, 29.579718 ], [ -98.516206, 29.579292 ], [ -98.515375, 29.579147 ], [ -98.513021, 29.579117 ], [ -98.511567, 29.578598 ], [ -98.51065, 29.57856 ], [ -98.510287, 29.578304 ], [ -98.509733, 29.578079 ], [ -98.509223, 29.578056 ], [ -98.508865, 29.577792 ], [ -98.508179, 29.576851 ], [ -98.508148, 29.576279 ], [ -98.508268, 29.575965 ], [ -98.508419, 29.575866 ], [ -98.508085, 29.575773 ], [ -98.507903, 29.575564 ], [ -98.507822, 29.575256 ], [ -98.507459, 29.575028 ], [ -98.507343, 29.574854 ], [ -98.506431, 29.574782 ], [ -98.50567, 29.57427 ], [ -98.505494, 29.573692 ], [ -98.504852, 29.573076 ], [ -98.504802, 29.572889 ], [ -98.504959, 29.572311 ], [ -98.505445, 29.571249 ], [ -98.506333, 29.569731 ], [ -98.507063, 29.569523 ], [ -98.508334, 29.569369 ], [ -98.508498, 29.569061 ], [ -98.508574, 29.568219 ], [ -98.507854, 29.566148 ], [ -98.506615, 29.565647 ], [ -98.506143, 29.564727 ], [ -98.504053, 29.562987 ], [ -98.50391, 29.559349 ], [ -98.503369, 29.558617 ], [ -98.50186, 29.557378 ], [ -98.501425, 29.557257 ], [ -98.499811, 29.557202 ], [ -98.498113, 29.556992 ], [ -98.486763, 29.568219 ], [ -98.480254, 29.563245 ], [ -98.480613, 29.562807 ], [ -98.48115, 29.561298 ], [ -98.481523, 29.56087 ], [ -98.482092, 29.560662 ], [ -98.482544, 29.560677 ], [ -98.48307, 29.560851 ], [ -98.483742, 29.560869 ], [ -98.485623, 29.555696 ], [ -98.488463, 29.549135 ], [ -98.488298, 29.549003 ], [ -98.49009, 29.544928 ], [ -98.490305, 29.544968 ], [ -98.491862, 29.54146 ], [ -98.493675, 29.538119 ], [ -98.493852, 29.538185 ], [ -98.494434, 29.537048 ], [ -98.495326, 29.535043 ], [ -98.49508, 29.534957 ], [ -98.495939, 29.532875 ], [ -98.49517, 29.53259 ], [ -98.494601, 29.532171 ], [ -98.491357, 29.535364 ], [ -98.490585, 29.534796 ], [ -98.489265, 29.533543 ], [ -98.489902, 29.53297 ], [ -98.488969, 29.532192 ], [ -98.488893, 29.532262 ], [ -98.486954, 29.530679 ], [ -98.488233, 29.529481 ], [ -98.488503, 29.529017 ], [ -98.488515, 29.526032 ], [ -98.488143, 29.526028 ], [ -98.488164, 29.525167 ], [ -98.485026, 29.525149 ], [ -98.484092, 29.520442 ], [ -98.480011, 29.520382 ], [ -98.47802, 29.520214 ], [ -98.475885, 29.519815 ], [ -98.469303, 29.518323 ], [ -98.469813, 29.517779 ], [ -98.470053, 29.517644 ], [ -98.469597, 29.517634 ], [ -98.469076, 29.518274 ], [ -98.467776, 29.517992 ], [ -98.465388, 29.517256 ], [ -98.464269, 29.516997 ], [ -98.465373, 29.515091 ], [ -98.465994, 29.513653 ], [ -98.46619, 29.512142 ], [ -98.466212, 29.507242 ], [ -98.4709, 29.50726 ], [ -98.477039, 29.507732 ], [ -98.481627, 29.499516 ], [ -98.481956, 29.500707 ], [ -98.483898, 29.497436 ], [ -98.484239, 29.496681 ], [ -98.484359, 29.496068 ], [ -98.484233, 29.494783 ], [ -98.492222, 29.480336 ], [ -98.492278, 29.468217 ], [ -98.47674, 29.468154 ], [ -98.476719, 29.469788 ], [ -98.477187, 29.470595 ], [ -98.474171, 29.473516 ], [ -98.472846, 29.472584 ], [ -98.471836, 29.472148 ], [ -98.471019, 29.471477 ], [ -98.469813, 29.470224 ], [ -98.469362, 29.470224 ], [ -98.469197, 29.470146 ], [ -98.468853, 29.469617 ], [ -98.468838, 29.469157 ], [ -98.46756, 29.468417 ], [ -98.463635, 29.468206 ], [ -98.449871, 29.468208 ], [ -98.449509, 29.468268 ], [ -98.448613, 29.468621 ], [ -98.444977, 29.468641 ], [ -98.44458, 29.468694 ], [ -98.443965, 29.469085 ], [ -98.442786, 29.470088 ], [ -98.442367, 29.47015 ], [ -98.440383, 29.469992 ], [ -98.438302, 29.470786 ], [ -98.437619, 29.471136 ], [ -98.432894, 29.47963 ], [ -98.431281, 29.482699 ], [ -98.430382, 29.484759 ], [ -98.431202, 29.484677 ], [ -98.442198, 29.484657 ], [ -98.442155, 29.489792 ], [ -98.433585, 29.493815 ], [ -98.431569, 29.490553 ], [ -98.429328, 29.491617 ], [ -98.429068, 29.492 ], [ -98.428978, 29.492571 ], [ -98.430504, 29.495247 ], [ -98.426534, 29.497091 ], [ -98.425364, 29.497731 ], [ -98.421186, 29.50037 ], [ -98.420786, 29.501402 ], [ -98.42032, 29.502034 ], [ -98.418496, 29.503409 ], [ -98.41703, 29.505032 ], [ -98.416187, 29.505461 ], [ -98.41537, 29.506347 ], [ -98.415363, 29.50688 ], [ -98.415917, 29.507629 ], [ -98.415841, 29.507964 ], [ -98.416011, 29.508344 ], [ -98.41591, 29.508828 ], [ -98.415186, 29.509917 ], [ -98.415381, 29.510288 ], [ -98.416259, 29.510278 ], [ -98.416048, 29.511326 ], [ -98.416934, 29.513802 ], [ -98.417211, 29.515232 ], [ -98.4175, 29.515584 ], [ -98.417744, 29.516117 ], [ -98.411074, 29.516075 ], [ -98.410934, 29.518443 ], [ -98.41106, 29.531323 ], [ -98.412543, 29.531565 ], [ -98.414449, 29.532405 ], [ -98.415755, 29.533098 ], [ -98.416794, 29.533996 ], [ -98.419311, 29.536831 ], [ -98.422455, 29.539537 ], [ -98.417358, 29.544615 ], [ -98.416483, 29.54481 ], [ -98.408124, 29.550406 ], [ -98.407903, 29.550775 ], [ -98.407379, 29.550525 ], [ -98.406396, 29.551541 ], [ -98.401528, 29.554926 ], [ -98.373944, 29.57714 ], [ -98.370147, 29.579959 ], [ -98.357102, 29.589051 ], [ -98.35571, 29.589875 ], [ -98.351954, 29.59174 ], [ -98.344795, 29.581223 ], [ -98.34449, 29.582596 ], [ -98.344073, 29.583507 ], [ -98.343186, 29.584658 ], [ -98.341759, 29.58578 ], [ -98.338383, 29.580708 ], [ -98.344269, 29.577724 ], [ -98.344627, 29.57747 ], [ -98.345192, 29.576738 ], [ -98.345573, 29.574913 ], [ -98.346323, 29.573356 ], [ -98.347229, 29.572372 ], [ -98.348063, 29.57175 ], [ -98.349168, 29.571198 ], [ -98.349877, 29.57099 ], [ -98.353243, 29.570361 ], [ -98.356436, 29.56989 ], [ -98.352771, 29.564399 ], [ -98.352418, 29.563495 ], [ -98.351967, 29.561341 ], [ -98.351699, 29.56074 ], [ -98.349708, 29.557534 ], [ -98.34886, 29.555877 ], [ -98.347675, 29.554163 ], [ -98.346301, 29.552497 ], [ -98.346106, 29.551938 ], [ -98.346272, 29.551316 ], [ -98.345498, 29.550934 ], [ -98.34492, 29.550297 ], [ -98.33715, 29.53864 ], [ -98.336468, 29.537896 ], [ -98.335484, 29.537385 ], [ -98.33295, 29.5369 ], [ -98.332226, 29.536657 ], [ -98.331681, 29.536359 ], [ -98.329972, 29.537952 ], [ -98.325968, 29.535618 ], [ -98.324187, 29.533196 ], [ -98.32296, 29.532445 ], [ -98.322363, 29.532773 ], [ -98.320635, 29.532462 ], [ -98.319944, 29.532412 ], [ -98.319213, 29.532545 ], [ -98.318843, 29.532346 ], [ -98.318484, 29.531934 ], [ -98.317446, 29.531879 ], [ -98.316955, 29.53167 ], [ -98.316804, 29.531499 ], [ -98.316697, 29.531098 ], [ -98.316401, 29.530872 ], [ -98.316068, 29.530872 ], [ -98.315577, 29.531097 ], [ -98.314779, 29.53183 ], [ -98.313633, 29.531642 ], [ -98.313878, 29.531483 ], [ -98.313936, 29.531324 ], [ -98.313577, 29.5308 ], [ -98.31359, 29.530651 ], [ -98.313363, 29.530432 ], [ -98.313709, 29.529976 ], [ -98.314061, 29.528573 ], [ -98.31476, 29.527428 ], [ -98.315749, 29.526411 ], [ -98.316069, 29.526204 ], [ -98.318787, 29.525019 ], [ -98.316269, 29.522126 ], [ -98.315519, 29.523086 ], [ -98.314835, 29.522733 ], [ -98.314251, 29.522304 ], [ -98.31369, 29.521683 ], [ -98.313322, 29.521501 ], [ -98.312377, 29.523026 ], [ -98.31245, 29.522851 ], [ -98.31228, 29.522703 ], [ -98.31213, 29.522323 ], [ -98.312388, 29.521883 ], [ -98.312426, 29.521635 ], [ -98.311387, 29.521184 ], [ -98.310632, 29.5219 ], [ -98.310287, 29.522064 ], [ -98.310047, 29.522058 ], [ -98.309953, 29.521756 ], [ -98.30957, 29.521481 ], [ -98.30901, 29.519979 ], [ -98.308814, 29.519891 ], [ -98.308034, 29.519853 ], [ -98.308379, 29.51395 ], [ -98.308186, 29.510732 ], [ -98.308296, 29.509449 ], [ -98.306902, 29.507299 ], [ -98.306051, 29.506257 ], [ -98.304708, 29.506819 ], [ -98.304341, 29.506309 ], [ -98.303034, 29.505984 ], [ -98.303625, 29.504142 ], [ -98.303514, 29.503363 ], [ -98.304017, 29.501794 ], [ -98.302985, 29.501534 ], [ -98.303352, 29.50005 ], [ -98.306205, 29.50076 ], [ -98.30573, 29.502219 ], [ -98.306102, 29.50228 ], [ -98.306374, 29.502219 ], [ -98.306699, 29.501948 ], [ -98.307049, 29.500937 ], [ -98.30881, 29.501375 ], [ -98.309468, 29.499329 ], [ -98.309255, 29.498967 ], [ -98.30879, 29.498592 ], [ -98.308388, 29.498796 ], [ -98.307394, 29.498521 ], [ -98.306897, 29.498213 ], [ -98.30652, 29.497778 ], [ -98.305677, 29.498163 ], [ -98.305457, 29.498169 ], [ -98.304797, 29.497475 ], [ -98.304923, 29.497266 ], [ -98.305438, 29.497046 ], [ -98.305904, 29.496656 ], [ -98.306287, 29.496557 ], [ -98.306457, 29.496315 ], [ -98.306388, 29.49588 ], [ -98.306237, 29.49566 ], [ -98.305747, 29.495517 ], [ -98.304723, 29.495472 ], [ -98.305911, 29.491893 ], [ -98.306758, 29.490896 ], [ -98.302218, 29.489756 ], [ -98.302977, 29.487506 ], [ -98.298872, 29.486482 ], [ -98.299268, 29.485255 ], [ -98.310681, 29.488104 ], [ -98.310289, 29.489357 ], [ -98.310208, 29.489927 ], [ -98.311185, 29.48997 ], [ -98.312156, 29.490225 ], [ -98.31267, 29.489693 ], [ -98.313842, 29.489114 ], [ -98.314344, 29.488721 ], [ -98.314749, 29.488906 ], [ -98.315531, 29.489035 ], [ -98.318352, 29.490034 ], [ -98.319612, 29.490345 ], [ -98.320027, 29.490528 ], [ -98.320292, 29.490765 ], [ -98.320698, 29.490461 ], [ -98.321137, 29.489884 ], [ -98.32166, 29.490098 ], [ -98.322245, 29.490176 ], [ -98.325261, 29.490111 ], [ -98.325906, 29.490273 ], [ -98.327261, 29.490941 ], [ -98.329458, 29.491305 ], [ -98.3301, 29.49154 ], [ -98.330753, 29.492071 ], [ -98.331451, 29.493082 ], [ -98.338238, 29.489583 ], [ -98.342947, 29.486981 ], [ -98.34512, 29.486163 ], [ -98.347252, 29.485732 ], [ -98.347156, 29.484391 ], [ -98.347329, 29.482745 ], [ -98.348462, 29.479524 ], [ -98.348521, 29.478938 ], [ -98.348369, 29.478351 ], [ -98.348026, 29.477842 ], [ -98.346941, 29.477047 ], [ -98.346445, 29.476489 ], [ -98.345754, 29.475091 ], [ -98.345662, 29.474061 ], [ -98.345964, 29.47296 ], [ -98.346485, 29.472221 ], [ -98.347364, 29.471511 ], [ -98.346987, 29.471105 ], [ -98.346638, 29.471214 ], [ -98.346261, 29.47112 ], [ -98.345568, 29.471122 ], [ -98.345334, 29.470989 ], [ -98.345129, 29.470635 ], [ -98.344342, 29.467949 ], [ -98.344908, 29.467889 ], [ -98.345969, 29.467526 ], [ -98.345772, 29.467045 ], [ -98.34754, 29.466456 ], [ -98.359408, 29.46306 ], [ -98.35943, 29.472412 ], [ -98.363593, 29.47243 ], [ -98.363967, 29.472562 ], [ -98.365327, 29.47353 ], [ -98.365791, 29.473722 ], [ -98.365531, 29.474302 ], [ -98.365521, 29.475694 ], [ -98.365087, 29.47599 ], [ -98.365742, 29.476576 ], [ -98.367267, 29.475885 ], [ -98.367336, 29.476263 ], [ -98.367866, 29.477175 ], [ -98.370141, 29.47624 ], [ -98.373001, 29.475469 ], [ -98.373051, 29.475171 ], [ -98.373197, 29.475037 ], [ -98.37528, 29.47413 ], [ -98.376213, 29.473767 ], [ -98.378081, 29.473343 ], [ -98.378802, 29.473093 ], [ -98.380277, 29.471743 ], [ -98.381225, 29.471035 ], [ -98.381212, 29.474521 ], [ -98.382458, 29.474053 ], [ -98.383614, 29.473432 ], [ -98.403705, 29.459945 ], [ -98.404051, 29.459731 ], [ -98.40405, 29.46009 ], [ -98.411949, 29.454863 ], [ -98.412997, 29.455506 ], [ -98.413822, 29.455632 ], [ -98.413244, 29.456436 ], [ -98.415598, 29.456488 ], [ -98.428037, 29.456406 ], [ -98.429336, 29.455664 ], [ -98.430277, 29.454989 ], [ -98.434006, 29.451133 ], [ -98.435138, 29.449657 ], [ -98.441141, 29.440895 ], [ -98.441776, 29.439729 ], [ -98.442037, 29.439649 ], [ -98.443582, 29.437505 ], [ -98.44362, 29.437269 ], [ -98.444197, 29.436713 ], [ -98.446627, 29.435761 ], [ -98.447725, 29.43556 ], [ -98.454016, 29.43603 ], [ -98.45454, 29.436246 ], [ -98.455519, 29.436069 ], [ -98.457202, 29.435937 ], [ -98.46097, 29.436235 ], [ -98.461049, 29.429405 ], [ -98.462559, 29.429403 ], [ -98.46256, 29.428976 ], [ -98.464057, 29.428968 ], [ -98.464061, 29.429403 ], [ -98.465664, 29.42939 ], [ -98.46566, 29.428968 ], [ -98.47026, 29.428956 ], [ -98.470259, 29.427583 ], [ -98.468733, 29.427585 ], [ -98.468733, 29.426861 ], [ -98.468017, 29.426861 ], [ -98.468017, 29.42506 ], [ -98.471783, 29.42507 ], [ -98.471784, 29.427575 ], [ -98.474751, 29.427575 ], [ -98.474747, 29.426332 ], [ -98.477558, 29.426325 ], [ -98.479207, 29.426366 ], [ -98.479208, 29.426935 ], [ -98.480627, 29.426935 ], [ -98.48062, 29.427622 ], [ -98.481737, 29.427644 ], [ -98.481676, 29.424931 ], [ -98.480864, 29.422216 ], [ -98.473254, 29.420488 ], [ -98.473259, 29.40939 ], [ -98.471776, 29.409398 ], [ -98.471774, 29.408745 ], [ -98.465389, 29.408718 ], [ -98.465393, 29.409154 ], [ -98.46125, 29.409164 ], [ -98.461247, 29.413394 ], [ -98.443099, 29.413383 ], [ -98.443111, 29.409427 ], [ -98.443268, 29.408397 ], [ -98.44362, 29.407401 ], [ -98.444475, 29.406946 ], [ -98.445388, 29.405691 ], [ -98.446402, 29.404721 ], [ -98.446678, 29.404313 ], [ -98.447561, 29.403571 ], [ -98.448447, 29.403131 ], [ -98.448424, 29.402853 ], [ -98.449287, 29.4026 ], [ -98.449932, 29.402537 ], [ -98.452381, 29.402521 ], [ -98.452375, 29.400569 ], [ -98.448541, 29.400569 ], [ -98.448386, 29.400411 ], [ -98.448243, 29.366292 ], [ -98.44902, 29.366164 ], [ -98.449985, 29.366463 ] ] ] } }
]
}
